path,line,match,context
code/Q1_R03_nine_state_heterogeneous_source_utility_asset_v1_fix2.py,59,"R02_DIR = ROOT / ""outputs"" / ""Q1_R02_segformer_b0_three_seed_source_training_v1_fix7""","L57:DATA_ROOT = ROOT / ""data"" / ""processed"" / ""S00_polyp_locked_v1"" || L58: || L59:R02_DIR = ROOT / ""outputs"" / ""Q1_R02_segformer_b0_three_seed_source_training_v1_fix7"" || L60:R02_LOCK = R02_DIR / ""Q1_R02_SEGFORMER_SOURCE_TRAINING_LOCK.json"" || L61:EXPECTED_R02_LOCK_SHA256 = ("
code/Q1_R03_nine_state_heterogeneous_source_utility_asset_v1_fix2.py,60,"R02_LOCK = R02_DIR / ""Q1_R02_SEGFORMER_SOURCE_TRAINING_LOCK.json""","L58: || L59:R02_DIR = ROOT / ""outputs"" / ""Q1_R02_segformer_b0_three_seed_source_training_v1_fix7"" || L60:R02_LOCK = R02_DIR / ""Q1_R02_SEGFORMER_SOURCE_TRAINING_LOCK.json"" || L61:EXPECTED_R02_LOCK_SHA256 = ( || L62:""42d27708b95211491df5c920a83a5223f7d6f3ee22cf1ff673609e6ec8b956a0"""
code/Q1_R03_nine_state_heterogeneous_source_utility_asset_v1_fix2.py,64,"EXPECTED_R02_DECISION = ""SEGFORMER_B0_THREE_STATE_PANEL_READY""","L62:""42d27708b95211491df5c920a83a5223f7d6f3ee22cf1ff673609e6ec8b956a0"" || L63:) || L64:EXPECTED_R02_DECISION = ""SEGFORMER_B0_THREE_STATE_PANEL_READY"" || L65: || L66:Q1_S00A_DIR = ROOT / ""outputs"" / ""Q1_S00A_iae_pre_adaptation_gradient_probe_v1"""
code/Q1_R03_nine_state_heterogeneous_source_utility_asset_v1_fix2.py,106,IMAGE_SIZE = 352,"L104:SOURCE_VAL_N = 145 || L105:N_FOLDS = 5 || L106:IMAGE_SIZE = 352 || L107:A1_ACTION = ""A1_TENT_1STEP"" || L108:TENT_LR = 1e-3"
code/Q1_R03_nine_state_heterogeneous_source_utility_asset_v1_fix2.py,115,"SEGFORMER_SEEDS = (20260820, 20260821, 20260822)","L113:PRANET_SEEDS = (20260817, 20260818, 20260819) || L114:DEEPLAB_SEEDS = (20260817, 20260818, 20260819) || L115:SEGFORMER_SEEDS = (20260820, 20260821, 20260822) || L116: || L117:PERTURBATIONS = ("
code/Q1_R03_nine_state_heterogeneous_source_utility_asset_v1_fix2.py,139,"""source_entropy_mean"",","L137: || L138:SOURCE_FEATURE_NAMES = [ || L139:""source_entropy_mean"", || L140:""source_entropy_std"", || L141:""source_entropy_q10"","
code/Q1_R03_nine_state_heterogeneous_source_utility_asset_v1_fix2.py,140,"""source_entropy_std"",","L138:SOURCE_FEATURE_NAMES = [ || L139:""source_entropy_mean"", || L140:""source_entropy_std"", || L141:""source_entropy_q10"", || L142:""source_entropy_q50"","
code/Q1_R03_nine_state_heterogeneous_source_utility_asset_v1_fix2.py,144,"""source_prob_mean"",","L142:""source_entropy_q50"", || L143:""source_entropy_q90"", || L144:""source_prob_mean"", || L145:""source_prob_std"", || L146:""source_prob_q10"","
code/Q1_R03_nine_state_heterogeneous_source_utility_asset_v1_fix2.py,145,"""source_prob_std"",","L143:""source_entropy_q90"", || L144:""source_prob_mean"", || L145:""source_prob_std"", || L146:""source_prob_q10"", || L147:""source_prob_q50"","
code/Q1_R03_nine_state_heterogeneous_source_utility_asset_v1_fix2.py,149,"""source_confidence_mean"",","L147:""source_prob_q50"", || L148:""source_prob_q90"", || L149:""source_confidence_mean"", || L150:""source_confidence_std"", || L151:""source_fg_fraction"","
code/Q1_R03_nine_state_heterogeneous_source_utility_asset_v1_fix2.py,150,"""source_confidence_std"",","L148:""source_prob_q90"", || L149:""source_confidence_mean"", || L150:""source_confidence_std"", || L151:""source_fg_fraction"", || L152:""source_boundary_density"","
code/Q1_R03_nine_state_heterogeneous_source_utility_asset_v1_fix2.py,155,"""source_logit_abs_mean"",","L153:""source_uncertain_fraction_040_060"", || L154:""source_high_entropy_fraction_050"", || L155:""source_logit_abs_mean"", || L156:""source_logit_abs_std"", || L157:""tent_preupdate_entropy_loss"","
code/Q1_R03_nine_state_heterogeneous_source_utility_asset_v1_fix2.py,156,"""source_logit_abs_std"",","L154:""source_high_entropy_fraction_050"", || L155:""source_logit_abs_mean"", || L156:""source_logit_abs_std"", || L157:""tent_preupdate_entropy_loss"", || L158:]"
code/Q1_R03_nine_state_heterogeneous_source_utility_asset_v1_fix2.py,196,SEGFORMER_CHECKPOINTS = {,"L194:} || L195: || L196:SEGFORMER_CHECKPOINTS = { || L197:20260820: ( || L198:R02_DIR / ""seed_20260820"" / ""best_model_state.pt"","
code/Q1_R03_nine_state_heterogeneous_source_utility_asset_v1_fix2.py,306,def stable_sigmoid(z):,"L304: || L305: || L306:def stable_sigmoid(z): || L307:z = np.asarray(z, dtype=np.float64) || L308:p = np.empty_like(z)"
code/Q1_R03_nine_state_heterogeneous_source_utility_asset_v1_fix2.py,321,p = stable_sigmoid(z),"L319:raise RuntimeError(f""Invalid source logit: shape={z.shape}"") || L320: || L321:p = stable_sigmoid(z) || L322:ent = binary_entropy_from_probability(p) || L323:conf = np.maximum(p, 1.0 - p)"
code/Q1_R03_nine_state_heterogeneous_source_utility_asset_v1_fix2.py,327,"""source_entropy_mean"": float(np.mean(ent)),","L325: || L326:feat = { || L327:""source_entropy_mean"": float(np.mean(ent)), || L328:""source_entropy_std"": float(np.std(ent)), || L329:""source_entropy_q10"": float(np.quantile(ent, 0.10)),"
code/Q1_R03_nine_state_heterogeneous_source_utility_asset_v1_fix2.py,328,"""source_entropy_std"": float(np.std(ent)),","L326:feat = { || L327:""source_entropy_mean"": float(np.mean(ent)), || L328:""source_entropy_std"": float(np.std(ent)), || L329:""source_entropy_q10"": float(np.quantile(ent, 0.10)), || L330:""source_entropy_q50"": float(np.quantile(ent, 0.50)),"
code/Q1_R03_nine_state_heterogeneous_source_utility_asset_v1_fix2.py,332,"""source_prob_mean"": float(np.mean(p)),","L330:""source_entropy_q50"": float(np.quantile(ent, 0.50)), || L331:""source_entropy_q90"": float(np.quantile(ent, 0.90)), || L332:""source_prob_mean"": float(np.mean(p)), || L333:""source_prob_std"": float(np.std(p)), || L334:""source_prob_q10"": float(np.quantile(p, 0.10)),"
code/Q1_R03_nine_state_heterogeneous_source_utility_asset_v1_fix2.py,333,"""source_prob_std"": float(np.std(p)),","L331:""source_entropy_q90"": float(np.quantile(ent, 0.90)), || L332:""source_prob_mean"": float(np.mean(p)), || L333:""source_prob_std"": float(np.std(p)), || L334:""source_prob_q10"": float(np.quantile(p, 0.10)), || L335:""source_prob_q50"": float(np.quantile(p, 0.50)),"
code/Q1_R03_nine_state_heterogeneous_source_utility_asset_v1_fix2.py,337,"""source_confidence_mean"": float(np.mean(conf)),","L335:""source_prob_q50"": float(np.quantile(p, 0.50)), || L336:""source_prob_q90"": float(np.quantile(p, 0.90)), || L337:""source_confidence_mean"": float(np.mean(conf)), || L338:""source_confidence_std"": float(np.std(conf)), || L339:""source_fg_fraction"": float(np.mean(mask)),"
code/Q1_R03_nine_state_heterogeneous_source_utility_asset_v1_fix2.py,338,"""source_confidence_std"": float(np.std(conf)),","L336:""source_prob_q90"": float(np.quantile(p, 0.90)), || L337:""source_confidence_mean"": float(np.mean(conf)), || L338:""source_confidence_std"": float(np.std(conf)), || L339:""source_fg_fraction"": float(np.mean(mask)), || L340:""source_boundary_density"": boundary_density(mask),"
code/Q1_R03_nine_state_heterogeneous_source_utility_asset_v1_fix2.py,339,"""source_fg_fraction"": float(np.mean(mask)),","L337:""source_confidence_mean"": float(np.mean(conf)), || L338:""source_confidence_std"": float(np.std(conf)), || L339:""source_fg_fraction"": float(np.mean(mask)), || L340:""source_boundary_density"": boundary_density(mask), || L341:""source_uncertain_fraction_040_060"": float("
code/Q1_R03_nine_state_heterogeneous_source_utility_asset_v1_fix2.py,342,np.mean((p >= 0.40) & (p <= 0.60)),"L340:""source_boundary_density"": boundary_density(mask), || L341:""source_uncertain_fraction_040_060"": float( || L342:np.mean((p >= 0.40) & (p <= 0.60)) || L343:), || L344:""source_high_entropy_fraction_050"": float(np.mean(ent >= 0.50)),"
code/Q1_R03_nine_state_heterogeneous_source_utility_asset_v1_fix2.py,344,"""source_high_entropy_fraction_050"": float(np.mean(ent >= 0.50)),","L342:np.mean((p >= 0.40) & (p <= 0.60)) || L343:), || L344:""source_high_entropy_fraction_050"": float(np.mean(ent >= 0.50)), || L345:""source_logit_abs_mean"": float(np.mean(np.abs(z))), || L346:""source_logit_abs_std"": float(np.std(np.abs(z))),"
code/Q1_R03_nine_state_heterogeneous_source_utility_asset_v1_fix2.py,345,"""source_logit_abs_mean"": float(np.mean(np.abs(z))),","L343:), || L344:""source_high_entropy_fraction_050"": float(np.mean(ent >= 0.50)), || L345:""source_logit_abs_mean"": float(np.mean(np.abs(z))), || L346:""source_logit_abs_std"": float(np.std(np.abs(z))), || L347:""tent_preupdate_entropy_loss"": float(tent_loss),"
code/Q1_R03_nine_state_heterogeneous_source_utility_asset_v1_fix2.py,346,"""source_logit_abs_std"": float(np.std(np.abs(z))),","L344:""source_high_entropy_fraction_050"": float(np.mean(ent >= 0.50)), || L345:""source_logit_abs_mean"": float(np.mean(np.abs(z))), || L346:""source_logit_abs_std"": float(np.std(np.abs(z))), || L347:""tent_preupdate_entropy_loss"": float(tent_loss), || L348:}"
code/Q1_R03_nine_state_heterogeneous_source_utility_asset_v1_fix2.py,443,"(""SegFormer-B0"", SEGFORMER_CHECKPOINTS),","L441:(""PraNet"", PRANET_CHECKPOINTS), || L442:(""DeepLabV3-R50"", DEEPLAB_CHECKPOINTS), || L443:(""SegFormer-B0"", SEGFORMER_CHECKPOINTS), || L444:): || L445:for seed, (path, sha) in mapping.items():"
code/Q1_R03_nine_state_heterogeneous_source_utility_asset_v1_fix2.py,834,"z = training.deeplab_logits(model, x).detach()","L832:) || L833:with torch.no_grad(): || L834:z = training.deeplab_logits(model, x).detach() || L835:z_np = z[0, 0].float().cpu().numpy() || L836:"
code/Q1_R03_nine_state_heterogeneous_source_utility_asset_v1_fix2.py,898,# SegFormer one-step normalization-affine TENT,L896: || L897:# --------------------------------------------------------------------- || L898:# SegFormer one-step normalization-affine TENT || L899:# --------------------------------------------------------------------- || L900:
code/Q1_R03_nine_state_heterogeneous_source_utility_asset_v1_fix2.py,901,"def segformer_tensor(image, mean, std, torch):","L899:# --------------------------------------------------------------------- || L900: || L901:def segformer_tensor(image, mean, std, torch): || L902:resized = image.convert(""RGB"").resize( || L903:(IMAGE_SIZE, IMAGE_SIZE),"
code/Q1_R03_nine_state_heterogeneous_source_utility_asset_v1_fix2.py,902,"resized = image.convert(""RGB"").resize(","L900: || L901:def segformer_tensor(image, mean, std, torch): || L902:resized = image.convert(""RGB"").resize( || L903:(IMAGE_SIZE, IMAGE_SIZE), || L904:resample=Image.Resampling.BILINEAR,"
code/Q1_R03_nine_state_heterogeneous_source_utility_asset_v1_fix2.py,906,"arr = np.asarray(resized, dtype=np.float32) / 255.0","L904:resample=Image.Resampling.BILINEAR, || L905:) || L906:arr = np.asarray(resized, dtype=np.float32) / 255.0 || L907:arr = (arr - mean[None, None, :]) / std[None, None, :] || L908:arr = np.transpose(arr, (2, 0, 1)).copy()"
code/Q1_R03_nine_state_heterogeneous_source_utility_asset_v1_fix2.py,907,"arr = (arr - mean[None, None, :]) / std[None, None, :]","L905:) || L906:arr = np.asarray(resized, dtype=np.float32) / 255.0 || L907:arr = (arr - mean[None, None, :]) / std[None, None, :] || L908:arr = np.transpose(arr, (2, 0, 1)).copy() || L909:return torch.from_numpy(arr).unsqueeze(0)"
code/Q1_R03_nine_state_heterogeneous_source_utility_asset_v1_fix2.py,922,"def dice_from_z352(z, gt, torch, F):","L920: || L921: || L922:def dice_from_z352(z, gt, torch, F): || L923:t = torch.from_numpy(np.asarray(z, dtype=np.float32))[None, None] || L924:up = F.interpolate("
code/Q1_R03_nine_state_heterogeneous_source_utility_asset_v1_fix2.py,924,up = F.interpolate(,"L922:def dice_from_z352(z, gt, torch, F): || L923:t = torch.from_numpy(np.asarray(z, dtype=np.float32))[None, None] || L924:up = F.interpolate( || L925:t, || L926:size=tuple(gt.shape),"
code/Q1_R03_nine_state_heterogeneous_source_utility_asset_v1_fix2.py,939,"def configure_segformer_tent(model, nn):","L937: || L938: || L939:def configure_segformer_tent(model, nn): || L940:model.requires_grad_(False) || L941:params = []"
code/Q1_R03_nine_state_heterogeneous_source_utility_asset_v1_fix2.py,966,"raise RuntimeError(""INVALID_Q1_R03_SEGFORMER_TENT: no norm affine params"")","L964: || L965:if not params: || L966:raise RuntimeError(""INVALID_Q1_R03_SEGFORMER_TENT: no norm affine params"") || L967:if len(names) != len(set(names)): || L968:raise RuntimeError(""INVALID_Q1_R03_SEGFORMER_TENT: duplicate params"")"
code/Q1_R03_nine_state_heterogeneous_source_utility_asset_v1_fix2.py,968,"raise RuntimeError(""INVALID_Q1_R03_SEGFORMER_TENT: duplicate params"")","L966:raise RuntimeError(""INVALID_Q1_R03_SEGFORMER_TENT: no norm affine params"") || L967:if len(names) != len(set(names)): || L968:raise RuntimeError(""INVALID_Q1_R03_SEGFORMER_TENT: duplicate params"") || L969: || L970:return params, names, bn_modules, bn_original_track, dropout_modules, dropout_names"
code/Q1_R03_nine_state_heterogeneous_source_utility_asset_v1_fix2.py,984,def segformer_source_mode(,"L982: || L983: || L984:def segformer_source_mode( || L985:model, bn_modules, bn_original_track, dropout_modules || L986:):"
code/Q1_R03_nine_state_heterogeneous_source_utility_asset_v1_fix2.py,995,"def segformer_tent_mode(model, bn_modules, dropout_modules):","L993: || L994: || L995:def segformer_tent_mode(model, bn_modules, dropout_modules): || L996:model.train() || L997:for module in bn_modules:"
code/Q1_R03_nine_state_heterogeneous_source_utility_asset_v1_fix2.py,1004,"def segformer_logits_and_z(model, x, F):","L1002: || L1003: || L1004:def segformer_logits_and_z(model, x, F): || L1005:outputs = model(pixel_values=x) || L1006:logits = F.interpolate("
code/Q1_R03_nine_state_heterogeneous_source_utility_asset_v1_fix2.py,1005,outputs = model(pixel_values=x),"L1003: || L1004:def segformer_logits_and_z(model, x, F): || L1005:outputs = model(pixel_values=x) || L1006:logits = F.interpolate( || L1007:outputs.logits,"
code/Q1_R03_nine_state_heterogeneous_source_utility_asset_v1_fix2.py,1006,logits = F.interpolate(,"L1004:def segformer_logits_and_z(model, x, F): || L1005:outputs = model(pixel_values=x) || L1006:logits = F.interpolate( || L1007:outputs.logits, || L1008:size=(IMAGE_SIZE, IMAGE_SIZE),"
code/Q1_R03_nine_state_heterogeneous_source_utility_asset_v1_fix2.py,1007,"outputs.logits,","L1005:outputs = model(pixel_values=x) || L1006:logits = F.interpolate( || L1007:outputs.logits, || L1008:size=(IMAGE_SIZE, IMAGE_SIZE), || L1009:mode=""bilinear"","
code/Q1_R03_nine_state_heterogeneous_source_utility_asset_v1_fix2.py,1012,if logits.ndim != 4 or logits.shape[1] != 2:,"L1010:align_corners=False, || L1011:) || L1012:if logits.ndim != 4 or logits.shape[1] != 2: || L1013:raise RuntimeError( || L1014:f""INVALID_Q1_R03_SEGFORMER_TENT: logits={tuple(logits.shape)}"""
code/Q1_R03_nine_state_heterogeneous_source_utility_asset_v1_fix2.py,1014,"f""INVALID_Q1_R03_SEGFORMER_TENT: logits={tuple(logits.shape)}""","L1012:if logits.ndim != 4 or logits.shape[1] != 2: || L1013:raise RuntimeError( || L1014:f""INVALID_Q1_R03_SEGFORMER_TENT: logits={tuple(logits.shape)}"" || L1015:) || L1016:z = logits[:, 1] - logits[:, 0]"
code/Q1_R03_nine_state_heterogeneous_source_utility_asset_v1_fix2.py,1016,"z = logits[:, 1] - logits[:, 0]","L1014:f""INVALID_Q1_R03_SEGFORMER_TENT: logits={tuple(logits.shape)}"" || L1015:) || L1016:z = logits[:, 1] - logits[:, 0] || L1017:return logits, z || L1018:"
code/Q1_R03_nine_state_heterogeneous_source_utility_asset_v1_fix2.py,1017,"return logits, z","L1015:) || L1016:z = logits[:, 1] - logits[:, 0] || L1017:return logits, z || L1018: || L1019:"
code/Q1_R03_nine_state_heterogeneous_source_utility_asset_v1_fix2.py,1020,"def categorical_entropy(logits, torch):","L1018: || L1019: || L1020:def categorical_entropy(logits, torch): || L1021:p = torch.softmax(logits, dim=1) || L1022:return -(p * torch.log(p.clamp_min(1e-7))).sum(dim=1).mean()"
code/Q1_R03_nine_state_heterogeneous_source_utility_asset_v1_fix2.py,1021,"p = torch.softmax(logits, dim=1)","L1019: || L1020:def categorical_entropy(logits, torch): || L1021:p = torch.softmax(logits, dim=1) || L1022:return -(p * torch.log(p.clamp_min(1e-7))).sum(dim=1).mean() || L1023:"
code/Q1_R03_nine_state_heterogeneous_source_utility_asset_v1_fix2.py,1022,return -(p * torch.log(p.clamp_min(1e-7))).sum(dim=1).mean(),"L1020:def categorical_entropy(logits, torch): || L1021:p = torch.softmax(logits, dim=1) || L1022:return -(p * torch.log(p.clamp_min(1e-7))).sum(dim=1).mean() || L1023: || L1024:"
code/Q1_R03_nine_state_heterogeneous_source_utility_asset_v1_fix2.py,1025,def build_segformer_context(device):,L1023: || L1024: || L1025:def build_segformer_context(device): || L1026:import torch || L1027:import torch.nn as nn
code/Q1_R03_nine_state_heterogeneous_source_utility_asset_v1_fix2.py,1029,"from transformers import AutoImageProcessor, SegformerConfig, SegformerForSemanticSegmentation","L1027:import torch.nn as nn || L1028:import torch.nn.functional as F || L1029:from transformers import AutoImageProcessor, SegformerConfig, SegformerForSemanticSegmentation || L1030: || L1031:HF_CACHE.mkdir(parents=True, exist_ok=True)"
code/Q1_R03_nine_state_heterogeneous_source_utility_asset_v1_fix2.py,1035,processor = AutoImageProcessor.from_pretrained(,"L1033:os.environ[""HUGGINGFACE_HUB_CACHE""] = str(HF_CACHE / ""hub"") || L1034: || L1035:processor = AutoImageProcessor.from_pretrained( || L1036:""nvidia/mit-b0"", || L1037:cache_dir=str(HF_CACHE),"
code/Q1_R03_nine_state_heterogeneous_source_utility_asset_v1_fix2.py,1036,"""nvidia/mit-b0"",","L1034: || L1035:processor = AutoImageProcessor.from_pretrained( || L1036:""nvidia/mit-b0"", || L1037:cache_dir=str(HF_CACHE), || L1038:do_reduce_labels=False,"
code/Q1_R03_nine_state_heterogeneous_source_utility_asset_v1_fix2.py,1040,"mean = np.asarray(processor.image_mean, dtype=np.float32)","L1038:do_reduce_labels=False, || L1039:) || L1040:mean = np.asarray(processor.image_mean, dtype=np.float32) || L1041:std = np.asarray(processor.image_std, dtype=np.float32) || L1042:if mean.shape != (3,) or std.shape != (3,):"
code/Q1_R03_nine_state_heterogeneous_source_utility_asset_v1_fix2.py,1041,"std = np.asarray(processor.image_std, dtype=np.float32)","L1039:) || L1040:mean = np.asarray(processor.image_mean, dtype=np.float32) || L1041:std = np.asarray(processor.image_std, dtype=np.float32) || L1042:if mean.shape != (3,) or std.shape != (3,): || L1043:raise RuntimeError(""INVALID_Q1_R03_SEGFORMER_TENT: processor stats"")"
code/Q1_R03_nine_state_heterogeneous_source_utility_asset_v1_fix2.py,1042,"if mean.shape != (3,) or std.shape != (3,):","L1040:mean = np.asarray(processor.image_mean, dtype=np.float32) || L1041:std = np.asarray(processor.image_std, dtype=np.float32) || L1042:if mean.shape != (3,) or std.shape != (3,): || L1043:raise RuntimeError(""INVALID_Q1_R03_SEGFORMER_TENT: processor stats"") || L1044:"
code/Q1_R03_nine_state_heterogeneous_source_utility_asset_v1_fix2.py,1043,"raise RuntimeError(""INVALID_Q1_R03_SEGFORMER_TENT: processor stats"")","L1041:std = np.asarray(processor.image_std, dtype=np.float32) || L1042:if mean.shape != (3,) or std.shape != (3,): || L1043:raise RuntimeError(""INVALID_Q1_R03_SEGFORMER_TENT: processor stats"") || L1044: || L1045:config = SegformerConfig.from_pretrained("
code/Q1_R03_nine_state_heterogeneous_source_utility_asset_v1_fix2.py,1045,config = SegformerConfig.from_pretrained(,"L1043:raise RuntimeError(""INVALID_Q1_R03_SEGFORMER_TENT: processor stats"") || L1044: || L1045:config = SegformerConfig.from_pretrained( || L1046:""nvidia/mit-b0"", || L1047:cache_dir=str(HF_CACHE),"
code/Q1_R03_nine_state_heterogeneous_source_utility_asset_v1_fix2.py,1046,"""nvidia/mit-b0"",","L1044: || L1045:config = SegformerConfig.from_pretrained( || L1046:""nvidia/mit-b0"", || L1047:cache_dir=str(HF_CACHE), || L1048:)"
code/Q1_R03_nine_state_heterogeneous_source_utility_asset_v1_fix2.py,1049,config.num_labels = 2,"L1047:cache_dir=str(HF_CACHE), || L1048:) || L1049:config.num_labels = 2 || L1050:config.id2label = {0: ""background"", 1: ""foreground""} || L1051:config.label2id = {""background"": 0, ""foreground"": 1}"
code/Q1_R03_nine_state_heterogeneous_source_utility_asset_v1_fix2.py,1053,"return torch, nn, F, SegformerForSemanticSegmentation, config, mean, std","L1051:config.label2id = {""background"": 0, ""foreground"": 1} || L1052: || L1053:return torch, nn, F, SegformerForSemanticSegmentation, config, mean, std || L1054: || L1055:"
code/Q1_R03_nine_state_heterogeneous_source_utility_asset_v1_fix2.py,1056,def load_segformer_state(,"L1054: || L1055: || L1056:def load_segformer_state( || L1057:seed, || L1058:device,"
code/Q1_R03_nine_state_heterogeneous_source_utility_asset_v1_fix2.py,1059,"SegformerForSemanticSegmentation,","L1057:seed, || L1058:device, || L1059:SegformerForSemanticSegmentation, || L1060:config, || L1061:torch,"
code/Q1_R03_nine_state_heterogeneous_source_utility_asset_v1_fix2.py,1063,"path, expected_sha = SEGFORMER_CHECKPOINTS[seed]","L1061:torch, || L1062:): || L1063:path, expected_sha = SEGFORMER_CHECKPOINTS[seed] || L1064:validate_sha(path, expected_sha, f""SegFormer checkpoint seed {seed}"") || L1065:payload = robust_torch_load(path, map_location=""cpu"")"
code/Q1_R03_nine_state_heterogeneous_source_utility_asset_v1_fix2.py,1064,"validate_sha(path, expected_sha, f""SegFormer checkpoint seed {seed}"")","L1062:): || L1063:path, expected_sha = SEGFORMER_CHECKPOINTS[seed] || L1064:validate_sha(path, expected_sha, f""SegFormer checkpoint seed {seed}"") || L1065:payload = robust_torch_load(path, map_location=""cpu"") || L1066:if int(payload.get(""seed"", -1)) != seed:"
code/Q1_R03_nine_state_heterogeneous_source_utility_asset_v1_fix2.py,1067,"raise RuntimeError(""INVALID_Q1_R03_SEGFORMER_TENT: checkpoint seed"")","L1065:payload = robust_torch_load(path, map_location=""cpu"") || L1066:if int(payload.get(""seed"", -1)) != seed: || L1067:raise RuntimeError(""INVALID_Q1_R03_SEGFORMER_TENT: checkpoint seed"") || L1068:if payload.get(""architecture"") != ""SegFormer-B0"": || L1069:raise RuntimeError(""INVALID_Q1_R03_SEGFORMER_TENT: architecture"")"
code/Q1_R03_nine_state_heterogeneous_source_utility_asset_v1_fix2.py,1068,"if payload.get(""architecture"") != ""SegFormer-B0"":","L1066:if int(payload.get(""seed"", -1)) != seed: || L1067:raise RuntimeError(""INVALID_Q1_R03_SEGFORMER_TENT: checkpoint seed"") || L1068:if payload.get(""architecture"") != ""SegFormer-B0"": || L1069:raise RuntimeError(""INVALID_Q1_R03_SEGFORMER_TENT: architecture"") || L1070:state = payload.get(""state_dict"")"
code/Q1_R03_nine_state_heterogeneous_source_utility_asset_v1_fix2.py,1069,"raise RuntimeError(""INVALID_Q1_R03_SEGFORMER_TENT: architecture"")","L1067:raise RuntimeError(""INVALID_Q1_R03_SEGFORMER_TENT: checkpoint seed"") || L1068:if payload.get(""architecture"") != ""SegFormer-B0"": || L1069:raise RuntimeError(""INVALID_Q1_R03_SEGFORMER_TENT: architecture"") || L1070:state = payload.get(""state_dict"") || L1071:if not isinstance(state, dict) or not state:"
code/Q1_R03_nine_state_heterogeneous_source_utility_asset_v1_fix2.py,1072,"raise RuntimeError(""INVALID_Q1_R03_SEGFORMER_TENT: state_dict"")","L1070:state = payload.get(""state_dict"") || L1071:if not isinstance(state, dict) or not state: || L1072:raise RuntimeError(""INVALID_Q1_R03_SEGFORMER_TENT: state_dict"") || L1073: || L1074:model = SegformerForSemanticSegmentation(config)"
code/Q1_R03_nine_state_heterogeneous_source_utility_asset_v1_fix2.py,1074,model = SegformerForSemanticSegmentation(config),"L1072:raise RuntimeError(""INVALID_Q1_R03_SEGFORMER_TENT: state_dict"") || L1073: || L1074:model = SegformerForSemanticSegmentation(config) || L1075:result = model.load_state_dict(state, strict=True) || L1076:if result.missing_keys or result.unexpected_keys:"
code/Q1_R03_nine_state_heterogeneous_source_utility_asset_v1_fix2.py,1077,"raise RuntimeError(""INVALID_Q1_R03_SEGFORMER_TENT: strict load"")","L1075:result = model.load_state_dict(state, strict=True) || L1076:if result.missing_keys or result.unexpected_keys: || L1077:raise RuntimeError(""INVALID_Q1_R03_SEGFORMER_TENT: strict load"") || L1078:return model.to(device) || L1079:"
code/Q1_R03_nine_state_heterogeneous_source_utility_asset_v1_fix2.py,1081,"def build_segformer_rows(source_rows, device, cache_dir, resume):","L1079: || L1080: || L1081:def build_segformer_rows(source_rows, device, cache_dir, resume): || L1082:( || L1083:torch, nn, F, SegformerForSemanticSegmentation,"
code/Q1_R03_nine_state_heterogeneous_source_utility_asset_v1_fix2.py,1083,"torch, nn, F, SegformerForSemanticSegmentation,","L1081:def build_segformer_rows(source_rows, device, cache_dir, resume): || L1082:( || L1083:torch, nn, F, SegformerForSemanticSegmentation, || L1084:config, mean, std, || L1085:) = build_segformer_context(device)"
code/Q1_R03_nine_state_heterogeneous_source_utility_asset_v1_fix2.py,1084,"config, mean, std,","L1082:( || L1083:torch, nn, F, SegformerForSemanticSegmentation, || L1084:config, mean, std, || L1085:) = build_segformer_context(device) || L1086:"
code/Q1_R03_nine_state_heterogeneous_source_utility_asset_v1_fix2.py,1085,) = build_segformer_context(device),"L1083:torch, nn, F, SegformerForSemanticSegmentation, || L1084:config, mean, std, || L1085:) = build_segformer_context(device) || L1086: || L1087:all_rows = []"
code/Q1_R03_nine_state_heterogeneous_source_utility_asset_v1_fix2.py,1093,for seed in SEGFORMER_SEEDS:,L1091:per_seed_audit = {} || L1092: || L1093:for seed in SEGFORMER_SEEDS: || L1094:sha = SEGFORMER_CHECKPOINTS[seed][1] || L1095:if resume:
code/Q1_R03_nine_state_heterogeneous_source_utility_asset_v1_fix2.py,1094,sha = SEGFORMER_CHECKPOINTS[seed][1],"L1092: || L1093:for seed in SEGFORMER_SEEDS: || L1094:sha = SEGFORMER_CHECKPOINTS[seed][1] || L1095:if resume: || L1096:cached = load_state_cache(cache_dir, ""SegFormer-B0"", seed, sha)"
code/Q1_R03_nine_state_heterogeneous_source_utility_asset_v1_fix2.py,1096,"cached = load_state_cache(cache_dir, ""SegFormer-B0"", seed, sha)","L1094:sha = SEGFORMER_CHECKPOINTS[seed][1] || L1095:if resume: || L1096:cached = load_state_cache(cache_dir, ""SegFormer-B0"", seed, sha) || L1097:if cached is not None: || L1098:print(f""[RESUME] SegFormer-B0 seed={seed} rows={len(cached)}"")"
code/Q1_R03_nine_state_heterogeneous_source_utility_asset_v1_fix2.py,1098,"print(f""[RESUME] SegFormer-B0 seed={seed} rows={len(cached)}"")","L1096:cached = load_state_cache(cache_dir, ""SegFormer-B0"", seed, sha) || L1097:if cached is not None: || L1098:print(f""[RESUME] SegFormer-B0 seed={seed} rows={len(cached)}"") || L1099:all_rows.extend(cached) || L1100:continue"
code/Q1_R03_nine_state_heterogeneous_source_utility_asset_v1_fix2.py,1107,model = load_segformer_state(,"L1105:torch.cuda.manual_seed_all(seed) || L1106: || L1107:model = load_segformer_state( || L1108:seed, device, SegformerForSemanticSegmentation, config, torch || L1109:)"
code/Q1_R03_nine_state_heterogeneous_source_utility_asset_v1_fix2.py,1108,"seed, device, SegformerForSemanticSegmentation, config, torch","L1106: || L1107:model = load_segformer_state( || L1108:seed, device, SegformerForSemanticSegmentation, config, torch || L1109:) || L1110:("
code/Q1_R03_nine_state_heterogeneous_source_utility_asset_v1_fix2.py,1113,") = configure_segformer_tent(model, nn)","L1111:params, param_names, bn_modules, bn_original_track, || L1112:dropout_modules, dropout_names, || L1113:) = configure_segformer_tent(model, nn) || L1114:source_values = snapshot_params(params) || L1115:"
code/Q1_R03_nine_state_heterogeneous_source_utility_asset_v1_fix2.py,1123,"""INVALID_Q1_R03_SEGFORMER_TENT: parameter schema differs by seed""","L1121:if list(param_names) != parameter_names_reference: || L1122:raise RuntimeError( || L1123:""INVALID_Q1_R03_SEGFORMER_TENT: parameter schema differs by seed"" || L1124:) || L1125:if list(dropout_names) != dropout_names_reference:"
code/Q1_R03_nine_state_heterogeneous_source_utility_asset_v1_fix2.py,1127,"""INVALID_Q1_R03_SEGFORMER_TENT: dropout schema differs by seed""","L1125:if list(dropout_names) != dropout_names_reference: || L1126:raise RuntimeError( || L1127:""INVALID_Q1_R03_SEGFORMER_TENT: dropout schema differs by seed"" || L1128:) || L1129:if len(bn_modules) != bn_count_reference:"
code/Q1_R03_nine_state_heterogeneous_source_utility_asset_v1_fix2.py,1131,"""INVALID_Q1_R03_SEGFORMER_TENT: BN schema differs by seed""","L1129:if len(bn_modules) != bn_count_reference: || L1130:raise RuntimeError( || L1131:""INVALID_Q1_R03_SEGFORMER_TENT: BN schema differs by seed"" || L1132:) || L1133:"
code/Q1_R03_nine_state_heterogeneous_source_utility_asset_v1_fix2.py,1137,"desc=f""Q1-R03 SegFormer A1 seed {seed}"",","L1135:pbar = tqdm( || L1136:total=EXPECTED_ROWS_PER_STATE, || L1137:desc=f""Q1-R03 SegFormer A1 seed {seed}"", || L1138:unit=""case"", || L1139:dynamic_ncols=True,"
code/Q1_R03_nine_state_heterogeneous_source_utility_asset_v1_fix2.py,1160,"x = segformer_tensor(perturbed, mean, std, torch).to(","L1158:native, perturbation, src[""sample_id""] || L1159:) || L1160:x = segformer_tensor(perturbed, mean, std, torch).to( || L1161:device, non_blocking=True || L1162:)"
code/Q1_R03_nine_state_heterogeneous_source_utility_asset_v1_fix2.py,1166,segformer_source_mode(,"L1164:# Untouched source prediction. || L1165:restore_params(params, source_values, torch) || L1166:segformer_source_mode( || L1167:model, bn_modules, bn_original_track, dropout_modules || L1168:)"
code/Q1_R03_nine_state_heterogeneous_source_utility_asset_v1_fix2.py,1170,"_, z_source_t = segformer_logits_and_z(model, x, F)","L1168:) || L1169:with torch.no_grad(): || L1170:_, z_source_t = segformer_logits_and_z(model, x, F) || L1171:z_source = z_source_t[0].detach().float().cpu().numpy() || L1172:"
code/Q1_R03_nine_state_heterogeneous_source_utility_asset_v1_fix2.py,1175,"segformer_tent_mode(model, bn_modules, dropout_modules)","L1173:# Episodic A1 TENT. || L1174:restore_params(params, source_values, torch) || L1175:segformer_tent_mode(model, bn_modules, dropout_modules) || L1176:optimizer = torch.optim.Adam( || L1177:params, lr=TENT_LR, weight_decay=TENT_WEIGHT_DECAY"
code/Q1_R03_nine_state_heterogeneous_source_utility_asset_v1_fix2.py,1180,"logits_pre, _ = segformer_logits_and_z(model, x, F)","L1178:) || L1179:optimizer.zero_grad(set_to_none=True) || L1180:logits_pre, _ = segformer_logits_and_z(model, x, F) || L1181:loss = categorical_entropy(logits_pre, torch) || L1182:if not torch.isfinite(loss):"
code/Q1_R03_nine_state_heterogeneous_source_utility_asset_v1_fix2.py,1181,"loss = categorical_entropy(logits_pre, torch)","L1179:optimizer.zero_grad(set_to_none=True) || L1180:logits_pre, _ = segformer_logits_and_z(model, x, F) || L1181:loss = categorical_entropy(logits_pre, torch) || L1182:if not torch.isfinite(loss): || L1183:raise RuntimeError("
code/Q1_R03_nine_state_heterogeneous_source_utility_asset_v1_fix2.py,1184,"""INVALID_Q1_R03_SEGFORMER_TENT: non-finite entropy""","L1182:if not torch.isfinite(loss): || L1183:raise RuntimeError( || L1184:""INVALID_Q1_R03_SEGFORMER_TENT: non-finite entropy"" || L1185:) || L1186:loss.backward()"
code/Q1_R03_nine_state_heterogeneous_source_utility_asset_v1_fix2.py,1191,"_, z_action_t = segformer_logits_and_z(model, x, F)","L1189: || L1190:with torch.no_grad(): || L1191:_, z_action_t = segformer_logits_and_z(model, x, F) || L1192:z_action = z_action_t[0].detach().float().cpu().numpy() || L1193:tent_loss = float(loss.detach().cpu())"
code/Q1_R03_nine_state_heterogeneous_source_utility_asset_v1_fix2.py,1195,"source_dice = dice_from_z352(z_source, gt, torch, F)","L1193:tent_loss = float(loss.detach().cpu()) || L1194: || L1195:source_dice = dice_from_z352(z_source, gt, torch, F) || L1196:action_dice = dice_from_z352(z_action, gt, torch, F) || L1197:features = extract_source_features(z_source, tent_loss)"
code/Q1_R03_nine_state_heterogeneous_source_utility_asset_v1_fix2.py,1196,"action_dice = dice_from_z352(z_action, gt, torch, F)","L1194: || L1195:source_dice = dice_from_z352(z_source, gt, torch, F) || L1196:action_dice = dice_from_z352(z_action, gt, torch, F) || L1197:features = extract_source_features(z_source, tent_loss) || L1198:"
code/Q1_R03_nine_state_heterogeneous_source_utility_asset_v1_fix2.py,1200,"""SegFormer-B0"",","L1198: || L1199:row = make_common_row( || L1200:""SegFormer-B0"", || L1201:seed, || L1202:sha,"
code/Q1_R03_nine_state_heterogeneous_source_utility_asset_v1_fix2.py,1214,"del optimizer, logits_pre, loss, z_source_t, z_action_t","L1212:pbar.set_postfix(dDice=f""{row['delta_dice']:+.3f}"") || L1213: || L1214:del optimizer, logits_pre, loss, z_source_t, z_action_t || L1215: || L1216:pbar.close()"
code/Q1_R03_nine_state_heterogeneous_source_utility_asset_v1_fix2.py,1218,"validate_state_rows(state_rows, ""SegFormer-B0"", seed, sha)","L1216:pbar.close() || L1217:restore_params(params, source_values, torch) || L1218:validate_state_rows(state_rows, ""SegFormer-B0"", seed, sha) || L1219:save_state_cache(cache_dir, ""SegFormer-B0"", seed, sha, state_rows) || L1220:all_rows.extend(state_rows)"
code/Q1_R03_nine_state_heterogeneous_source_utility_asset_v1_fix2.py,1219,"save_state_cache(cache_dir, ""SegFormer-B0"", seed, sha, state_rows)","L1217:restore_params(params, source_values, torch) || L1218:validate_state_rows(state_rows, ""SegFormer-B0"", seed, sha) || L1219:save_state_cache(cache_dir, ""SegFormer-B0"", seed, sha, state_rows) || L1220:all_rows.extend(state_rows) || L1221:"
code/Q1_R03_nine_state_heterogeneous_source_utility_asset_v1_fix2.py,1255,"for family in (""PraNet"", ""DeepLabV3-R50"", ""SegFormer-B0""):","L1253:out = [] || L1254:groups = [(""ALL"", rows)] || L1255:for family in (""PraNet"", ""DeepLabV3-R50"", ""SegFormer-B0""): || L1256:groups.append((family, [r for r in rows if r[""model_family""] == family])) || L1257:"
code/Q1_R03_nine_state_heterogeneous_source_utility_asset_v1_fix2.py,1265,"""source_dice_mean"": float(src.mean()),","L1263:""group"": name, || L1264:""rows"": len(rr), || L1265:""source_dice_mean"": float(src.mean()), || L1266:""action_dice_mean"": float(act.mean()), || L1267:""delta_dice_mean"": float(d.mean()),"
code/Q1_R03_nine_state_heterogeneous_source_utility_asset_v1_fix2.py,1266,"""action_dice_mean"": float(act.mean()),","L1264:""rows"": len(rr), || L1265:""source_dice_mean"": float(src.mean()), || L1266:""action_dice_mean"": float(act.mean()), || L1267:""delta_dice_mean"": float(d.mean()), || L1268:""delta_dice_std"": float(d.std()),"
code/Q1_R03_nine_state_heterogeneous_source_utility_asset_v1_fix2.py,1267,"""delta_dice_mean"": float(d.mean()),","L1265:""source_dice_mean"": float(src.mean()), || L1266:""action_dice_mean"": float(act.mean()), || L1267:""delta_dice_mean"": float(d.mean()), || L1268:""delta_dice_std"": float(d.std()), || L1269:""delta_dice_q10"": float(np.quantile(d, 0.10)),"
code/Q1_R03_nine_state_heterogeneous_source_utility_asset_v1_fix2.py,1268,"""delta_dice_std"": float(d.std()),","L1266:""action_dice_mean"": float(act.mean()), || L1267:""delta_dice_mean"": float(d.mean()), || L1268:""delta_dice_std"": float(d.std()), || L1269:""delta_dice_q10"": float(np.quantile(d, 0.10)), || L1270:""delta_dice_q50"": float(np.quantile(d, 0.50)),"
code/Q1_R03_nine_state_heterogeneous_source_utility_asset_v1_fix2.py,1272,"""harm_fraction"": float(np.mean(d <= HARM_THRESHOLD)),","L1270:""delta_dice_q50"": float(np.quantile(d, 0.50)), || L1271:""delta_dice_q90"": float(np.quantile(d, 0.90)), || L1272:""harm_fraction"": float(np.mean(d <= HARM_THRESHOLD)), || L1273:""neutral_fraction"": float( || L1274:np.mean((d > HARM_THRESHOLD) & (d < BENEFIT_THRESHOLD))"
code/Q1_R03_nine_state_heterogeneous_source_utility_asset_v1_fix2.py,1274,np.mean((d > HARM_THRESHOLD) & (d < BENEFIT_THRESHOLD)),"L1272:""harm_fraction"": float(np.mean(d <= HARM_THRESHOLD)), || L1273:""neutral_fraction"": float( || L1274:np.mean((d > HARM_THRESHOLD) & (d < BENEFIT_THRESHOLD)) || L1275:), || L1276:""benefit_fraction"": float(np.mean(d >= BENEFIT_THRESHOLD)),"
code/Q1_R03_nine_state_heterogeneous_source_utility_asset_v1_fix2.py,1276,"""benefit_fraction"": float(np.mean(d >= BENEFIT_THRESHOLD)),","L1274:np.mean((d > HARM_THRESHOLD) & (d < BENEFIT_THRESHOLD)) || L1275:), || L1276:""benefit_fraction"": float(np.mean(d >= BENEFIT_THRESHOLD)), || L1277:}) || L1278:return out"
code/Q1_R03_nine_state_heterogeneous_source_utility_asset_v1_fix2.py,1296,"""SegFormer-B0"": EXPECTED_ROWS_PER_FAMILY,","L1294:""PraNet"": EXPECTED_ROWS_PER_FAMILY, || L1295:""DeepLabV3-R50"": EXPECTED_ROWS_PER_FAMILY, || L1296:""SegFormer-B0"": EXPECTED_ROWS_PER_FAMILY, || L1297:} || L1298:if dict(families) != expected_family:"
code/Q1_R03_nine_state_heterogeneous_source_utility_asset_v1_fix2.py,1424,# model.eval() exactly matches source_and_tent_logits source branch.,"L1422:# Restore source affine values is unnecessary before the first source || L1423:# forward because no optimizer step occurs in this diagnostic. || L1424:# model.eval() exactly matches source_and_tent_logits source branch. || L1425:with torch.no_grad(): || L1426:z = training.deeplab_logits(model, x).detach()"
code/Q1_R03_nine_state_heterogeneous_source_utility_asset_v1_fix2.py,1426,"z = training.deeplab_logits(model, x).detach()","L1424:# model.eval() exactly matches source_and_tent_logits source branch. || L1425:with torch.no_grad(): || L1426:z = training.deeplab_logits(model, x).detach() || L1427:z_np = z[0, 0].float().cpu().numpy() || L1428:"
code/Q1_R03_nine_state_heterogeneous_source_utility_asset_v1_fix2.py,1476,"raise RuntimeError(""CUDA required for Q1-R03 formal SegFormer utility pass."")","L1474:import torch || L1475:if not torch.cuda.is_available(): || L1476:raise RuntimeError(""CUDA required for Q1-R03 formal SegFormer utility pass."") || L1477: || L1478:("
code/Q1_R03_nine_state_heterogeneous_source_utility_asset_v1_fix2.py,1479,"torch, nn, F, SegformerForSemanticSegmentation,","L1477: || L1478:( || L1479:torch, nn, F, SegformerForSemanticSegmentation, || L1480:config, mean, std, || L1481:) = build_segformer_context(torch.device(""cuda""))"
code/Q1_R03_nine_state_heterogeneous_source_utility_asset_v1_fix2.py,1480,"config, mean, std,","L1478:( || L1479:torch, nn, F, SegformerForSemanticSegmentation, || L1480:config, mean, std, || L1481:) = build_segformer_context(torch.device(""cuda"")) || L1482:model = load_segformer_state("
code/Q1_R03_nine_state_heterogeneous_source_utility_asset_v1_fix2.py,1481,") = build_segformer_context(torch.device(""cuda""))","L1479:torch, nn, F, SegformerForSemanticSegmentation, || L1480:config, mean, std, || L1481:) = build_segformer_context(torch.device(""cuda"")) || L1482:model = load_segformer_state( || L1483:SEGFORMER_SEEDS[0],"
code/Q1_R03_nine_state_heterogeneous_source_utility_asset_v1_fix2.py,1482,model = load_segformer_state(,"L1480:config, mean, std, || L1481:) = build_segformer_context(torch.device(""cuda"")) || L1482:model = load_segformer_state( || L1483:SEGFORMER_SEEDS[0], || L1484:torch.device(""cuda""),"
code/Q1_R03_nine_state_heterogeneous_source_utility_asset_v1_fix2.py,1483,"SEGFORMER_SEEDS[0],","L1481:) = build_segformer_context(torch.device(""cuda"")) || L1482:model = load_segformer_state( || L1483:SEGFORMER_SEEDS[0], || L1484:torch.device(""cuda""), || L1485:SegformerForSemanticSegmentation,"
code/Q1_R03_nine_state_heterogeneous_source_utility_asset_v1_fix2.py,1485,"SegformerForSemanticSegmentation,","L1483:SEGFORMER_SEEDS[0], || L1484:torch.device(""cuda""), || L1485:SegformerForSemanticSegmentation, || L1486:config, || L1487:torch,"
code/Q1_R03_nine_state_heterogeneous_source_utility_asset_v1_fix2.py,1492,") = configure_segformer_tent(model, nn)","L1490:params, names, bn_modules, bn_original_track, || L1491:dropout_modules, dropout_names, || L1492:) = configure_segformer_tent(model, nn) || L1493: || L1494:dummy = torch.zeros((1, 3, IMAGE_SIZE, IMAGE_SIZE), device=""cuda"")"
code/Q1_R03_nine_state_heterogeneous_source_utility_asset_v1_fix2.py,1495,"segformer_source_mode(model, bn_modules, bn_original_track, dropout_modules)","L1493: || L1494:dummy = torch.zeros((1, 3, IMAGE_SIZE, IMAGE_SIZE), device=""cuda"") || L1495:segformer_source_mode(model, bn_modules, bn_original_track, dropout_modules) || L1496:with torch.no_grad(): || L1497:logits, z = segformer_logits_and_z(model, dummy, F)"
code/Q1_R03_nine_state_heterogeneous_source_utility_asset_v1_fix2.py,1497,"logits, z = segformer_logits_and_z(model, dummy, F)","L1495:segformer_source_mode(model, bn_modules, bn_original_track, dropout_modules) || L1496:with torch.no_grad(): || L1497:logits, z = segformer_logits_and_z(model, dummy, F) || L1498:if tuple(z.shape) != (1, IMAGE_SIZE, IMAGE_SIZE): || L1499:raise RuntimeError(""SegFormer preflight z shape failed."")"
code/Q1_R03_nine_state_heterogeneous_source_utility_asset_v1_fix2.py,1499,"raise RuntimeError(""SegFormer preflight z shape failed."")","L1497:logits, z = segformer_logits_and_z(model, dummy, F) || L1498:if tuple(z.shape) != (1, IMAGE_SIZE, IMAGE_SIZE): || L1499:raise RuntimeError(""SegFormer preflight z shape failed."") || L1500: || L1501:print(""===== Q1-R03 PREFLIGHT ====="")"
code/Q1_R03_nine_state_heterogeneous_source_utility_asset_v1_fix2.py,1507,"print(f""segformer_norm_affine_tensors={len(params)}"")","L1505:print(f""source_val={len(source_rows)}"") || L1506:print(f""expected_total_rows={EXPECTED_TOTAL_ROWS}"") || L1507:print(f""segformer_norm_affine_tensors={len(params)}"") || L1508:print(f""segformer_batchnorm_modules={len(bn_modules)}"") || L1509:print(f""segformer_dropout_modules={len(dropout_modules)}"")"
code/Q1_R03_nine_state_heterogeneous_source_utility_asset_v1_fix2.py,1508,"print(f""segformer_batchnorm_modules={len(bn_modules)}"")","L1506:print(f""expected_total_rows={EXPECTED_TOTAL_ROWS}"") || L1507:print(f""segformer_norm_affine_tensors={len(params)}"") || L1508:print(f""segformer_batchnorm_modules={len(bn_modules)}"") || L1509:print(f""segformer_dropout_modules={len(dropout_modules)}"") || L1510:print(f""dummy_logits_shape={tuple(logits.shape)}"")"
code/Q1_R03_nine_state_heterogeneous_source_utility_asset_v1_fix2.py,1509,"print(f""segformer_dropout_modules={len(dropout_modules)}"")","L1507:print(f""segformer_norm_affine_tensors={len(params)}"") || L1508:print(f""segformer_batchnorm_modules={len(bn_modules)}"") || L1509:print(f""segformer_dropout_modules={len(dropout_modules)}"") || L1510:print(f""dummy_logits_shape={tuple(logits.shape)}"") || L1511:print(f""dummy_binary_z_shape={tuple(z.shape)}"")"
code/Q1_R03_nine_state_heterogeneous_source_utility_asset_v1_fix2.py,1510,"print(f""dummy_logits_shape={tuple(logits.shape)}"")","L1508:print(f""segformer_batchnorm_modules={len(bn_modules)}"") || L1509:print(f""segformer_dropout_modules={len(dropout_modules)}"") || L1510:print(f""dummy_logits_shape={tuple(logits.shape)}"") || L1511:print(f""dummy_binary_z_shape={tuple(z.shape)}"") || L1512:print(""target_rows_opened=NO"")"
code/Q1_R03_nine_state_heterogeneous_source_utility_asset_v1_fix2.py,1516,"del model, dummy, logits, z, params, bn_modules, dropout_modules","L1514:print(""PREFLIGHT_PASS"") || L1515: || L1516:del model, dummy, logits, z, params, bn_modules, dropout_modules || L1517:torch.cuda.empty_cache() || L1518:"
code/Q1_R03_nine_state_heterogeneous_source_utility_asset_v1_fix2.py,1588,"seg_rows, seg_audit = build_segformer_rows(","L1586:) || L1587: || L1588:seg_rows, seg_audit = build_segformer_rows( || L1589:source_rows, device, cache_dir, args.resume || L1590:)"
code/Q1_R03_nine_state_heterogeneous_source_utility_asset_v1_fix2.py,1591,"write_json(build_dir / ""segformer_tent_parameter_audit.json"", seg_audit)","L1589:source_rows, device, cache_dir, args.resume || L1590:) || L1591:write_json(build_dir / ""segformer_tent_parameter_audit.json"", seg_audit) || L1592:print(f""[PASS] SegFormer A1 rows={len(seg_rows)}"") || L1593:"
code/Q1_R03_nine_state_heterogeneous_source_utility_asset_v1_fix2.py,1592,"print(f""[PASS] SegFormer A1 rows={len(seg_rows)}"")","L1590:) || L1591:write_json(build_dir / ""segformer_tent_parameter_audit.json"", seg_audit) || L1592:print(f""[PASS] SegFormer A1 rows={len(seg_rows)}"") || L1593: || L1594:all_rows = pranet_rows + deep_rows + seg_rows"
code/Q1_R03_nine_state_heterogeneous_source_utility_asset_v1_fix2.py,1646,SegFormer-B0 states=3 rows={len(seg_rows)},L1644:PraNet states=3 rows={len(pranet_rows)} || L1645:DeepLabV3-R50 states=3 rows={len(deep_rows)} || L1646:SegFormer-B0 states=3 rows={len(seg_rows)} || L1647:total states=9 || L1648:total rows={len(all_rows)}
code/Q1_R03_nine_state_heterogeneous_source_utility_asset_v1_fix2.py,1680,"""segformer_tent_parameter_audit"": build_dir / ""segformer_tent_parameter_audit.json"",","L1678:""pranet_reuse_audit"": build_dir / ""pranet_reuse_audit.json"", || L1679:""deeplab_reuse_and_b0_audit"": build_dir / ""deeplab_reuse_and_b0_audit.json"", || L1680:""segformer_tent_parameter_audit"": build_dir / ""segformer_tent_parameter_audit.json"", || L1681:""nine_state_source_utility_table"": table_path, || L1682:""architecture_distribution_summary"": dist_path,"
code/Q1_R03_nine_state_heterogeneous_source_utility_asset_v1_fix2.py,1747,"assert abs(feat[""source_prob_mean""] - 0.5) < 1e-12","L1745:feat = extract_source_features(z, math.log(2.0)) || L1746:assert list(feat) == SOURCE_FEATURE_NAMES || L1747:assert abs(feat[""source_prob_mean""] - 0.5) < 1e-12 || L1748:assert abs(feat[""source_confidence_mean""] - 0.5) < 1e-12 || L1749:assert abs(feat[""source_boundary_density""]) < 1e-12"
code/Q1_R03_nine_state_heterogeneous_source_utility_asset_v1_fix2.py,1748,"assert abs(feat[""source_confidence_mean""] - 0.5) < 1e-12","L1746:assert list(feat) == SOURCE_FEATURE_NAMES || L1747:assert abs(feat[""source_prob_mean""] - 0.5) < 1e-12 || L1748:assert abs(feat[""source_confidence_mean""] - 0.5) < 1e-12 || L1749:assert abs(feat[""source_boundary_density""]) < 1e-12 || L1750:assert abs(feat[""source_uncertain_fraction_040_060""] - 1.0) < 1e-12"
code/Q1_R03_nine_state_heterogeneous_source_utility_asset_v1_fix2.py,1800,"""Verify all frozen provenance/checkpoints and one SegFormer dummy ""","L1798:action=""store_true"", || L1799:help=( || L1800:""Verify all frozen provenance/checkpoints and one SegFormer dummy "" || L1801:""forward/TENT parameter discovery; no source image inference and no "" || L1802:""optimizer step."""
code/Q1_R05D3_neopolyp_source_a1_prediction_lock_v1_fix1.py,120,MASK_H = 352,L118:EXPECTED_MODEL_CASES = 9000 || L119: || L120:MASK_H = 352 || L121:MASK_W = 352 || L122:MASK_PIXELS = MASK_H * MASK_W
code/Q1_R05D3_neopolyp_source_a1_prediction_lock_v1_fix1.py,121,MASK_W = 352,L119: || L120:MASK_H = 352 || L121:MASK_W = 352 || L122:MASK_PIXELS = MASK_H * MASK_W || L123:PACKED_BYTES = (MASK_PIXELS + 7) // 8
code/Q1_R05D3_neopolyp_source_a1_prediction_lock_v1_fix1.py,130,"FAMILIES = (""PraNet"", ""DeepLabV3-R50"", ""SegFormer-B0"")","L128:TENT_STEPS = 1 || L129: || L130:FAMILIES = (""PraNet"", ""DeepLabV3-R50"", ""SegFormer-B0"") || L131:DECISION_READY = ""NEOPOLYP_SOURCE_A1_PREDICTIONS_LOCKED"" || L132:"
code/Q1_R05D3_neopolyp_source_a1_prediction_lock_v1_fix1.py,147,"""future_gt_resize"": {","L145:""neoplastic_polyp"": 1, || L146:}, || L147:""future_gt_resize"": { || L148:""height"": MASK_H, || L149:""width"": MASK_W,"
code/Q1_R05D3_neopolyp_source_a1_prediction_lock_v1_fix1.py,458,"z_source, z_a1 = helper.source_and_tent_logits(","L456: || L457:# Exact S03-B SOURCE + episodic A1. || L458:z_source, z_a1 = helper.source_and_tent_logits( || L459:model, || L460:params,"
code/Q1_R05D3_neopolyp_source_a1_prediction_lock_v1_fix1.py,543,"z_source, z_a1, adapt_loss = helper.source_and_tent_logits(","L541:) || L542: || L543:z_source, z_a1, adapt_loss = helper.source_and_tent_logits( || L544:helper=training, || L545:model=model,"
code/Q1_R05D3_neopolyp_source_a1_prediction_lock_v1_fix1.py,599,"def run_segformer_state(state, targets, device, r03, seg_context=None):","L597: || L598: || L599:def run_segformer_state(state, targets, device, r03, seg_context=None): || L600:if seg_context is None: || L601:seg_context = r03.build_segformer_context(device)"
code/Q1_R05D3_neopolyp_source_a1_prediction_lock_v1_fix1.py,601,seg_context = r03.build_segformer_context(device),"L599:def run_segformer_state(state, targets, device, r03, seg_context=None): || L600:if seg_context is None: || L601:seg_context = r03.build_segformer_context(device) || L602: || L603:("
code/Q1_R05D3_neopolyp_source_a1_prediction_lock_v1_fix1.py,607,"SegformerForSemanticSegmentation,","L605:nn, || L606:F, || L607:SegformerForSemanticSegmentation, || L608:config, || L609:mean,"
code/Q1_R05D3_neopolyp_source_a1_prediction_lock_v1_fix1.py,609,"mean,","L607:SegformerForSemanticSegmentation, || L608:config, || L609:mean, || L610:std, || L611:) = seg_context"
code/Q1_R05D3_neopolyp_source_a1_prediction_lock_v1_fix1.py,610,"std,","L608:config, || L609:mean, || L610:std, || L611:) = seg_context || L612:"
code/Q1_R05D3_neopolyp_source_a1_prediction_lock_v1_fix1.py,616,model = r03.load_segformer_state(,"L614:set_runtime_seed(seed) || L615: || L616:model = r03.load_segformer_state( || L617:seed, || L618:device,"
code/Q1_R05D3_neopolyp_source_a1_prediction_lock_v1_fix1.py,619,"SegformerForSemanticSegmentation,","L617:seed, || L618:device, || L619:SegformerForSemanticSegmentation, || L620:config, || L621:torch,"
code/Q1_R05D3_neopolyp_source_a1_prediction_lock_v1_fix1.py,631,") = r03.configure_segformer_tent(model, nn)","L629:dropout_modules, || L630:dropout_names, || L631:) = r03.configure_segformer_tent(model, nn) || L632: || L633:source_values = r03.snapshot_params(params)"
code/Q1_R05D3_neopolyp_source_a1_prediction_lock_v1_fix1.py,642,"desc=f""D3 SegFormer seed {seed}"",","L640:enumerate(targets), || L641:total=EXPECTED_CASES, || L642:desc=f""D3 SegFormer seed {seed}"", || L643:unit=""img"", || L644:dynamic_ncols=True,"
code/Q1_R05D3_neopolyp_source_a1_prediction_lock_v1_fix1.py,651,"x = r03.segformer_tensor(native, mean, std, torch).to(","L649:native = im.convert(""RGB"") || L650: || L651:x = r03.segformer_tensor(native, mean, std, torch).to( || L652:device, || L653:non_blocking=True,"
code/Q1_R05D3_neopolyp_source_a1_prediction_lock_v1_fix1.py,658,r03.segformer_source_mode(,"L656:# Frozen SOURCE. || L657:r03.restore_params(params, source_values, torch) || L658:r03.segformer_source_mode( || L659:model, || L660:bn_modules,"
code/Q1_R05D3_neopolyp_source_a1_prediction_lock_v1_fix1.py,665,"_, z_source_t = r03.segformer_logits_and_z(model, x, F)","L663:) || L664:with torch.no_grad(): || L665:_, z_source_t = r03.segformer_logits_and_z(model, x, F) || L666: || L667:# Frozen one-step episodic A1."
code/Q1_R05D3_neopolyp_source_a1_prediction_lock_v1_fix1.py,669,r03.segformer_tent_mode(,"L667:# Frozen one-step episodic A1. || L668:r03.restore_params(params, source_values, torch) || L669:r03.segformer_tent_mode( || L670:model, || L671:bn_modules,"
code/Q1_R05D3_neopolyp_source_a1_prediction_lock_v1_fix1.py,682,"logits_pre, _ = r03.segformer_logits_and_z(model, x, F)","L680:optimizer.zero_grad(set_to_none=True) || L681: || L682:logits_pre, _ = r03.segformer_logits_and_z(model, x, F) || L683:loss = r03.categorical_entropy(logits_pre, torch) || L684:if not torch.isfinite(loss):"
code/Q1_R05D3_neopolyp_source_a1_prediction_lock_v1_fix1.py,683,"loss = r03.categorical_entropy(logits_pre, torch)","L681: || L682:logits_pre, _ = r03.segformer_logits_and_z(model, x, F) || L683:loss = r03.categorical_entropy(logits_pre, torch) || L684:if not torch.isfinite(loss): || L685:raise RuntimeError(""Non-finite SegFormer A1 entropy loss."")"
code/Q1_R05D3_neopolyp_source_a1_prediction_lock_v1_fix1.py,685,"raise RuntimeError(""Non-finite SegFormer A1 entropy loss."")","L683:loss = r03.categorical_entropy(logits_pre, torch) || L684:if not torch.isfinite(loss): || L685:raise RuntimeError(""Non-finite SegFormer A1 entropy loss."") || L686: || L687:loss.backward()"
code/Q1_R05D3_neopolyp_source_a1_prediction_lock_v1_fix1.py,692,"_, z_a1_t = r03.segformer_logits_and_z(model, x, F)","L690: || L691:with torch.no_grad(): || L692:_, z_a1_t = r03.segformer_logits_and_z(model, x, F) || L693: || L694:z_source = z_source_t[0].detach().float().cpu().numpy()"
code/Q1_R05D3_neopolyp_source_a1_prediction_lock_v1_fix1.py,721,"logits_pre,","L719:del ( || L720:optimizer, || L721:logits_pre, || L722:loss, || L723:z_source_t,"
code/Q1_R05D3_neopolyp_source_a1_prediction_lock_v1_fix1.py,1009,"dummy_rgb = Image.new(""RGB"", (352, 352), color=(127, 127, 127))","L1007:device = torch.device(""cuda"") || L1008: || L1009:dummy_rgb = Image.new(""RGB"", (352, 352), color=(127, 127, 127)) || L1010: || L1011:# PraNet dummy SOURCE+A1."
code/Q1_R05D3_neopolyp_source_a1_prediction_lock_v1_fix1.py,1019,"psrc, pa1 = ph.source_and_tent_logits(pm, pp, pv, px)","L1017:pv = ph.snapshot_params(pp) || L1018:px = ph.image_to_model_tensor(pt, dummy_rgb).to(device) || L1019:psrc, pa1 = ph.source_and_tent_logits(pm, pp, pv, px) || L1020:if psrc.shape != (MASK_H, MASK_W) or pa1.shape != (MASK_H, MASK_W): || L1021:raise RuntimeError(""PraNet dummy SOURCE/A1 shape failed."")"
code/Q1_R05D3_neopolyp_source_a1_prediction_lock_v1_fix1.py,1035,"dsrc, da1, dloss = dh.source_and_tent_logits(","L1033:dv = dh.snapshot_params(dp) || L1034:dx = dh.image_to_model_tensor(dt, dummy_rgb).to(device) || L1035:dsrc, da1, dloss = dh.source_and_tent_logits( || L1036:helper=dt, || L1037:model=dm,"
code/Q1_R05D3_neopolyp_source_a1_prediction_lock_v1_fix1.py,1050,# SegFormer dummy SOURCE+A1.,"L1048:del dm, dp, dv, unsafe, dropouts, dx, dsrc, da1, dloss || L1049: || L1050:# SegFormer dummy SOURCE+A1. || L1051:segctx = r03.build_segformer_context(device) || L1052:("
code/Q1_R05D3_neopolyp_source_a1_prediction_lock_v1_fix1.py,1051,segctx = r03.build_segformer_context(device),"L1049: || L1050:# SegFormer dummy SOURCE+A1. || L1051:segctx = r03.build_segformer_context(device) || L1052:( || L1053:torch2,"
code/Q1_R05D3_neopolyp_source_a1_prediction_lock_v1_fix1.py,1056,"SegformerForSemanticSegmentation,","L1054:nn, || L1055:F, || L1056:SegformerForSemanticSegmentation, || L1057:config, || L1058:mean,"
code/Q1_R05D3_neopolyp_source_a1_prediction_lock_v1_fix1.py,1058,"mean,","L1056:SegformerForSemanticSegmentation, || L1057:config, || L1058:mean, || L1059:std, || L1060:) = segctx"
code/Q1_R05D3_neopolyp_source_a1_prediction_lock_v1_fix1.py,1059,"std,","L1057:config, || L1058:mean, || L1059:std, || L1060:) = segctx || L1061:"
code/Q1_R05D3_neopolyp_source_a1_prediction_lock_v1_fix1.py,1062,"ss = next(s for s in panel if s[""model_family""] == ""SegFormer-B0"")","L1060:) = segctx || L1061: || L1062:ss = next(s for s in panel if s[""model_family""] == ""SegFormer-B0"") || L1063:sm = r03.load_segformer_state( || L1064:int(ss[""training_seed""]),"
code/Q1_R05D3_neopolyp_source_a1_prediction_lock_v1_fix1.py,1063,sm = r03.load_segformer_state(,"L1061: || L1062:ss = next(s for s in panel if s[""model_family""] == ""SegFormer-B0"") || L1063:sm = r03.load_segformer_state( || L1064:int(ss[""training_seed""]), || L1065:device,"
code/Q1_R05D3_neopolyp_source_a1_prediction_lock_v1_fix1.py,1066,"SegformerForSemanticSegmentation,","L1064:int(ss[""training_seed""]), || L1065:device, || L1066:SegformerForSemanticSegmentation, || L1067:config, || L1068:torch2,"
code/Q1_R05D3_neopolyp_source_a1_prediction_lock_v1_fix1.py,1077,") = r03.configure_segformer_tent(sm, nn)","L1075:sdrop, || L1076:_, || L1077:) = r03.configure_segformer_tent(sm, nn) || L1078:sv = r03.snapshot_params(sp) || L1079:sx = r03.segformer_tensor(dummy_rgb, mean, std, torch2).to(device)"
code/Q1_R05D3_neopolyp_source_a1_prediction_lock_v1_fix1.py,1079,"sx = r03.segformer_tensor(dummy_rgb, mean, std, torch2).to(device)","L1077:) = r03.configure_segformer_tent(sm, nn) || L1078:sv = r03.snapshot_params(sp) || L1079:sx = r03.segformer_tensor(dummy_rgb, mean, std, torch2).to(device) || L1080: || L1081:r03.restore_params(sp, sv, torch2)"
code/Q1_R05D3_neopolyp_source_a1_prediction_lock_v1_fix1.py,1082,"r03.segformer_source_mode(sm, sbn, sbn_orig, sdrop)","L1080: || L1081:r03.restore_params(sp, sv, torch2) || L1082:r03.segformer_source_mode(sm, sbn, sbn_orig, sdrop) || L1083:with torch2.no_grad(): || L1084:_, szsrc = r03.segformer_logits_and_z(sm, sx, F)"
code/Q1_R05D3_neopolyp_source_a1_prediction_lock_v1_fix1.py,1084,"_, szsrc = r03.segformer_logits_and_z(sm, sx, F)","L1082:r03.segformer_source_mode(sm, sbn, sbn_orig, sdrop) || L1083:with torch2.no_grad(): || L1084:_, szsrc = r03.segformer_logits_and_z(sm, sx, F) || L1085: || L1086:r03.restore_params(sp, sv, torch2)"
code/Q1_R05D3_neopolyp_source_a1_prediction_lock_v1_fix1.py,1087,"r03.segformer_tent_mode(sm, sbn, sdrop)","L1085: || L1086:r03.restore_params(sp, sv, torch2) || L1087:r03.segformer_tent_mode(sm, sbn, sdrop) || L1088: || L1089:opt = torch2.optim.Adam("
code/Q1_R05D3_neopolyp_source_a1_prediction_lock_v1_fix1.py,1095,"slogits, _ = r03.segformer_logits_and_z(sm, sx, F)","L1093:) || L1094:opt.zero_grad(set_to_none=True) || L1095:slogits, _ = r03.segformer_logits_and_z(sm, sx, F) || L1096:sloss = r03.categorical_entropy(slogits, torch2) || L1097:sloss.backward()"
code/Q1_R05D3_neopolyp_source_a1_prediction_lock_v1_fix1.py,1096,"sloss = r03.categorical_entropy(slogits, torch2)","L1094:opt.zero_grad(set_to_none=True) || L1095:slogits, _ = r03.segformer_logits_and_z(sm, sx, F) || L1096:sloss = r03.categorical_entropy(slogits, torch2) || L1097:sloss.backward() || L1098:opt.step()"
code/Q1_R05D3_neopolyp_source_a1_prediction_lock_v1_fix1.py,1102,"_, sza1 = r03.segformer_logits_and_z(sm, sx, F)","L1100: || L1101:with torch2.no_grad(): || L1102:_, sza1 = r03.segformer_logits_and_z(sm, sx, F) || L1103: || L1104:if tuple(szsrc[0].shape) != (MASK_H, MASK_W):"
code/Q1_R05D3_neopolyp_source_a1_prediction_lock_v1_fix1.py,1105,"raise RuntimeError(""SegFormer dummy SOURCE shape failed."")","L1103: || L1104:if tuple(szsrc[0].shape) != (MASK_H, MASK_W): || L1105:raise RuntimeError(""SegFormer dummy SOURCE shape failed."") || L1106:if tuple(sza1[0].shape) != (MASK_H, MASK_W): || L1107:raise RuntimeError(""SegFormer dummy A1 shape failed."")"
code/Q1_R05D3_neopolyp_source_a1_prediction_lock_v1_fix1.py,1107,"raise RuntimeError(""SegFormer dummy A1 shape failed."")","L1105:raise RuntimeError(""SegFormer dummy SOURCE shape failed."") || L1106:if tuple(sza1[0].shape) != (MASK_H, MASK_W): || L1107:raise RuntimeError(""SegFormer dummy A1 shape failed."") || L1108: || L1109:del ("
code/Q1_R05D3_neopolyp_source_a1_prediction_lock_v1_fix1.py,1118,"slogits,","L1116:sx, || L1117:opt, || L1118:slogits, || L1119:sloss, || L1120:szsrc,"
code/Q1_R05D3_neopolyp_source_a1_prediction_lock_v1_fix1.py,1140,"print(""dummy_SegFormer_SOURCE_A1=PASS"")","L1138:print(""dummy_PraNet_SOURCE_A1=PASS"") || L1139:print(""dummy_DeepLab_SOURCE_A1=PASS"") || L1140:print(""dummy_SegFormer_SOURCE_A1=PASS"") || L1141:print(""PREFLIGHT_PASS"") || L1142:"
code/Q1_R05D3_neopolyp_source_a1_prediction_lock_v1_fix1.py,1275,"elif state[""model_family""] == ""SegFormer-B0"":","L1273:device, || L1274:) || L1275:elif state[""model_family""] == ""SegFormer-B0"": || L1276:( || L1277:source_pack,"
code/Q1_R05D3_neopolyp_source_a1_prediction_lock_v1_fix1.py,1281,) = run_segformer_state(,"L1279:index_rows, || L1280:seg_context, || L1281:) = run_segformer_state( || L1282:state, || L1283:targets,"
code/Q1_R05D3_neopolyp_source_a1_prediction_lock_v1_fix1.py,1379,"""source_fg_fraction_mean"": float(src.mean()),","L1377:""model_state_id"": state_id, || L1378:""rows"": len(rows), || L1379:""source_fg_fraction_mean"": float(src.mean()), || L1380:""a1_fg_fraction_mean"": float(a1.mean()), || L1381:""changed_fraction_mean"": float(chg.mean()),"
code/Q1_R05D3_neopolyp_source_a1_prediction_lock_v1_fix1.py,1380,"""a1_fg_fraction_mean"": float(a1.mean()),","L1378:""rows"": len(rows), || L1379:""source_fg_fraction_mean"": float(src.mean()), || L1380:""a1_fg_fraction_mean"": float(a1.mean()), || L1381:""changed_fraction_mean"": float(chg.mean()), || L1382:""changed_fraction_q50"": float(np.quantile(chg, 0.50)),"
code/Q1_R05D3_neopolyp_source_a1_prediction_lock_v1_fix1.py,1381,"""changed_fraction_mean"": float(chg.mean()),","L1379:""source_fg_fraction_mean"": float(src.mean()), || L1380:""a1_fg_fraction_mean"": float(a1.mean()), || L1381:""changed_fraction_mean"": float(chg.mean()), || L1382:""changed_fraction_q50"": float(np.quantile(chg, 0.50)), || L1383:""changed_fraction_q90"": float(np.quantile(chg, 0.90)),"
code/Q1_R05D3_neopolyp_source_a1_prediction_lock_v1_fix1.py,1384,"""zero_change_fraction"": float(np.mean(chg == 0.0)),","L1382:""changed_fraction_q50"": float(np.quantile(chg, 0.50)), || L1383:""changed_fraction_q90"": float(np.quantile(chg, 0.90)), || L1384:""zero_change_fraction"": float(np.mean(chg == 0.0)), || L1385:}) || L1386:"
code/Q1_R05D3_neopolyp_source_a1_prediction_lock_v1_fix1.py,1395,"""source_fg_fraction_mean"",","L1393:""model_state_id"", || L1394:""rows"", || L1395:""source_fg_fraction_mean"", || L1396:""a1_fg_fraction_mean"", || L1397:""changed_fraction_mean"","
code/Q1_R05D3_neopolyp_source_a1_prediction_lock_v1_fix1.py,1396,"""a1_fg_fraction_mean"",","L1394:""rows"", || L1395:""source_fg_fraction_mean"", || L1396:""a1_fg_fraction_mean"", || L1397:""changed_fraction_mean"", || L1398:""changed_fraction_q50"","
code/Q1_R05D3_neopolyp_source_a1_prediction_lock_v1_fix1.py,1397,"""changed_fraction_mean"",","L1395:""source_fg_fraction_mean"", || L1396:""a1_fg_fraction_mean"", || L1397:""changed_fraction_mean"", || L1398:""changed_fraction_q50"", || L1399:""changed_fraction_q90"","
code/Q1_R05D3_neopolyp_source_a1_prediction_lock_v1_fix1.py,1447,"""  SegFormer-B0 states=3"",","L1445:""  PraNet states=3"", || L1446:""  DeepLabV3-R50 states=3"", || L1447:""  SegFormer-B0 states=3"", || L1448:f""  total states={EXPECTED_STATES}"", || L1449:""  action=A1_TENT_1STEP"","
code/Q1_R05D3_neopolyp_source_a1_prediction_lock_v1_fix1.py,1480,"""  GT resize=352x352 nearest"",","L1478:""  red neoplastic -> binary foreground"", || L1479:""  RGB assignment=nearest fixed prototype"", || L1480:""  GT resize=352x352 nearest"", || L1481:""  HARM <= -0.02"", || L1482:""  BENEFIT >= +0.02"","
code/Q1_R05D3_neopolyp_source_a1_prediction_lock_v1_fix1.py,1588,assert MASK_H == 352 and MASK_W == 352,L1586:assert EXPECTED_STATES == 9 || L1587:assert EXPECTED_MODEL_CASES == 9000 || L1588:assert MASK_H == 352 and MASK_W == 352 || L1589:assert MASK_PIXELS == 123904 || L1590:assert PACKED_BYTES == 15488
code/Q1_R10L3A_polypgen_source_a1_prediction_lock_fix2.py,21,- SegFormer-B0: exact R03 SOURCE + episodic 1-step TENT,L19:- PraNet: exact S03-B SOURCE + episodic 1-step TENT || L20:- DeepLabV3-R50: exact singleton-safe S05-C SOURCE + episodic 1-step TENT || L21:- SegFormer-B0: exact R03 SOURCE + episodic 1-step TENT || L22: || L23:Frozen action:
code/Q1_R10L3A_polypgen_source_a1_prediction_lock_fix2.py,41,"implementation: 352x352 binary masks, row-major, np.packbits(bitorder=""little"").","L39: || L40:Outputs SOURCE and A1 masks only, packed exactly as the authoritative R05D3 || L41:implementation: 352x352 binary masks, row-major, np.packbits(bitorder=""little""). || L42:"""""" || L43:"
code/Q1_R10L3A_polypgen_source_a1_prediction_lock_fix2.py,124,MASK_H = 352,L122:EXPECTED_MODEL_CASES = EXPECTED_CASES * EXPECTED_STATES || L123: || L124:MASK_H = 352 || L125:MASK_W = 352 || L126:MASK_PIXELS = MASK_H * MASK_W
code/Q1_R10L3A_polypgen_source_a1_prediction_lock_fix2.py,125,MASK_W = 352,L123: || L124:MASK_H = 352 || L125:MASK_W = 352 || L126:MASK_PIXELS = MASK_H * MASK_W || L127:PACKED_BYTES = (MASK_PIXELS + 7) // 8
code/Q1_R10L3A_polypgen_source_a1_prediction_lock_fix2.py,130,"FAMILIES = (""PraNet"", ""DeepLabV3-R50"", ""SegFormer-B0"")","L128:BITORDER = ""little"" || L129: || L130:FAMILIES = (""PraNet"", ""DeepLabV3-R50"", ""SegFormer-B0"") || L131: || L132:EXPECTED_PANEL = {"
code/Q1_R10L3A_polypgen_source_a1_prediction_lock_fix2.py,139,"(""SegFormer-B0"", 20260820),","L137:(""PraNet"", 20260818), || L138:(""PraNet"", 20260819), || L139:(""SegFormer-B0"", 20260820), || L140:(""SegFormer-B0"", 20260821), || L141:(""SegFormer-B0"", 20260822),"
code/Q1_R10L3A_polypgen_source_a1_prediction_lock_fix2.py,140,"(""SegFormer-B0"", 20260821),","L138:(""PraNet"", 20260819), || L139:(""SegFormer-B0"", 20260820), || L140:(""SegFormer-B0"", 20260821), || L141:(""SegFormer-B0"", 20260822), || L142:}"
code/Q1_R10L3A_polypgen_source_a1_prediction_lock_fix2.py,141,"(""SegFormer-B0"", 20260822),","L139:(""SegFormer-B0"", 20260820), || L140:(""SegFormer-B0"", 20260821), || L141:(""SegFormer-B0"", 20260822), || L142:} || L143:"
code/Q1_R10L3A_polypgen_source_a1_prediction_lock_fix2.py,405,"""run_segformer_state"",","L403:""run_pranet_state"", || L404:""run_deeplab_state"", || L405:""run_segformer_state"", || L406:""pack_mask"", || L407:""unpack_mask"","
code/Q1_R10L3A_polypgen_source_a1_prediction_lock_fix2.py,701,# Fix2: the authoritative R05D3 SegFormer runner intentionally returns,"L699:family = state[""model_family""] || L700: || L701:# Fix2: the authoritative R05D3 SegFormer runner intentionally returns || L702:# FOUR values: || L703:#   SOURCE packed masks, A1 packed masks, index rows, seg_context"
code/Q1_R10L3A_polypgen_source_a1_prediction_lock_fix2.py,706,# seg_context is deliberately reused across the three SegFormer states.,"L704:# || L705:# PraNet and DeepLab return three. Do not flatten this difference because || L706:# seg_context is deliberately reused across the three SegFormer states. || L707:if family == ""SegFormer-B0"": || L708:result = r05d3.run_segformer_state("
code/Q1_R10L3A_polypgen_source_a1_prediction_lock_fix2.py,707,"if family == ""SegFormer-B0"":","L705:# PraNet and DeepLab return three. Do not flatten this difference because || L706:# seg_context is deliberately reused across the three SegFormer states. || L707:if family == ""SegFormer-B0"": || L708:result = r05d3.run_segformer_state( || L709:state,"
code/Q1_R10L3A_polypgen_source_a1_prediction_lock_fix2.py,708,result = r05d3.run_segformer_state(,"L706:# seg_context is deliberately reused across the three SegFormer states. || L707:if family == ""SegFormer-B0"": || L708:result = r05d3.run_segformer_state( || L709:state, || L710:targets,"
code/Q1_R10L3A_polypgen_source_a1_prediction_lock_fix2.py,717,"""Authoritative SegFormer runner return schema changed; ""","L715:if not isinstance(result, tuple) or len(result) != 4: || L716:raise RuntimeError( || L717:""Authoritative SegFormer runner return schema changed; "" || L718:f""expected 4 values, got "" || L719:f""{len(result) if isinstance(result, tuple) else type(result)}"""
code/Q1_R10L3A_polypgen_source_a1_prediction_lock_fix2.py,848,# Exact R03 module reused by the authoritative SegFormer state runner.,"L846:patch_r05d3_cardinality(r05d3) || L847: || L848:# Exact R03 module reused by the authoritative SegFormer state runner. || L849:r03 = import_module( || L850:Path(r05d3.R03_SCRIPT),"
code/Q1_R10L3A_polypgen_source_a1_prediction_lock_fix2.py,1048,"""source_foreground_pixels_mean"": float(np.mean(source_fg)),","L1046:""training_seed"": int(state[""training_seed""]), || L1047:""target_cases"": len(rows), || L1048:""source_foreground_pixels_mean"": float(np.mean(source_fg)), || L1049:""a1_foreground_pixels_mean"": float(np.mean(a1_fg)), || L1050:""changed_pixels_mean"": float(np.mean(changed)),"
code/Q1_R10L3A_polypgen_source_a1_prediction_lock_fix2.py,1049,"""a1_foreground_pixels_mean"": float(np.mean(a1_fg)),","L1047:""target_cases"": len(rows), || L1048:""source_foreground_pixels_mean"": float(np.mean(source_fg)), || L1049:""a1_foreground_pixels_mean"": float(np.mean(a1_fg)), || L1050:""changed_pixels_mean"": float(np.mean(changed)), || L1051:""changed_pixels_median"": float(np.median(changed)),"
code/Q1_R10L3A_polypgen_source_a1_prediction_lock_fix2.py,1050,"""changed_pixels_mean"": float(np.mean(changed)),","L1048:""source_foreground_pixels_mean"": float(np.mean(source_fg)), || L1049:""a1_foreground_pixels_mean"": float(np.mean(a1_fg)), || L1050:""changed_pixels_mean"": float(np.mean(changed)), || L1051:""changed_pixels_median"": float(np.median(changed)), || L1052:""changed_pixels_max"": int(np.max(changed)),"
code/Q1_R10L3A_polypgen_source_a1_prediction_lock_fix2.py,1195,"""  SegFormer return schema=4 values with reusable seg_context"",","L1193:f""  verified Fix1 states imported={len(imported_fix1_states)}"", || L1194:""  Fix1 partial output modified=NO"", || L1195:""  SegFormer return schema=4 values with reusable seg_context"", || L1196:"""", || L1197:""Frozen panel/action:"","
code/Q1_R10L3A_polypgen_source_a1_prediction_lock_fix2.py,1200,"""  SegFormer-B0 states=3"",","L1198:""  PraNet states=3"", || L1199:""  DeepLabV3-R50 states=3"", || L1200:""  SegFormer-B0 states=3"", || L1201:f""  total states={EXPECTED_STATES}"", || L1202:""  action=A1_TENT_1STEP"","
