source_path,relative_to_r17a_root,size_mib,sha256,decision,reason
F:\MEDSEG_SAFETTA\code\Q1_R17A_ADIC_matched6_exact_model_instantiation_audit_v1.py,code\Q1_R17A_ADIC_matched6_exact_model_instantiation_audit_v1.py,0.018,babfe840dd138915463d6fa00b894ca38cc69d2287fd6305e3465aa394463fea,COPY_CANDIDATE,small_replay_or_audit_asset
F:\MEDSEG_SAFETTA\code\Q1_R17A_ADIC_matched6_native_dropout_feasibility_audit_v1.py,code\Q1_R17A_ADIC_matched6_native_dropout_feasibility_audit_v1.py,0.014,c9d95f04d7f6db6b021f5531a8a5fc7f79f30e8eaaf0e2d6ed539a32f009f925,COPY_CANDIDATE,small_replay_or_audit_asset
F:\MEDSEG_SAFETTA\code\Q1_R17A_ADIC_MC_deeplab3_preGT_score_lock_v1.py,code\Q1_R17A_ADIC_MC_deeplab3_preGT_score_lock_v1.py,0.037,32747d8ac953041c50957d23b138e2b80a64fb898a47089c4f0d897bb5076e0c,COPY_CANDIDATE,small_replay_or_audit_asset
F:\MEDSEG_SAFETTA\code\Q1_R17A_ADIC_MC_deeplab3_preGT_score_lock_v1_fix1.py,code\Q1_R17A_ADIC_MC_deeplab3_preGT_score_lock_v1_fix1.py,0.042,c819bbb7b38f4a0a3634882d1935ee81753c8614974fb558161623af9f225dd9,COPY_CANDIDATE,small_replay_or_audit_asset
F:\MEDSEG_SAFETTA\code\Q1_R17A_ADIC_MC_deeplab3_preGT_score_lock_v1_fix2.py,code\Q1_R17A_ADIC_MC_deeplab3_preGT_score_lock_v1_fix2.py,0.043,009aaadc7b65b39b28b054cbfb5f9f8bf80fd7581e00df33eca96434505599c4,COPY_CANDIDATE,small_replay_or_audit_asset
F:\MEDSEG_SAFETTA\code\Q1_R17A_CCD_blocked_mapping_resolver_v1_fix1.py,code\Q1_R17A_CCD_blocked_mapping_resolver_v1_fix1.py,0.032,62ffd95dce59d0d770f93d3342bfb79b7cbc4cdd973404d28519c5bd01058949,COPY_CANDIDATE,small_replay_or_audit_asset
F:\MEDSEG_SAFETTA\code\Q1_R17A_CCD_dataset_mapping_freeze_audit_v1.py,code\Q1_R17A_CCD_dataset_mapping_freeze_audit_v1.py,0.025,7f24aa3b42c790009e8ccd9fb75377eb85ed096820a4e492a40e84089fc2efb3,COPY_CANDIDATE,small_replay_or_audit_asset
F:\MEDSEG_SAFETTA\code\Q1_R17A_CCD_exact_integration_audit_v1.py,code\Q1_R17A_CCD_exact_integration_audit_v1.py,0.014,8379eb26ecadbe8b26859560daf8603f9de273619e23fed26467054314b4964f,COPY_CANDIDATE,small_replay_or_audit_asset
F:\MEDSEG_SAFETTA\code\Q1_R17A_CCD_polypgen_6state_preGT_score_lock_v1.py,code\Q1_R17A_CCD_polypgen_6state_preGT_score_lock_v1.py,0.020,cac9d2540514a6a76bc625b7b7d3fa6bdc258885c00d028bb3ca765a6f78a79c,COPY_CANDIDATE,small_replay_or_audit_asset
F:\MEDSEG_SAFETTA\code\Q1_R17A_CCD_polypgen_full9_preGT_score_lock_v1.py,code\Q1_R17A_CCD_polypgen_full9_preGT_score_lock_v1.py,0.032,2343b49234b7367321ff4595607e6e5c2582a5e2504afe2fa218bab2c2f846a6,COPY_CANDIDATE,small_replay_or_audit_asset
F:\MEDSEG_SAFETTA\code\Q1_R17A_CCD_polypgen_full9_preGT_score_lock_v1_fix1.py,code\Q1_R17A_CCD_polypgen_full9_preGT_score_lock_v1_fix1.py,0.034,9c0c143f2450817d4c3ff3e8321afa9ec53862807eb4dc2da1d4ba106d37db7f,COPY_CANDIDATE,small_replay_or_audit_asset
F:\MEDSEG_SAFETTA\code\Q1_R17A_CCD_polypgen_full9_preGT_score_lock_v1_fix2.py,code\Q1_R17A_CCD_polypgen_full9_preGT_score_lock_v1_fix2.py,0.039,64f70b40fffbd72d2828cbfa910b05f322ba637caf4a73f42f048ba6da492da3,COPY_CANDIDATE,small_replay_or_audit_asset
F:\MEDSEG_SAFETTA\code\Q1_R17A_CCD_polypgen_matched6_postGT_evaluation_v1.py,code\Q1_R17A_CCD_polypgen_matched6_postGT_evaluation_v1.py,0.020,509f4caaef660068e31cd1d78d3d166300a10abce175f3d28df4389c0daff24f,COPY_CANDIDATE,small_replay_or_audit_asset
F:\MEDSEG_SAFETTA\code\Q1_R17A_CCD_polypgen_matched6_postGT_evaluation_v1_fix1.py,code\Q1_R17A_CCD_polypgen_matched6_postGT_evaluation_v1_fix1.py,0.022,af8ff206ad04f693612cf02cab62ba7b1d1d0835541229dae88fc0d7234f2c62,COPY_CANDIDATE,small_replay_or_audit_asset
F:\MEDSEG_SAFETTA\code\Q1_R17A_CCD_polypgen_segformer_fix1_lineage_audit_v1.py,code\Q1_R17A_CCD_polypgen_segformer_fix1_lineage_audit_v1.py,0.019,adea54e345535c2377c8541f3b548ce2bfed5119e12dc057c90cfb7dfed3c457,COPY_CANDIDATE,small_replay_or_audit_asset
F:\MEDSEG_SAFETTA\code\Q1_R17A_CCD_polypgen_segformer_inference_contract_audit_v1.py,code\Q1_R17A_CCD_polypgen_segformer_inference_contract_audit_v1.py,0.017,e712a1610ed29625f341741bddc679cba8125cbdea02e82b622ff42179c6cf15,COPY_CANDIDATE,small_replay_or_audit_asset
F:\MEDSEG_SAFETTA\code\Q1_R17A_CCD_polypgen_segformer_pipeline_deep_audit_v1.py,code\Q1_R17A_CCD_polypgen_segformer_pipeline_deep_audit_v1.py,0.023,7ccc022aa9f6e2ba2f6694f683052ad5a82be17a4fc0629d546627488b98de92,COPY_CANDIDATE,small_replay_or_audit_asset
F:\MEDSEG_SAFETTA\code\Q1_R17A_CCD_polypgen_segformer_singlepixel_parity_diagnostic_v1.py,code\Q1_R17A_CCD_polypgen_segformer_singlepixel_parity_diagnostic_v1.py,0.018,a942c509df66fb02ffbfe8270c0e2b90ff9ec74965fb4a0c34ef75476f3b6de1,COPY_CANDIDATE,small_replay_or_audit_asset
F:\MEDSEG_SAFETTA\code\Q1_R17A_polypgen_deeplab3_fourway_postGT_evaluation_v1.py,code\Q1_R17A_polypgen_deeplab3_fourway_postGT_evaluation_v1.py,0.022,5e7ce56eaaecd1cea55214155ac7bc6a755ed16163a9e7d1610deea0505da41e,COPY_CANDIDATE,small_replay_or_audit_asset
F:\MEDSEG_SAFETTA\code\Q1_R17A_published_reliability_baseline_asset_audit_v1.py,code\Q1_R17A_published_reliability_baseline_asset_audit_v1.py,0.007,b655580d807905e4cfc6fc8e84d3bf10bd9b2346b7d117b4a44356db2e58cc28,COPY_CANDIDATE,small_replay_or_audit_asset
F:\MEDSEG_SAFETTA\outputs\Q1_R17A_ADIC_matched6_exact_model_instantiation_audit_v1\R17A_ADIC_EXACT_MODEL_INSTANTIATION.csv,outputs\Q1_R17A_ADIC_matched6_exact_model_instantiation_audit_v1\R17A_ADIC_EXACT_MODEL_INSTANTIATION.csv,0.002,b95203363511489724ceec250cdfb8bff85d3c00cd252b336f73a47965da5ad1,COPY_CANDIDATE,small_replay_or_audit_asset
F:\MEDSEG_SAFETTA\outputs\Q1_R17A_ADIC_matched6_exact_model_instantiation_audit_v1\R17A_ADIC_EXACT_MODEL_INSTANTIATION_LOCK.json,outputs\Q1_R17A_ADIC_matched6_exact_model_instantiation_audit_v1\R17A_ADIC_EXACT_MODEL_INSTANTIATION_LOCK.json,0.001,5be8837d5ad31855dd5fa1ef0a2ea860900519bc498499905e02b8f06dc832e7,COPY_CANDIDATE,small_replay_or_audit_asset
F:\MEDSEG_SAFETTA\outputs\Q1_R17A_ADIC_matched6_exact_model_instantiation_audit_v1\R17A_ADIC_EXACT_MODEL_INSTANTIATION_REPORT.txt,outputs\Q1_R17A_ADIC_matched6_exact_model_instantiation_audit_v1\R17A_ADIC_EXACT_MODEL_INSTANTIATION_REPORT.txt,0.001,fe4b1eb53370fade2cf9a9abcc20d98c9a51ad79ac6524024020ff2743432115,COPY_CANDIDATE,small_replay_or_audit_asset
F:\MEDSEG_SAFETTA\outputs\Q1_R17A_ADIC_matched6_exact_model_instantiation_audit_v1\R17A_ADIC_FAMILY_SUPPORT_DECISION.csv,outputs\Q1_R17A_ADIC_matched6_exact_model_instantiation_audit_v1\R17A_ADIC_FAMILY_SUPPORT_DECISION.csv,0.000,edbd7be30dd1e8c426c6be09fe82b511807dcab90e6bebad8b9dffe180237fa5,COPY_CANDIDATE,small_replay_or_audit_asset
F:\MEDSEG_SAFETTA\outputs\Q1_R17A_ADIC_matched6_native_dropout_feasibility_audit_v1\R17A_ADIC_EXACT_HELPER_CONTRACT.csv,outputs\Q1_R17A_ADIC_matched6_native_dropout_feasibility_audit_v1\R17A_ADIC_EXACT_HELPER_CONTRACT.csv,0.137,176998d0403cae06aa9c9ea6d2ae1ee73ac6f49737dd3172c74ae49bbd1de414,COPY_CANDIDATE,small_replay_or_audit_asset
F:\MEDSEG_SAFETTA\outputs\Q1_R17A_ADIC_matched6_native_dropout_feasibility_audit_v1\R17A_ADIC_FEASIBILITY_SUMMARY.json,outputs\Q1_R17A_ADIC_matched6_native_dropout_feasibility_audit_v1\R17A_ADIC_FEASIBILITY_SUMMARY.json,0.001,5a8024d1a0c510d1c1bba2d51ef8105a7d23002606162beb9b0a6764f03c45e5,COPY_CANDIDATE,small_replay_or_audit_asset
F:\MEDSEG_SAFETTA\outputs\Q1_R17A_ADIC_matched6_native_dropout_feasibility_audit_v1\R17A_ADIC_MATCHED6_FEASIBILITY_REPORT.txt,outputs\Q1_R17A_ADIC_matched6_native_dropout_feasibility_audit_v1\R17A_ADIC_MATCHED6_FEASIBILITY_REPORT.txt,0.001,0b257444a40e3e1c535d24230874cb4f52a8d0c9ec34aa9825ee84b557e78f5f,COPY_CANDIDATE,small_replay_or_audit_asset
F:\MEDSEG_SAFETTA\outputs\Q1_R17A_ADIC_matched6_native_dropout_feasibility_audit_v1\R17A_ADIC_MODE_HANDLING_AUDIT.csv,outputs\Q1_R17A_ADIC_matched6_native_dropout_feasibility_audit_v1\R17A_ADIC_MODE_HANDLING_AUDIT.csv,0.007,9d6605e3533f9bebe1db08c612c6072a4f81c01aa31cc3c14f4a738e4e9297e1,COPY_CANDIDATE,small_replay_or_audit_asset
F:\MEDSEG_SAFETTA\outputs\Q1_R17A_ADIC_matched6_native_dropout_feasibility_audit_v1\R17A_ADIC_NATIVE_DROPOUT_CODE_AUDIT.csv,outputs\Q1_R17A_ADIC_matched6_native_dropout_feasibility_audit_v1\R17A_ADIC_NATIVE_DROPOUT_CODE_AUDIT.csv,0.001,0fc063432f19200d8284b7a8a3f97fb7b6da34f59f42a506c6b366b86e33f0dd,COPY_CANDIDATE,small_replay_or_audit_asset
F:\MEDSEG_SAFETTA\outputs\Q1_R17A_ADIC_matched6_native_dropout_feasibility_audit_v1\R17A_ADIC_SOURCE_CHECKPOINTS.csv,outputs\Q1_R17A_ADIC_matched6_native_dropout_feasibility_audit_v1\R17A_ADIC_SOURCE_CHECKPOINTS.csv,0.001,b8ee13cdc84647a9633efa918fc8ee64bcd5b9cf7fe9b6a54a3e3e8e3203cd3c,COPY_CANDIDATE,small_replay_or_audit_asset
F:\MEDSEG_SAFETTA\outputs\Q1_R17A_ADIC_MC_deeplab3_preGT_score_lock_v1_fix2\R17A_POLYPGEN_DEEPLAB3_ADIC_MC_PREGT_LOCK.json,outputs\Q1_R17A_ADIC_MC_deeplab3_preGT_score_lock_v1_fix2\R17A_POLYPGEN_DEEPLAB3_ADIC_MC_PREGT_LOCK.json,0.004,86d80d7dae6c994665bc2e0e8b8f2009099caa2a8090b5803e1a45d22faeecad,COPY_CANDIDATE,small_replay_or_audit_asset
F:\MEDSEG_SAFETTA\outputs\Q1_R17A_ADIC_MC_deeplab3_preGT_score_lock_v1_fix2\R17A_POLYPGEN_DEEPLAB3_ADIC_MC_PREGT_REPORT.txt,outputs\Q1_R17A_ADIC_MC_deeplab3_preGT_score_lock_v1_fix2\R17A_POLYPGEN_DEEPLAB3_ADIC_MC_PREGT_REPORT.txt,0.001,f0148aee12642b282d733ce995bee89a62d236615232500049973c03efcf1cb3,COPY_CANDIDATE,small_replay_or_audit_asset
F:\MEDSEG_SAFETTA\outputs\Q1_R17A_ADIC_MC_deeplab3_preGT_score_lock_v1_fix2\R17A_POLYPGEN_DEEPLAB3_ADIC_MC_PREGT_SCORE_LOCK.csv,outputs\Q1_R17A_ADIC_MC_deeplab3_preGT_score_lock_v1_fix2\R17A_POLYPGEN_DEEPLAB3_ADIC_MC_PREGT_SCORE_LOCK.csv,2.222,223f1496e9cc56736d752f57f38d8edae64f20c47bcb6d1b48c243775081cd52,COPY_CANDIDATE,small_replay_or_audit_asset
F:\MEDSEG_SAFETTA\outputs\Q1_R17A_CCD_blocked_mapping_resolver_v1_fix1\R17A_BLOCKED_CHECKPOINT_CLAIMS.csv,outputs\Q1_R17A_CCD_blocked_mapping_resolver_v1_fix1\R17A_BLOCKED_CHECKPOINT_CLAIMS.csv,0.065,ae30bf84715a993db0e109f1b8182110584081d775b377f44602bf87bc175ce2,COPY_CANDIDATE,small_replay_or_audit_asset
F:\MEDSEG_SAFETTA\outputs\Q1_R17A_CCD_blocked_mapping_resolver_v1_fix1\R17A_BLOCKED_CHECKPOINT_RESOLUTION.csv,outputs\Q1_R17A_CCD_blocked_mapping_resolver_v1_fix1\R17A_BLOCKED_CHECKPOINT_RESOLUTION.csv,0.106,f577114327374336116053af52a5efa319f4bff0efc291a9458eb26e27b1c6ab,COPY_CANDIDATE,small_replay_or_audit_asset
F:\MEDSEG_SAFETTA\outputs\Q1_R17A_CCD_blocked_mapping_resolver_v1_fix1\R17A_BLOCKED_IMAGE_MANIFEST_AUDIT.csv,outputs\Q1_R17A_CCD_blocked_mapping_resolver_v1_fix1\R17A_BLOCKED_IMAGE_MANIFEST_AUDIT.csv,0.017,c7e25df81f7b6afca862c0f0fe5f2a5dc1821f6e58fd2eb7e4b869fa8eb5b6e0,COPY_CANDIDATE,small_replay_or_audit_asset
F:\MEDSEG_SAFETTA\outputs\Q1_R17A_CCD_blocked_mapping_resolver_v1_fix1\R17A_BLOCKED_INFERENCE_CODE_AUDIT.csv,outputs\Q1_R17A_CCD_blocked_mapping_resolver_v1_fix1\R17A_BLOCKED_INFERENCE_CODE_AUDIT.csv,0.017,b77d1b20aa6aff49ed7f6dd9a3302f4317b6c61d571c890323dfbd94eb3f9f7d,COPY_CANDIDATE,small_replay_or_audit_asset
F:\MEDSEG_SAFETTA\outputs\Q1_R17A_CCD_blocked_mapping_resolver_v1_fix1\R17A_BLOCKED_MAPPING_DECISIONS.json,outputs\Q1_R17A_CCD_blocked_mapping_resolver_v1_fix1\R17A_BLOCKED_MAPPING_DECISIONS.json,0.044,f9c620c0a27c1786a67567fa4cedd6960789682bedd887eb5400b833d4353f79,COPY_CANDIDATE,small_replay_or_audit_asset
F:\MEDSEG_SAFETTA\outputs\Q1_R17A_CCD_blocked_mapping_resolver_v1_fix1\R17A_BLOCKED_PREGT_ARRAY_AUDIT.csv,outputs\Q1_R17A_CCD_blocked_mapping_resolver_v1_fix1\R17A_BLOCKED_PREGT_ARRAY_AUDIT.csv,0.037,83d87460783c2ae48986239b68e6bee9ea42a85f3c4f26515b45d75b20ebee44,COPY_CANDIDATE,small_replay_or_audit_asset
F:\MEDSEG_SAFETTA\outputs\Q1_R17A_CCD_blocked_mapping_resolver_v1_fix1\R17A_BLOCKED_SOURCE_CHECKPOINT_INVENTORY.csv,outputs\Q1_R17A_CCD_blocked_mapping_resolver_v1_fix1\R17A_BLOCKED_SOURCE_CHECKPOINT_INVENTORY.csv,0.007,1f0b383827e95578320c7a70d6de9b1478104811547b78ef6f43a0e47d48019d,COPY_CANDIDATE,small_replay_or_audit_asset
F:\MEDSEG_SAFETTA\outputs\Q1_R17A_CCD_blocked_mapping_resolver_v1_fix1\R17A_CCD_BLOCKED_MAPPING_RESOLVER_REPORT.txt,outputs\Q1_R17A_CCD_blocked_mapping_resolver_v1_fix1\R17A_CCD_BLOCKED_MAPPING_RESOLVER_REPORT.txt,0.016,b7ff240e1ddfde7ce96b46551b047e4b0f7dae17666113b5f14ecb94c3298964,COPY_CANDIDATE,small_replay_or_audit_asset
F:\MEDSEG_SAFETTA\outputs\Q1_R17A_CCD_dataset_mapping_freeze_audit_v1\R17A_CCD_ALIGNMENT_MANIFEST_AUDIT.csv,outputs\Q1_R17A_CCD_dataset_mapping_freeze_audit_v1\R17A_CCD_ALIGNMENT_MANIFEST_AUDIT.csv,0.779,107f7654e7596e98f7c0839380604936c908f0c42533b741d23b99d195927450,COPY_CANDIDATE,small_replay_or_audit_asset
F:\MEDSEG_SAFETTA\outputs\Q1_R17A_CCD_dataset_mapping_freeze_audit_v1\R17A_CCD_ARRAY_HEADER_AUDIT.csv,outputs\Q1_R17A_CCD_dataset_mapping_freeze_audit_v1\R17A_CCD_ARRAY_HEADER_AUDIT.csv,0.039,4b4619cdf506928aa8fe8519cc7fc22d34824935bfb39f16278cdf2d9fd59761,COPY_CANDIDATE,small_replay_or_audit_asset
F:\MEDSEG_SAFETTA\outputs\Q1_R17A_CCD_dataset_mapping_freeze_audit_v1\R17A_CCD_ASSET_CODE_REFERENCE_AUDIT.csv,outputs\Q1_R17A_CCD_dataset_mapping_freeze_audit_v1\R17A_CCD_ASSET_CODE_REFERENCE_AUDIT.csv,0.007,970d441ef5b914aff8cf5db5e39138296dded9760b841412d21fcce7f830836e,COPY_CANDIDATE,small_replay_or_audit_asset
F:\MEDSEG_SAFETTA\outputs\Q1_R17A_CCD_dataset_mapping_freeze_audit_v1\R17A_CCD_DATASET_MAPPING.json,outputs\Q1_R17A_CCD_dataset_mapping_freeze_audit_v1\R17A_CCD_DATASET_MAPPING.json,0.033,f1104bda80891ca89d976e1825ec2c3aaf151001acda5a44c1341174a3252237,COPY_CANDIDATE,small_replay_or_audit_asset
F:\MEDSEG_SAFETTA\outputs\Q1_R17A_CCD_dataset_mapping_freeze_audit_v1\R17A_CCD_DATASET_MAPPING_REPORT.txt,outputs\Q1_R17A_CCD_dataset_mapping_freeze_audit_v1\R17A_CCD_DATASET_MAPPING_REPORT.txt,0.011,b1daeaaf66530b491445982ad3b178e49b98aa91704978fa68b38032cf2cfca9,COPY_CANDIDATE,small_replay_or_audit_asset
F:\MEDSEG_SAFETTA\outputs\Q1_R17A_CCD_dataset_mapping_freeze_audit_v1\R17A_CCD_SOURCE_CHECKPOINT_AUDIT.csv,outputs\Q1_R17A_CCD_dataset_mapping_freeze_audit_v1\R17A_CCD_SOURCE_CHECKPOINT_AUDIT.csv,0.007,f14b46b4db343ff3a823f82660abe0b2437b68eeb802b9ed54907c2ad6c42f7f,COPY_CANDIDATE,small_replay_or_audit_asset
F:\MEDSEG_SAFETTA\outputs\Q1_R17A_CCD_dataset_mapping_freeze_audit_v1\R17A_CCD_SOURCE_INFERENCE_CODE_AUDIT.csv,outputs\Q1_R17A_CCD_dataset_mapping_freeze_audit_v1\R17A_CCD_SOURCE_INFERENCE_CODE_AUDIT.csv,0.244,d168a2c51d11fb497db22b0e5fbcd7b8cd161f5475b8dd3ff3f9924283406efa,COPY_CANDIDATE,small_replay_or_audit_asset
F:\MEDSEG_SAFETTA\outputs\Q1_R17A_CCD_exact_integration_audit_v1\R17A_CCD_ARRAY_METADATA.csv,outputs\Q1_R17A_CCD_exact_integration_audit_v1\R17A_CCD_ARRAY_METADATA.csv,0.036,5b32200a9f923d098e982033a2544692f19088203d9926cd0ae7603e3395c820,COPY_CANDIDATE,small_replay_or_audit_asset
F:\MEDSEG_SAFETTA\outputs\Q1_R17A_CCD_exact_integration_audit_v1\R17A_CCD_CHECKPOINT_INVENTORY.csv,outputs\Q1_R17A_CCD_exact_integration_audit_v1\R17A_CCD_CHECKPOINT_INVENTORY.csv,0.009,15976dce6c8b370107eb589f39cdd87a0d70c04fcac92c1be811942824efd181,COPY_CANDIDATE,small_replay_or_audit_asset
F:\MEDSEG_SAFETTA\outputs\Q1_R17A_CCD_exact_integration_audit_v1\R17A_CCD_INFERENCE_CODE_AUDIT.csv,outputs\Q1_R17A_CCD_exact_integration_audit_v1\R17A_CCD_INFERENCE_CODE_AUDIT.csv,0.313,b111d43887574752b535cb7398a2c22ddfa854db8e35c56d8caac98618d3388d,COPY_CANDIDATE,small_replay_or_audit_asset
F:\MEDSEG_SAFETTA\outputs\Q1_R17A_CCD_polypgen_6state_preGT_score_lock_v1\R17A_POLYPGEN_CCD_6STATE_PREGT_LOCK.json,outputs\Q1_R17A_CCD_polypgen_6state_preGT_score_lock_v1\R17A_POLYPGEN_CCD_6STATE_PREGT_LOCK.json,0.001,3b726ff1b7175860605b92669775ec6cb7410d62cf655b74f539773060e94f64,COPY_CANDIDATE,small_replay_or_audit_asset
F:\MEDSEG_SAFETTA\outputs\Q1_R17A_CCD_polypgen_6state_preGT_score_lock_v1\R17A_POLYPGEN_CCD_6STATE_PREGT_REPORT.txt,outputs\Q1_R17A_CCD_polypgen_6state_preGT_score_lock_v1\R17A_POLYPGEN_CCD_6STATE_PREGT_REPORT.txt,0.001,5e41229fced5c13fe0a157935586616e409c15cfb815f9e5ea380c824b8fb052,COPY_CANDIDATE,small_replay_or_audit_asset
F:\MEDSEG_SAFETTA\outputs\Q1_R17A_CCD_polypgen_6state_preGT_score_lock_v1\R17A_POLYPGEN_CCD_6STATE_PREGT_SCORE_LOCK.csv,outputs\Q1_R17A_CCD_polypgen_6state_preGT_score_lock_v1\R17A_POLYPGEN_CCD_6STATE_PREGT_SCORE_LOCK.csv,4.189,85a2e5d913ddbb88a88c8df09b7ef88822963ea9a1451eda6c6254f95b151786,COPY_CANDIDATE,small_replay_or_audit_asset
F:\MEDSEG_SAFETTA\outputs\Q1_R17A_CCD_polypgen_6state_preGT_score_lock_v1\R17A_POLYPGEN_CCD_6STATE_SUMMARY.csv,outputs\Q1_R17A_CCD_polypgen_6state_preGT_score_lock_v1\R17A_POLYPGEN_CCD_6STATE_SUMMARY.csv,0.001,2ce757dbbb33ed20d98c07cce0c5fa03afdd5d8395f3f6f9dc64fa64bd86c9e1,COPY_CANDIDATE,small_replay_or_audit_asset
F:\MEDSEG_SAFETTA\outputs\Q1_R17A_CCD_polypgen_6state_preGT_score_lock_v1\R17A_POLYPGEN_CCD_INPUT_ASSET_LOCK.json,outputs\Q1_R17A_CCD_polypgen_6state_preGT_score_lock_v1\R17A_POLYPGEN_CCD_INPUT_ASSET_LOCK.json,0.005,280bcac3bef51b39105333308a205faeec7c106497155f116fc09ca9f776bfc3,COPY_CANDIDATE,small_replay_or_audit_asset
F:\MEDSEG_SAFETTA\outputs\Q1_R17A_CCD_polypgen_full9_preGT_score_lock_v1_fix2\R17A_POLYPGEN_CCD_FULL9_PREGT_LOCK.json,outputs\Q1_R17A_CCD_polypgen_full9_preGT_score_lock_v1_fix2\R17A_POLYPGEN_CCD_FULL9_PREGT_LOCK.json,0.007,44f5776942894bdcb8b588257da687e8b013ba474cb47081b3951ba64c6c4747,COPY_CANDIDATE,small_replay_or_audit_asset
F:\MEDSEG_SAFETTA\outputs\Q1_R17A_CCD_polypgen_full9_preGT_score_lock_v1_fix2\R17A_POLYPGEN_CCD_FULL9_PREGT_REPORT.txt,outputs\Q1_R17A_CCD_polypgen_full9_preGT_score_lock_v1_fix2\R17A_POLYPGEN_CCD_FULL9_PREGT_REPORT.txt,0.001,2d2aa9407bd5e01e7c8c2365c32b2f7b1eebfccf876580eec6466816820f64e8,COPY_CANDIDATE,small_replay_or_audit_asset
F:\MEDSEG_SAFETTA\outputs\Q1_R17A_CCD_polypgen_full9_preGT_score_lock_v1_fix2\R17A_POLYPGEN_CCD_FULL9_PREGT_SCORE_LOCK.csv,outputs\Q1_R17A_CCD_polypgen_full9_preGT_score_lock_v1_fix2\R17A_POLYPGEN_CCD_FULL9_PREGT_SCORE_LOCK.csv,4.032,8fca0b2b3ad9dbf9a6b5dacd6b25b33f89f7f58b8838fb6f0c2c0d1d4c270da3,COPY_CANDIDATE,small_replay_or_audit_asset
F:\MEDSEG_SAFETTA\outputs\Q1_R17A_CCD_polypgen_full9_preGT_score_lock_v1_fix2\R17A_POLYPGEN_CCD_FULL9_STATE_SUMMARY.csv,outputs\Q1_R17A_CCD_polypgen_full9_preGT_score_lock_v1_fix2\R17A_POLYPGEN_CCD_FULL9_STATE_SUMMARY.csv,0.001,9f44731cf1e47a4fca6ad5287207de7faed2832a1a9c7ad28da64b73b00d20cb,COPY_CANDIDATE,small_replay_or_audit_asset
F:\MEDSEG_SAFETTA\outputs\Q1_R17A_CCD_polypgen_full9_preGT_score_lock_v1_fix2\R17A_POLYPGEN_CCD_SEGF_3STATE_PREGT_SCORE_LOCK.csv,outputs\Q1_R17A_CCD_polypgen_full9_preGT_score_lock_v1_fix2\R17A_POLYPGEN_CCD_SEGF_3STATE_PREGT_SCORE_LOCK.csv,1.633,56dae3b7d6d5b7e89e24d246e4552e3ea6a08cce6cd5e6ff33461380901b295a,COPY_CANDIDATE,small_replay_or_audit_asset
F:\MEDSEG_SAFETTA\outputs\Q1_R17A_CCD_polypgen_matched6_postGT_evaluation_v1_fix1\R17A_POLYPGEN_MATCHED6_CCD_EVALUATION_REPORT.txt,outputs\Q1_R17A_CCD_polypgen_matched6_postGT_evaluation_v1_fix1\R17A_POLYPGEN_MATCHED6_CCD_EVALUATION_REPORT.txt,0.001,2a7eed479def63d73b19f3eea4b9d32114cf8a36159b9cff3473c502d4994164,COPY_CANDIDATE,small_replay_or_audit_asset
F:\MEDSEG_SAFETTA\outputs\Q1_R17A_CCD_polypgen_matched6_postGT_evaluation_v1_fix1\R17A_POLYPGEN_MATCHED6_DELTA_CI95.csv,outputs\Q1_R17A_CCD_polypgen_matched6_postGT_evaluation_v1_fix1\R17A_POLYPGEN_MATCHED6_DELTA_CI95.csv,0.001,baa283578f2dd0cfda37d442b7e925e07e802ca96524d5299511896701ac6bc2,COPY_CANDIDATE,small_replay_or_audit_asset
F:\MEDSEG_SAFETTA\outputs\Q1_R17A_CCD_polypgen_matched6_postGT_evaluation_v1_fix1\R17A_POLYPGEN_MATCHED6_EVALUATION_LOCK.json,outputs\Q1_R17A_CCD_polypgen_matched6_postGT_evaluation_v1_fix1\R17A_POLYPGEN_MATCHED6_EVALUATION_LOCK.json,0.002,d355a98c801fcd68801b8315ccdff40230a18fc9ce19da7d74614a6b33185f2d,COPY_CANDIDATE,small_replay_or_audit_asset
F:\MEDSEG_SAFETTA\outputs\Q1_R17A_CCD_polypgen_matched6_postGT_evaluation_v1_fix1\R17A_POLYPGEN_MATCHED6_LOCKED_JOIN_PANEL.csv,outputs\Q1_R17A_CCD_polypgen_matched6_postGT_evaluation_v1_fix1\R17A_POLYPGEN_MATCHED6_LOCKED_JOIN_PANEL.csv,4.523,58101dac1a0e4c6ee6865e988c942d6f9252264a1d3607dd45c67f3d5b865830,COPY_CANDIDATE,small_replay_or_audit_asset
F:\MEDSEG_SAFETTA\outputs\Q1_R17A_CCD_polypgen_matched6_postGT_evaluation_v1_fix1\R17A_POLYPGEN_MATCHED6_PAIRED_BOOTSTRAP.csv,outputs\Q1_R17A_CCD_polypgen_matched6_postGT_evaluation_v1_fix1\R17A_POLYPGEN_MATCHED6_PAIRED_BOOTSTRAP.csv,0.453,b65aa568ac39fff5971c24d017ac388feb40620b91c51bba2b70aa3d8605241d,COPY_CANDIDATE,small_replay_or_audit_asset
F:\MEDSEG_SAFETTA\outputs\Q1_R17A_CCD_polypgen_matched6_postGT_evaluation_v1_fix1\R17A_POLYPGEN_MATCHED6_PER_FAMILY_METRICS.csv,outputs\Q1_R17A_CCD_polypgen_matched6_postGT_evaluation_v1_fix1\R17A_POLYPGEN_MATCHED6_PER_FAMILY_METRICS.csv,0.000,6952b667e74a5cf15a440ffa6cb201b462227913f2453570f71a5f573a782dd5,COPY_CANDIDATE,small_replay_or_audit_asset
F:\MEDSEG_SAFETTA\outputs\Q1_R17A_CCD_polypgen_matched6_postGT_evaluation_v1_fix1\R17A_POLYPGEN_MATCHED6_POINT_METRICS.csv,outputs\Q1_R17A_CCD_polypgen_matched6_postGT_evaluation_v1_fix1\R17A_POLYPGEN_MATCHED6_POINT_METRICS.csv,0.000,77c907cb336ed77cb8b1996495e3edada3232d2e3da6dce98273c849c25e1c74,COPY_CANDIDATE,small_replay_or_audit_asset
F:\MEDSEG_SAFETTA\outputs\Q1_R17A_CCD_polypgen_segformer_fix1_lineage_audit_v1\R17A_FIX1_BOOTSTRAP_LOG_SEARCH.csv,outputs\Q1_R17A_CCD_polypgen_segformer_fix1_lineage_audit_v1\R17A_FIX1_BOOTSTRAP_LOG_SEARCH.csv,0.000,1b1b95f1e0bda70a09f3f69f78bb8b8c6e8c98bb3c8da748d944603d60011358,COPY_CANDIDATE,small_replay_or_audit_asset
F:\MEDSEG_SAFETTA\outputs\Q1_R17A_CCD_polypgen_segformer_fix1_lineage_audit_v1\R17A_FIX1_FIX2_FUNCTIONS.csv,outputs\Q1_R17A_CCD_polypgen_segformer_fix1_lineage_audit_v1\R17A_FIX1_FIX2_FUNCTIONS.csv,0.016,84907a587d3462f358323676dfe742da5409331d64d77e77906bb5888ea65aa0,COPY_CANDIDATE,small_replay_or_audit_asset
F:\MEDSEG_SAFETTA\outputs\Q1_R17A_CCD_polypgen_segformer_fix1_lineage_audit_v1\R17A_FIX1_FIX2_SCRIPT_LINEAGE.csv,outputs\Q1_R17A_CCD_polypgen_segformer_fix1_lineage_audit_v1\R17A_FIX1_FIX2_SCRIPT_LINEAGE.csv,0.010,29d0c8b685913bab1781c8cc94a5468f1cef01c62addd822e671a9a89382d270,COPY_CANDIDATE,small_replay_or_audit_asset
F:\MEDSEG_SAFETTA\outputs\Q1_R17A_CCD_polypgen_segformer_fix1_lineage_audit_v1\R17A_FIX1_FIX2_SEGF_ARTIFACT_COMPARISON.csv,outputs\Q1_R17A_CCD_polypgen_segformer_fix1_lineage_audit_v1\R17A_FIX1_FIX2_SEGF_ARTIFACT_COMPARISON.csv,0.003,66c7405d722b81087926c7c7a6bacf6c648c2ecf52353b5f0c26496ce2e54e20,COPY_CANDIDATE,small_replay_or_audit_asset
F:\MEDSEG_SAFETTA\outputs\Q1_R17A_CCD_polypgen_segformer_fix1_lineage_audit_v1\R17A_FIX1_FIX2_SIDECAR_LINEAGE.csv,outputs\Q1_R17A_CCD_polypgen_segformer_fix1_lineage_audit_v1\R17A_FIX1_FIX2_SIDECAR_LINEAGE.csv,0.003,cc13ab74fbcba895ccdf25638b2f1e01f6c3c50dc34432c55e6fe711675236a3,COPY_CANDIDATE,small_replay_or_audit_asset
F:\MEDSEG_SAFETTA\outputs\Q1_R17A_CCD_polypgen_segformer_fix1_lineage_audit_v1\R17A_FIX1_LINEAGE_SUMMARY.json,outputs\Q1_R17A_CCD_polypgen_segformer_fix1_lineage_audit_v1\R17A_FIX1_LINEAGE_SUMMARY.json,0.001,2acd28d17e50e433344cc60ace0c1b5c91094ac47640f20d829e4b45e2a078d4,COPY_CANDIDATE,small_replay_or_audit_asset
F:\MEDSEG_SAFETTA\outputs\Q1_R17A_CCD_polypgen_segformer_fix1_lineage_audit_v1\R17A_POLYPGEN_SEGF_FIX1_LINEAGE_REPORT.txt,outputs\Q1_R17A_CCD_polypgen_segformer_fix1_lineage_audit_v1\R17A_POLYPGEN_SEGF_FIX1_LINEAGE_REPORT.txt,0.002,9d9130faf20dd4f410af3afb331e8a9d9c9faaeeea30e2f92ccaa965880b57db,COPY_CANDIDATE,small_replay_or_audit_asset
F:\MEDSEG_SAFETTA\outputs\Q1_R17A_CCD_polypgen_segformer_inference_contract_audit_v1\R17A_POLYPGEN_SEGF_INFERENCE_CONTRACT_REPORT.txt,outputs\Q1_R17A_CCD_polypgen_segformer_inference_contract_audit_v1\R17A_POLYPGEN_SEGF_INFERENCE_CONTRACT_REPORT.txt,0.028,5735a335bb7997a6df1efd45ebfd37ac82099e10fdefaec48256d83834d63193,COPY_CANDIDATE,small_replay_or_audit_asset
F:\MEDSEG_SAFETTA\outputs\Q1_R17A_CCD_polypgen_segformer_inference_contract_audit_v1\R17A_SEGF_CHECKPOINT_AUDIT.csv,outputs\Q1_R17A_CCD_polypgen_segformer_inference_contract_audit_v1\R17A_SEGF_CHECKPOINT_AUDIT.csv,0.031,d62d17ea75ba3265917471219a7e7f483dfe13f81f2eaed66fe3da33b33f11cc,COPY_CANDIDATE,small_replay_or_audit_asset
F:\MEDSEG_SAFETTA\outputs\Q1_R17A_CCD_polypgen_segformer_inference_contract_audit_v1\R17A_SEGF_CODE_KEYWORD_CONTEXT.csv,outputs\Q1_R17A_CCD_polypgen_segformer_inference_contract_audit_v1\R17A_SEGF_CODE_KEYWORD_CONTEXT.csv,0.066,15aa28b31f513cd0e164306d544bdf642be1dc38f264a1933fe81036f4a77e24,COPY_CANDIDATE,small_replay_or_audit_asset
F:\MEDSEG_SAFETTA\outputs\Q1_R17A_CCD_polypgen_segformer_inference_contract_audit_v1\R17A_SEGF_FUNCTION_CONTRACT.csv,outputs\Q1_R17A_CCD_polypgen_segformer_inference_contract_audit_v1\R17A_SEGF_FUNCTION_CONTRACT.csv,0.014,f524da50fc171b1648d2423e720dc2c7f9ded14a596afec6dc809f1df06c94d6,COPY_CANDIDATE,small_replay_or_audit_asset
F:\MEDSEG_SAFETTA\outputs\Q1_R17A_CCD_polypgen_segformer_inference_contract_audit_v1\R17A_SEGF_POLYPGEN_HARD_LOCK_AUDIT.csv,outputs\Q1_R17A_CCD_polypgen_segformer_inference_contract_audit_v1\R17A_SEGF_POLYPGEN_HARD_LOCK_AUDIT.csv,0.002,445c2de9baf2477cb578fa5264cc02ffe16ec20f1111b3c18078e2d979d26fdd,COPY_CANDIDATE,small_replay_or_audit_asset
F:\MEDSEG_SAFETTA\outputs\Q1_R17A_CCD_polypgen_segformer_pipeline_deep_audit_v1\R17A_SEGF_CONSTANTS_IMPORTS.csv,outputs\Q1_R17A_CCD_polypgen_segformer_pipeline_deep_audit_v1\R17A_SEGF_CONSTANTS_IMPORTS.csv,0.007,ccfdde0963d254871f9a56f290e247c4c0a7b25d65aa067e4e3e18ac71d4a150,COPY_CANDIDATE,small_replay_or_audit_asset
F:\MEDSEG_SAFETTA\outputs\Q1_R17A_CCD_polypgen_segformer_pipeline_deep_audit_v1\R17A_SEGF_EXACT_FUNCTIONS.csv,outputs\Q1_R17A_CCD_polypgen_segformer_pipeline_deep_audit_v1\R17A_SEGF_EXACT_FUNCTIONS.csv,0.023,376b9f209fb1176329f6606a5b2bc598afcc33617d1842ffb66f2e4b0b349ea7,COPY_CANDIDATE,small_replay_or_audit_asset
F:\MEDSEG_SAFETTA\outputs\Q1_R17A_CCD_polypgen_segformer_pipeline_deep_audit_v1\R17A_SEGF_HF_CACHE_AUDIT.json,outputs\Q1_R17A_CCD_polypgen_segformer_pipeline_deep_audit_v1\R17A_SEGF_HF_CACHE_AUDIT.json,0.023,daa3a6c87d313f19e459324d31df6b7d660ca79609e3d68eb1f5632bad90bac9,COPY_CANDIDATE,small_replay_or_audit_asset
F:\MEDSEG_SAFETTA\outputs\Q1_R17A_CCD_polypgen_segformer_pipeline_deep_audit_v1\R17A_SEGF_PIPELINE_DEEP_AUDIT_REPORT.txt,outputs\Q1_R17A_CCD_polypgen_segformer_pipeline_deep_audit_v1\R17A_SEGF_PIPELINE_DEEP_AUDIT_REPORT.txt,0.070,a101701901449e05c43fa44b4febe37984b78d2e6279fe54d0b42a15006502e7,COPY_CANDIDATE,small_replay_or_audit_asset
F:\MEDSEG_SAFETTA\outputs\Q1_R17A_CCD_polypgen_segformer_pipeline_deep_audit_v1\R17A_SEGF_POLYPGEN_LOCK_METADATA.csv,outputs\Q1_R17A_CCD_polypgen_segformer_pipeline_deep_audit_v1\R17A_SEGF_POLYPGEN_LOCK_METADATA.csv,0.012,9f7c8db2d0141c9dd8570be1bfa34447504552e187d375263e7f6a77e7c3a914,COPY_CANDIDATE,small_replay_or_audit_asset
F:\MEDSEG_SAFETTA\outputs\Q1_R17A_polypgen_deeplab3_fourway_postGT_evaluation_v1\R17A_POLYPGEN_DEEPLAB3_FOURWAY_DELTA_CI95.csv,outputs\Q1_R17A_polypgen_deeplab3_fourway_postGT_evaluation_v1\R17A_POLYPGEN_DEEPLAB3_FOURWAY_DELTA_CI95.csv,0.002,7ed11e6040d43e7844a38d68d5b298d31bec714620ef74f6bb8d5d991613d01a,COPY_CANDIDATE,small_replay_or_audit_asset
F:\MEDSEG_SAFETTA\outputs\Q1_R17A_polypgen_deeplab3_fourway_postGT_evaluation_v1\R17A_POLYPGEN_DEEPLAB3_FOURWAY_EVALUATION_LOCK.json,outputs\Q1_R17A_polypgen_deeplab3_fourway_postGT_evaluation_v1\R17A_POLYPGEN_DEEPLAB3_FOURWAY_EVALUATION_LOCK.json,0.003,bf360a55dc588ff19b531573da0fad767e228d596d9e5e668d4e9e284f61d8fd,COPY_CANDIDATE,small_replay_or_audit_asset
F:\MEDSEG_SAFETTA\outputs\Q1_R17A_polypgen_deeplab3_fourway_postGT_evaluation_v1\R17A_POLYPGEN_DEEPLAB3_FOURWAY_EVALUATION_REPORT.txt,outputs\Q1_R17A_polypgen_deeplab3_fourway_postGT_evaluation_v1\R17A_POLYPGEN_DEEPLAB3_FOURWAY_EVALUATION_REPORT.txt,0.002,bec818a455b99070b0d9a0348fe46653e60a5bd307d8addc793b0583ed361e36,COPY_CANDIDATE,small_replay_or_audit_asset
F:\MEDSEG_SAFETTA\outputs\Q1_R17A_polypgen_deeplab3_fourway_postGT_evaluation_v1\R17A_POLYPGEN_DEEPLAB3_FOURWAY_PAIRED_BOOTSTRAP.csv,outputs\Q1_R17A_polypgen_deeplab3_fourway_postGT_evaluation_v1\R17A_POLYPGEN_DEEPLAB3_FOURWAY_PAIRED_BOOTSTRAP.csv,1.063,6a5fea3d13d13f80f1ba3d3456fedbfb1a4d3380a65b91409bf1305d5f63a45d,COPY_CANDIDATE,small_replay_or_audit_asset
F:\MEDSEG_SAFETTA\outputs\Q1_R17A_polypgen_deeplab3_fourway_postGT_evaluation_v1\R17A_POLYPGEN_DEEPLAB3_FOURWAY_PER_SEED_METRICS.csv,outputs\Q1_R17A_polypgen_deeplab3_fourway_postGT_evaluation_v1\R17A_POLYPGEN_DEEPLAB3_FOURWAY_PER_SEED_METRICS.csv,0.001,a21e6c44f5435780f13c4658ee669f9681a69906dca60d3b694826eb425f08f5,COPY_CANDIDATE,small_replay_or_audit_asset
F:\MEDSEG_SAFETTA\outputs\Q1_R17A_polypgen_deeplab3_fourway_postGT_evaluation_v1\R17A_POLYPGEN_DEEPLAB3_FOURWAY_POINT_METRICS.csv,outputs\Q1_R17A_polypgen_deeplab3_fourway_postGT_evaluation_v1\R17A_POLYPGEN_DEEPLAB3_FOURWAY_POINT_METRICS.csv,0.000,a8e4f30756102bf6c80d9f2e5e17e78745d2701c45efcfe80a3a73c8ffd91f56,COPY_CANDIDATE,small_replay_or_audit_asset
F:\MEDSEG_SAFETTA\outputs\Q1_R17A_published_reliability_baseline_asset_audit_v1\R17A_ASSET_AUDIT_REPORT.txt,outputs\Q1_R17A_published_reliability_baseline_asset_audit_v1\R17A_ASSET_AUDIT_REPORT.txt,0.001,be8ad90cf0e493759b02fd302e5d376533c244808f489ba9625e4a76417052f9,COPY_CANDIDATE,small_replay_or_audit_asset
F:\MEDSEG_SAFETTA\outputs\Q1_R17A_published_reliability_baseline_asset_audit_v1\R17A_DROPOUT_CODE_AUDIT.csv,outputs\Q1_R17A_published_reliability_baseline_asset_audit_v1\R17A_DROPOUT_CODE_AUDIT.csv,0.010,74753f17abe1f90e8f32ea2aee35ab4493041e686e3b254ed69fcab2b140be75,COPY_CANDIDATE,small_replay_or_audit_asset
F:\MEDSEG_SAFETTA\outputs\Q1_R17A_published_reliability_baseline_asset_audit_v1\R17A_MATCHED_ASSETS.csv,outputs\Q1_R17A_published_reliability_baseline_asset_audit_v1\R17A_MATCHED_ASSETS.csv,0.678,2d002d68aea79130f1514cad6d03eb69f2eb16ba88271953fd8694901e7b0810,COPY_CANDIDATE,small_replay_or_audit_asset
F:\MEDSEG_SAFETTA\protocols\Q1_R17A_published_reliability_baseline_protocol_v1.md,protocols\Q1_R17A_published_reliability_baseline_protocol_v1.md,0.004,a19f23503c07eb44b17cc2afb26ef62d44f6ab89c710b563a720a73d72368d49,COPY_CANDIDATE,small_replay_or_audit_asset
F:\MEDSEG_SAFETTA\protocols\Q1_R17A_published_reliability_baseline_protocol_v1_fix1.md,protocols\Q1_R17A_published_reliability_baseline_protocol_v1_fix1.md,0.004,e0e2bdfd07214734e499f6f28d49ca04fccb913a75169819c7ed15ab7cad0d77,COPY_CANDIDATE,small_replay_or_audit_asset
F:\MEDSEG_SAFETTA\论文\SafeTTA_MIA_Overleaf_FinalDraft_v14\SafeTTA_MIA_Overleaf_FinalDraft_v14\analysis_outputs\r17a_adic_exact_model_instantiation_report.txt,论文\SafeTTA_MIA_Overleaf_FinalDraft_v14\SafeTTA_MIA_Overleaf_FinalDraft_v14\analysis_outputs\r17a_adic_exact_model_instantiation_report.txt,0.001,fe4b1eb53370fade2cf9a9abcc20d98c9a51ad79ac6524024020ff2743432115,COPY_CANDIDATE,small_replay_or_audit_asset
F:\MEDSEG_SAFETTA\论文\SafeTTA_MIA_Overleaf_FinalDraft_v14\SafeTTA_MIA_Overleaf_FinalDraft_v14\analysis_outputs\r17a_ccd_full9_pregt_report.txt,论文\SafeTTA_MIA_Overleaf_FinalDraft_v14\SafeTTA_MIA_Overleaf_FinalDraft_v14\analysis_outputs\r17a_ccd_full9_pregt_report.txt,0.001,2d2aa9407bd5e01e7c8c2365c32b2f7b1eebfccf876580eec6466816820f64e8,COPY_CANDIDATE,small_replay_or_audit_asset
F:\MEDSEG_SAFETTA\论文\SafeTTA_MIA_Overleaf_FinalDraft_v14\SafeTTA_MIA_Overleaf_FinalDraft_v14\analysis_outputs\r17a_ccd_matched6_evaluation_report.txt,论文\SafeTTA_MIA_Overleaf_FinalDraft_v14\SafeTTA_MIA_Overleaf_FinalDraft_v14\analysis_outputs\r17a_ccd_matched6_evaluation_report.txt,0.001,2a7eed479def63d73b19f3eea4b9d32114cf8a36159b9cff3473c502d4994164,COPY_CANDIDATE,small_replay_or_audit_asset
F:\MEDSEG_SAFETTA\论文\SafeTTA_MIA_Overleaf_FinalDraft_v14\SafeTTA_MIA_Overleaf_FinalDraft_v14\analysis_outputs\r17a_ccd_matched6_point_metrics.csv,论文\SafeTTA_MIA_Overleaf_FinalDraft_v14\SafeTTA_MIA_Overleaf_FinalDraft_v14\analysis_outputs\r17a_ccd_matched6_point_metrics.csv,0.000,cb0e155b3456388344d949eb85c0d317e7fa7b6c61217d2c4e75ab3db25de521,COPY_CANDIDATE,small_replay_or_audit_asset
F:\MEDSEG_SAFETTA\论文\SafeTTA_MIA_Overleaf_FinalDraft_v14\SafeTTA_MIA_Overleaf_FinalDraft_v14\analysis_outputs\r17a_deeplab3_fourway_delta_ci95.csv,论文\SafeTTA_MIA_Overleaf_FinalDraft_v14\SafeTTA_MIA_Overleaf_FinalDraft_v14\analysis_outputs\r17a_deeplab3_fourway_delta_ci95.csv,0.001,426af752258b07f93a6513a3e298999ce8ab18f71df2ba2cb0ed2f9c5afc35c3,COPY_CANDIDATE,small_replay_or_audit_asset
F:\MEDSEG_SAFETTA\论文\SafeTTA_MIA_Overleaf_FinalDraft_v14\SafeTTA_MIA_Overleaf_FinalDraft_v14\analysis_outputs\r17a_deeplab3_fourway_point_metrics.csv,论文\SafeTTA_MIA_Overleaf_FinalDraft_v14\SafeTTA_MIA_Overleaf_FinalDraft_v14\analysis_outputs\r17a_deeplab3_fourway_point_metrics.csv,0.000,968ef5f23cf1ad5930e723c15f5d6c9fafb394c58bcfccb377d0928a9a803a0c,COPY_CANDIDATE,small_replay_or_audit_asset
F:\MEDSEG_SAFETTA\论文\SafeTTA_MIA_Overleaf_FinalDraft_v14\SafeTTA_MIA_Overleaf_FinalDraft_v14\analysis_scripts\Q1_R17A_ADIC_matched6_exact_model_instantiation_audit_v1.py,论文\SafeTTA_MIA_Overleaf_FinalDraft_v14\SafeTTA_MIA_Overleaf_FinalDraft_v14\analysis_scripts\Q1_R17A_ADIC_matched6_exact_model_instantiation_audit_v1.py,0.018,babfe840dd138915463d6fa00b894ca38cc69d2287fd6305e3465aa394463fea,COPY_CANDIDATE,small_replay_or_audit_asset
F:\MEDSEG_SAFETTA\论文\SafeTTA_MIA_Overleaf_FinalDraft_v14\SafeTTA_MIA_Overleaf_FinalDraft_v14\analysis_scripts\Q1_R17A_ADIC_MC_deeplab3_preGT_score_lock_v1_fix2.py,论文\SafeTTA_MIA_Overleaf_FinalDraft_v14\SafeTTA_MIA_Overleaf_FinalDraft_v14\analysis_scripts\Q1_R17A_ADIC_MC_deeplab3_preGT_score_lock_v1_fix2.py,0.043,009aaadc7b65b39b28b054cbfb5f9f8bf80fd7581e00df33eca96434505599c4,COPY_CANDIDATE,small_replay_or_audit_asset
F:\MEDSEG_SAFETTA\论文\SafeTTA_MIA_Overleaf_FinalDraft_v14\SafeTTA_MIA_Overleaf_FinalDraft_v14\analysis_scripts\Q1_R17A_CCD_polypgen_6state_preGT_score_lock_v1.py,论文\SafeTTA_MIA_Overleaf_FinalDraft_v14\SafeTTA_MIA_Overleaf_FinalDraft_v14\analysis_scripts\Q1_R17A_CCD_polypgen_6state_preGT_score_lock_v1.py,0.020,cac9d2540514a6a76bc625b7b7d3fa6bdc258885c00d028bb3ca765a6f78a79c,COPY_CANDIDATE,small_replay_or_audit_asset
F:\MEDSEG_SAFETTA\论文\SafeTTA_MIA_Overleaf_FinalDraft_v14\SafeTTA_MIA_Overleaf_FinalDraft_v14\analysis_scripts\Q1_R17A_CCD_polypgen_matched6_postGT_evaluation_v1_fix1.py,论文\SafeTTA_MIA_Overleaf_FinalDraft_v14\SafeTTA_MIA_Overleaf_FinalDraft_v14\analysis_scripts\Q1_R17A_CCD_polypgen_matched6_postGT_evaluation_v1_fix1.py,0.022,af8ff206ad04f693612cf02cab62ba7b1d1d0835541229dae88fc0d7234f2c62,COPY_CANDIDATE,small_replay_or_audit_asset
F:\MEDSEG_SAFETTA\论文\SafeTTA_MIA_Overleaf_FinalDraft_v14\SafeTTA_MIA_Overleaf_FinalDraft_v14\analysis_scripts\Q1_R17A_polypgen_deeplab3_fourway_postGT_evaluation_v1.py,论文\SafeTTA_MIA_Overleaf_FinalDraft_v14\SafeTTA_MIA_Overleaf_FinalDraft_v14\analysis_scripts\Q1_R17A_polypgen_deeplab3_fourway_postGT_evaluation_v1.py,0.022,5e7ce56eaaecd1cea55214155ac7bc6a755ed16163a9e7d1610deea0505da41e,COPY_CANDIDATE,small_replay_or_audit_asset
