dataset,path,member,size_bytes,size_human,shape,dtype,header_status,signal_class,route_priority
Prostate158,outputs/Q1X_CM3_source_oof_segmentation_training_and_prediction_lock_fix1_v1/source_cache/source_images_f16.npy,,880461952,839.67 MiB,"[3553, 352, 352]",float16,OK,UNKNOWN_HIGH_DIM_ARRAY,0
Prostate158,outputs/Q1X_CM3_source_oof_segmentation_training_and_prediction_lock_fix2_v1/source_cache/source_images_f16.npy,,880461952,839.67 MiB,"[3553, 352, 352]",float16,OK,UNKNOWN_HIGH_DIM_ARRAY,0
Prostate158,outputs/Q1X_CM3_source_oof_segmentation_training_and_prediction_lock_fix3_v1/CM3_DeepLabV3_R50_OOF_PROB_F16.npy,,880461952,839.67 MiB,"[3553, 352, 352]",float16,OK,SOFT_LOGIT_OR_PROB_CANDIDATE,100
Prostate158,outputs/Q1X_CM3_source_oof_segmentation_training_and_prediction_lock_fix3_v1/CM3_SegFormer_B0_OOF_PROB_F16.npy,,880461952,839.67 MiB,"[3553, 352, 352]",float16,OK,SOFT_LOGIT_OR_PROB_CANDIDATE,100
Prostate158,outputs/Q1X_CM3_source_oof_segmentation_training_and_prediction_lock_fix3_v1/CM3_UNet_OOF_PROB_F16.npy,,880461952,839.67 MiB,"[3553, 352, 352]",float16,OK,SOFT_LOGIT_OR_PROB_CANDIDATE,100
Prostate158,outputs/Q1X_CM3_source_oof_segmentation_training_and_prediction_lock_fix1_v1/source_cache/source_masks_u8.npy,,440231040,419.84 MiB,"[3553, 352, 352]",uint8,OK,HARD_OR_MASK_LIKE,0
Prostate158,outputs/Q1X_CM3_source_oof_segmentation_training_and_prediction_lock_fix2_v1/source_cache/source_masks_u8.npy,,440231040,419.84 MiB,"[3553, 352, 352]",uint8,OK,HARD_OR_MASK_LIKE,0
Prostate158,outputs/Q1X_CM3_source_oof_segmentation_training_and_prediction_lock_fix3_v1/CM3_DeepLabV3_R50_OOF_MASK_U8.npy,,440231040,419.84 MiB,"[3553, 352, 352]",uint8,OK,HARD_OR_MASK_LIKE,100
Prostate158,outputs/Q1X_CM3_source_oof_segmentation_training_and_prediction_lock_fix3_v1/CM3_SegFormer_B0_OOF_MASK_U8.npy,,440231040,419.84 MiB,"[3553, 352, 352]",uint8,OK,HARD_OR_MASK_LIKE,100
Prostate158,outputs/Q1X_CM3_source_oof_segmentation_training_and_prediction_lock_fix3_v1/CM3_UNet_OOF_MASK_U8.npy,,440231040,419.84 MiB,"[3553, 352, 352]",uint8,OK,HARD_OR_MASK_LIKE,100
Prostate158,outputs/Q1X_CM3_source_oof_segmentation_training_and_prediction_lock_fix3_v1/models/DeepLabV3_R50/fold2/best_oof_prob_f16.npy,,179165312,170.87 MiB,"[723, 352, 352]",float16,OK,SOFT_LOGIT_OR_PROB_CANDIDATE,100
Prostate158,outputs/Q1X_CM3_source_oof_segmentation_training_and_prediction_lock_fix3_v1/models/SegFormer_B0/fold2/best_oof_prob_f16.npy,,179165312,170.87 MiB,"[723, 352, 352]",float16,OK,SOFT_LOGIT_OR_PROB_CANDIDATE,100
Prostate158,outputs/Q1X_CM3_source_oof_segmentation_training_and_prediction_lock_fix3_v1/models/UNet/fold2/best_oof_prob_f16.npy,,179165312,170.87 MiB,"[723, 352, 352]",float16,OK,SOFT_LOGIT_OR_PROB_CANDIDATE,100
Prostate158,outputs/Q1X_CM3_source_oof_segmentation_training_and_prediction_lock_fix3_v1/models/DeepLabV3_R50/fold0/best_oof_prob_f16.npy,,178174080,169.92 MiB,"[719, 352, 352]",float16,OK,SOFT_LOGIT_OR_PROB_CANDIDATE,100
Prostate158,outputs/Q1X_CM3_source_oof_segmentation_training_and_prediction_lock_fix3_v1/models/SegFormer_B0/fold0/best_oof_prob_f16.npy,,178174080,169.92 MiB,"[719, 352, 352]",float16,OK,SOFT_LOGIT_OR_PROB_CANDIDATE,100
Prostate158,outputs/Q1X_CM3_source_oof_segmentation_training_and_prediction_lock_fix3_v1/models/UNet/fold0/best_oof_prob_f16.npy,,178174080,169.92 MiB,"[719, 352, 352]",float16,OK,SOFT_LOGIT_OR_PROB_CANDIDATE,100
Prostate158,outputs/Q1X_CM3_source_oof_segmentation_training_and_prediction_lock_fix3_v1/models/DeepLabV3_R50/fold1/best_oof_prob_f16.npy,,177678464,169.45 MiB,"[717, 352, 352]",float16,OK,SOFT_LOGIT_OR_PROB_CANDIDATE,100
Prostate158,outputs/Q1X_CM3_source_oof_segmentation_training_and_prediction_lock_fix3_v1/models/SegFormer_B0/fold1/best_oof_prob_f16.npy,,177678464,169.45 MiB,"[717, 352, 352]",float16,OK,SOFT_LOGIT_OR_PROB_CANDIDATE,100
Prostate158,outputs/Q1X_CM3_source_oof_segmentation_training_and_prediction_lock_fix3_v1/models/UNet/fold1/best_oof_prob_f16.npy,,177678464,169.45 MiB,"[717, 352, 352]",float16,OK,SOFT_LOGIT_OR_PROB_CANDIDATE,100
Prostate158,outputs/Q1X_CM3_source_oof_segmentation_training_and_prediction_lock_fix3_v1/models/DeepLabV3_R50/fold3/best_oof_prob_f16.npy,,175696000,167.56 MiB,"[709, 352, 352]",float16,OK,SOFT_LOGIT_OR_PROB_CANDIDATE,100
Prostate158,outputs/Q1X_CM3_source_oof_segmentation_training_and_prediction_lock_fix3_v1/models/SegFormer_B0/fold3/best_oof_prob_f16.npy,,175696000,167.56 MiB,"[709, 352, 352]",float16,OK,SOFT_LOGIT_OR_PROB_CANDIDATE,100
Prostate158,outputs/Q1X_CM3_source_oof_segmentation_training_and_prediction_lock_fix3_v1/models/UNet/fold3/best_oof_prob_f16.npy,,175696000,167.56 MiB,"[709, 352, 352]",float16,OK,SOFT_LOGIT_OR_PROB_CANDIDATE,100
Prostate158,outputs/Q1X_CM3_source_oof_segmentation_training_and_prediction_lock_fix3_v1/models/DeepLabV3_R50/fold4/best_oof_prob_f16.npy,,169748608,161.88 MiB,"[685, 352, 352]",float16,OK,SOFT_LOGIT_OR_PROB_CANDIDATE,100
Prostate158,outputs/Q1X_CM3_source_oof_segmentation_training_and_prediction_lock_fix3_v1/models/SegFormer_B0/fold4/best_oof_prob_f16.npy,,169748608,161.88 MiB,"[685, 352, 352]",float16,OK,SOFT_LOGIT_OR_PROB_CANDIDATE,100
Prostate158,outputs/Q1X_CM3_source_oof_segmentation_training_and_prediction_lock_fix3_v1/models/UNet/fold4/best_oof_prob_f16.npy,,169748608,161.88 MiB,"[685, 352, 352]",float16,OK,SOFT_LOGIT_OR_PROB_CANDIDATE,100
Prostate158,outputs/Q1X_CM3_source_oof_segmentation_training_and_prediction_lock_fix3_v1/models/DeepLabV3_R50/fold2/best_oof_mask_u8.npy,,89582720,85.43 MiB,"[723, 352, 352]",uint8,OK,HARD_OR_MASK_LIKE,100
Prostate158,outputs/Q1X_CM3_source_oof_segmentation_training_and_prediction_lock_fix3_v1/models/SegFormer_B0/fold2/best_oof_mask_u8.npy,,89582720,85.43 MiB,"[723, 352, 352]",uint8,OK,HARD_OR_MASK_LIKE,100
Prostate158,outputs/Q1X_CM3_source_oof_segmentation_training_and_prediction_lock_fix3_v1/models/UNet/fold2/best_oof_mask_u8.npy,,89582720,85.43 MiB,"[723, 352, 352]",uint8,OK,HARD_OR_MASK_LIKE,100
Prostate158,outputs/Q1X_CM3_source_oof_segmentation_training_and_prediction_lock_fix3_v1/models/DeepLabV3_R50/fold0/best_oof_mask_u8.npy,,89087104,84.96 MiB,"[719, 352, 352]",uint8,OK,HARD_OR_MASK_LIKE,100
Prostate158,outputs/Q1X_CM3_source_oof_segmentation_training_and_prediction_lock_fix3_v1/models/SegFormer_B0/fold0/best_oof_mask_u8.npy,,89087104,84.96 MiB,"[719, 352, 352]",uint8,OK,HARD_OR_MASK_LIKE,100
Prostate158,outputs/Q1X_CM3_source_oof_segmentation_training_and_prediction_lock_fix3_v1/models/UNet/fold0/best_oof_mask_u8.npy,,89087104,84.96 MiB,"[719, 352, 352]",uint8,OK,HARD_OR_MASK_LIKE,100
Prostate158,outputs/Q1X_CM3_source_oof_segmentation_training_and_prediction_lock_fix3_v1/models/DeepLabV3_R50/fold1/best_oof_mask_u8.npy,,88839296,84.72 MiB,"[717, 352, 352]",uint8,OK,HARD_OR_MASK_LIKE,100
Prostate158,outputs/Q1X_CM3_source_oof_segmentation_training_and_prediction_lock_fix3_v1/models/SegFormer_B0/fold1/best_oof_mask_u8.npy,,88839296,84.72 MiB,"[717, 352, 352]",uint8,OK,HARD_OR_MASK_LIKE,100
Prostate158,outputs/Q1X_CM3_source_oof_segmentation_training_and_prediction_lock_fix3_v1/models/UNet/fold1/best_oof_mask_u8.npy,,88839296,84.72 MiB,"[717, 352, 352]",uint8,OK,HARD_OR_MASK_LIKE,100
Prostate158,outputs/Q1X_CM3_source_oof_segmentation_training_and_prediction_lock_fix3_v1/models/DeepLabV3_R50/fold3/best_oof_mask_u8.npy,,87848064,83.78 MiB,"[709, 352, 352]",uint8,OK,HARD_OR_MASK_LIKE,100
Prostate158,outputs/Q1X_CM3_source_oof_segmentation_training_and_prediction_lock_fix3_v1/models/SegFormer_B0/fold3/best_oof_mask_u8.npy,,87848064,83.78 MiB,"[709, 352, 352]",uint8,OK,HARD_OR_MASK_LIKE,100
Prostate158,outputs/Q1X_CM3_source_oof_segmentation_training_and_prediction_lock_fix3_v1/models/UNet/fold3/best_oof_mask_u8.npy,,87848064,83.78 MiB,"[709, 352, 352]",uint8,OK,HARD_OR_MASK_LIKE,100
Prostate158,outputs/Q1X_CM3_source_oof_segmentation_training_and_prediction_lock_fix3_v1/models/DeepLabV3_R50/fold4/best_oof_mask_u8.npy,,84874368,80.94 MiB,"[685, 352, 352]",uint8,OK,HARD_OR_MASK_LIKE,100
Prostate158,outputs/Q1X_CM3_source_oof_segmentation_training_and_prediction_lock_fix3_v1/models/SegFormer_B0/fold4/best_oof_mask_u8.npy,,84874368,80.94 MiB,"[685, 352, 352]",uint8,OK,HARD_OR_MASK_LIKE,100
Prostate158,outputs/Q1X_CM3_source_oof_segmentation_training_and_prediction_lock_fix3_v1/models/UNet/fold4/best_oof_mask_u8.npy,,84874368,80.94 MiB,"[685, 352, 352]",uint8,OK,HARD_OR_MASK_LIKE,100
PolypGen,outputs/Q1_R10L3B_polypgen_frozen_safety_score_lock_fix1_v1/R10L3B_external_conditioned_dino_features.npz,foreground_patch_mean.npy,38542597,36.76 MiB,"[13788, 768]",float16,OK,UNKNOWN_ARRAY,98
PolypGen,outputs/Q1_R10L3B_polypgen_frozen_safety_score_lock_fix1_v1/R10L3B_external_conditioned_dino_features.npz,background_patch_mean.npy,38542597,36.76 MiB,"[13788, 768]",float16,OK,UNKNOWN_ARRAY,98
PolypGen,outputs/Q1_R10L3B_polypgen_frozen_safety_score_lock_fix1_v1/R10L3B_external_conditioned_dino_features.npz,source_mask_patch_occupancy.npy,38542597,36.76 MiB,"[13788, 256]",float16,OK,HARD_OR_MASK_LIKE,98
PolypGen,outputs/Q1_R10L3B_polypgen_frozen_safety_score_lock_fix1_v1/R10L3B_external_conditioned_dino_features.npz,m2.npy,38542597,36.76 MiB,"[13788, 2]",float64,OK,UNKNOWN_ARRAY,98
Prostate158,outputs/Q1X_CM4B_mri_source_prediction_conditioned_safety_grouped_oof_fix1_v1/CM4B_CONDITIONED_DINO_M2_FEATURES_F16.npy,,32787212,31.27 MiB,"[3, 3553, 1538]",float16,OK,UNKNOWN_HIGH_DIM_ARRAY,0
SUNSEG,outputs/Q1_R14C2B_sunseg_frozen_safety_score_lock_preGT_fix1_v1/R14C2B_SUN_conditioned_dino_features.npz,foreground_patch_mean.npy,23931016,22.82 MiB,"[8820, 768]",float16,OK,UNKNOWN_ARRAY,99
SUNSEG,outputs/Q1_R14C2B_sunseg_frozen_safety_score_lock_preGT_fix1_v1/R14C2B_SUN_conditioned_dino_features.npz,background_patch_mean.npy,23931016,22.82 MiB,"[8820, 768]",float16,OK,UNKNOWN_ARRAY,99
SUNSEG,outputs/Q1_R14C2B_sunseg_frozen_safety_score_lock_preGT_fix1_v1/R14C2B_SUN_conditioned_dino_features.npz,source_mask_patch_occupancy.npy,23931016,22.82 MiB,"[8820, 256]",float16,OK,HARD_OR_MASK_LIKE,99
SUNSEG,outputs/Q1_R14C2B_sunseg_frozen_safety_score_lock_preGT_fix1_v1/R14C2B_SUN_conditioned_dino_features.npz,m2.npy,23931016,22.82 MiB,"[8820, 2]",float64,OK,UNKNOWN_ARRAY,99
SUNSEG,release/SafeTTA_repro_release_candidate_v1/project_artifacts/outputs/Q1_R14C2B_sunseg_frozen_safety_score_lock_preGT_fix1_v1/R14C2B_SUN_conditioned_dino_features.npz,foreground_patch_mean.npy,23931016,22.82 MiB,"[8820, 768]",float16,OK,UNKNOWN_ARRAY,99
SUNSEG,release/SafeTTA_repro_release_candidate_v1/project_artifacts/outputs/Q1_R14C2B_sunseg_frozen_safety_score_lock_preGT_fix1_v1/R14C2B_SUN_conditioned_dino_features.npz,background_patch_mean.npy,23931016,22.82 MiB,"[8820, 768]",float16,OK,UNKNOWN_ARRAY,99
SUNSEG,release/SafeTTA_repro_release_candidate_v1/project_artifacts/outputs/Q1_R14C2B_sunseg_frozen_safety_score_lock_preGT_fix1_v1/R14C2B_SUN_conditioned_dino_features.npz,source_mask_patch_occupancy.npy,23931016,22.82 MiB,"[8820, 256]",float16,OK,HARD_OR_MASK_LIKE,99
SUNSEG,release/SafeTTA_repro_release_candidate_v1/project_artifacts/outputs/Q1_R14C2B_sunseg_frozen_safety_score_lock_preGT_fix1_v1/R14C2B_SUN_conditioned_dino_features.npz,m2.npy,23931016,22.82 MiB,"[8820, 2]",float64,OK,UNKNOWN_ARRAY,99
PROMISE12,outputs/Q1X_CM7A_promise12_external_ranking_baseline_audit_fix1_v1/CM7A_SOURCE_DINO_CLS_F16.npy,,5457536,5.20 MiB,"[3553, 768]",float16,OK,UNKNOWN_ARRAY,0
PROMISE12,outputs/Q1X_CM7A_promise12_external_ranking_baseline_audit_fix2_v1/CM7A_SOURCE_DINO_CLS_F16.npy,,5457536,5.20 MiB,"[3553, 768]",float16,OK,UNKNOWN_ARRAY,0
PROMISE12,release/SafeTTA_repro_release_candidate_v1/project_artifacts/outputs/Q1X_CM7A_promise12_external_ranking_baseline_audit_fix2_v1/CM7A_SOURCE_DINO_CLS_F16.npy,,5457536,5.20 MiB,"[3553, 768]",float16,OK,UNKNOWN_ARRAY,0
PolypGen,outputs/Q1_R10L3B_polypgen_frozen_safety_score_lock_fix1_v1/R10L3B_external_pca64_features.npz,pca64.npy,3828357,3.65 MiB,"[13788, 64]",float64,OK,UNKNOWN_ARRAY,98
PolypGen,release/SafeTTA_repro_release_candidate_v1/project_artifacts/outputs/Q1_R10L3B_polypgen_frozen_safety_score_lock_fix1_v1/R10L3B_external_pca64_features.npz,pca64.npy,3828357,3.65 MiB,"[13788, 64]",float64,OK,UNKNOWN_ARRAY,98
SUNSEG,outputs/Q1_R14C2B_sunseg_frozen_safety_score_lock_preGT_fix1_v1/R14C2B_SUN_pca64_features.npz,pca64.npy,2450119,2.34 MiB,"[8820, 64]",float64,OK,UNKNOWN_ARRAY,99
SUNSEG,release/SafeTTA_repro_release_candidate_v1/project_artifacts/outputs/Q1_R14C2B_sunseg_frozen_safety_score_lock_preGT_fix1_v1/R14C2B_SUN_pca64_features.npz,pca64.npy,2450119,2.34 MiB,"[8820, 64]",float64,OK,UNKNOWN_ARRAY,99
PROMISE12,outputs/Q1X_CM7A_promise12_external_ranking_baseline_audit_fix1_v1/CM7A_TARGET_DINO_CLS_F16.npy,,2115200,2.02 MiB,"[1377, 768]",float16,OK,UNKNOWN_ARRAY,0
PROMISE12,outputs/Q1X_CM7A_promise12_external_ranking_baseline_audit_fix2_v1/CM7A_TARGET_DINO_CLS_F16.npy,,2115200,2.02 MiB,"[1377, 768]",float16,OK,UNKNOWN_ARRAY,0
PROMISE12,release/SafeTTA_repro_release_candidate_v1/project_artifacts/outputs/Q1X_CM7A_promise12_external_ranking_baseline_audit_fix2_v1/CM7A_TARGET_DINO_CLS_F16.npy,,2115200,2.02 MiB,"[1377, 768]",float16,OK,UNKNOWN_ARRAY,0
PolypGen,outputs/Q1_R10L3A_polypgen_source_a1_prediction_lock_fix1_v1__building/state_predictions/pranet_seed20260819_predictions.npz,source_masks_packed.npy,1382837,1.32 MiB,"[1532, 15488]",uint8,OK,HARD_OR_MASK_LIKE,99
PolypGen,outputs/Q1_R10L3A_polypgen_source_a1_prediction_lock_fix1_v1__building/state_predictions/pranet_seed20260819_predictions.npz,a1_masks_packed.npy,1382837,1.32 MiB,"[1532, 15488]",uint8,OK,HARD_OR_MASK_LIKE,99
PolypGen,outputs/Q1_R10L3A_polypgen_source_a1_prediction_lock_fix2_v1/state_predictions/pranet_seed20260819_predictions.npz,source_masks_packed.npy,1382837,1.32 MiB,"[1532, 15488]",uint8,OK,HARD_OR_MASK_LIKE,99
PolypGen,outputs/Q1_R10L3A_polypgen_source_a1_prediction_lock_fix2_v1/state_predictions/pranet_seed20260819_predictions.npz,a1_masks_packed.npy,1382837,1.32 MiB,"[1532, 15488]",uint8,OK,HARD_OR_MASK_LIKE,99
PolypGen,release/SafeTTA_repro_release_candidate_v1/project_artifacts/outputs/Q1_R10L3A_polypgen_source_a1_prediction_lock_fix2_v1/state_predictions/pranet_seed20260819_predictions.npz,source_masks_packed.npy,1382837,1.32 MiB,"[1532, 15488]",uint8,OK,HARD_OR_MASK_LIKE,99
PolypGen,release/SafeTTA_repro_release_candidate_v1/project_artifacts/outputs/Q1_R10L3A_polypgen_source_a1_prediction_lock_fix2_v1/state_predictions/pranet_seed20260819_predictions.npz,a1_masks_packed.npy,1382837,1.32 MiB,"[1532, 15488]",uint8,OK,HARD_OR_MASK_LIKE,99
SUNSEG,outputs/Q1_R14C1_sunseg_source_tent1_pl_prediction_lock_preGT_fix3_v1/state_predictions/pranet_seed20260819_source_tent1_pl_predictions.npz,source_masks_packed.npy,1363026,1.30 MiB,"[980, 15488]",uint8,OK,HARD_OR_MASK_LIKE,100
SUNSEG,outputs/Q1_R14C1_sunseg_source_tent1_pl_prediction_lock_preGT_fix3_v1/state_predictions/pranet_seed20260819_source_tent1_pl_predictions.npz,tent1_masks_packed.npy,1363026,1.30 MiB,"[980, 15488]",uint8,OK,HARD_OR_MASK_LIKE,100
SUNSEG,outputs/Q1_R14C1_sunseg_source_tent1_pl_prediction_lock_preGT_fix3_v1/state_predictions/pranet_seed20260819_source_tent1_pl_predictions.npz,pl_masks_packed.npy,1363026,1.30 MiB,"[980, 15488]",uint8,OK,HARD_OR_MASK_LIKE,100
PolypGen,outputs/Q1_R10L3A_polypgen_source_a1_prediction_lock_fix1_v1__building/state_predictions/deeplabv3_r50_seed20260817_predictions.npz,source_masks_packed.npy,1258667,1.20 MiB,"[1532, 15488]",uint8,OK,HARD_OR_MASK_LIKE,99
PolypGen,outputs/Q1_R10L3A_polypgen_source_a1_prediction_lock_fix1_v1__building/state_predictions/deeplabv3_r50_seed20260817_predictions.npz,a1_masks_packed.npy,1258667,1.20 MiB,"[1532, 15488]",uint8,OK,HARD_OR_MASK_LIKE,99
PolypGen,outputs/Q1_R10L3A_polypgen_source_a1_prediction_lock_fix2_v1/state_predictions/deeplabv3_r50_seed20260817_predictions.npz,source_masks_packed.npy,1258667,1.20 MiB,"[1532, 15488]",uint8,OK,HARD_OR_MASK_LIKE,99
PolypGen,outputs/Q1_R10L3A_polypgen_source_a1_prediction_lock_fix2_v1/state_predictions/deeplabv3_r50_seed20260817_predictions.npz,a1_masks_packed.npy,1258667,1.20 MiB,"[1532, 15488]",uint8,OK,HARD_OR_MASK_LIKE,99
PolypGen,release/SafeTTA_repro_release_candidate_v1/project_artifacts/outputs/Q1_R10L3A_polypgen_source_a1_prediction_lock_fix2_v1/state_predictions/deeplabv3_r50_seed20260817_predictions.npz,source_masks_packed.npy,1258667,1.20 MiB,"[1532, 15488]",uint8,OK,HARD_OR_MASK_LIKE,99
PolypGen,release/SafeTTA_repro_release_candidate_v1/project_artifacts/outputs/Q1_R10L3A_polypgen_source_a1_prediction_lock_fix2_v1/state_predictions/deeplabv3_r50_seed20260817_predictions.npz,a1_masks_packed.npy,1258667,1.20 MiB,"[1532, 15488]",uint8,OK,HARD_OR_MASK_LIKE,99
PolypGen,outputs/Q1_R10L3A_polypgen_source_a1_prediction_lock_fix2_v1/state_predictions/segformer_b0_seed20260820_predictions.npz,source_masks_packed.npy,1249148,1.19 MiB,"[1532, 15488]",uint8,OK,HARD_OR_MASK_LIKE,99
PolypGen,outputs/Q1_R10L3A_polypgen_source_a1_prediction_lock_fix2_v1/state_predictions/segformer_b0_seed20260820_predictions.npz,a1_masks_packed.npy,1249148,1.19 MiB,"[1532, 15488]",uint8,OK,HARD_OR_MASK_LIKE,99
PolypGen,release/SafeTTA_repro_release_candidate_v1/project_artifacts/outputs/Q1_R10L3A_polypgen_source_a1_prediction_lock_fix2_v1/state_predictions/segformer_b0_seed20260820_predictions.npz,source_masks_packed.npy,1249148,1.19 MiB,"[1532, 15488]",uint8,OK,HARD_OR_MASK_LIKE,99
PolypGen,release/SafeTTA_repro_release_candidate_v1/project_artifacts/outputs/Q1_R10L3A_polypgen_source_a1_prediction_lock_fix2_v1/state_predictions/segformer_b0_seed20260820_predictions.npz,a1_masks_packed.npy,1249148,1.19 MiB,"[1532, 15488]",uint8,OK,HARD_OR_MASK_LIKE,99
PolypGen,outputs/Q1_R10L3A_polypgen_source_a1_prediction_lock_fix1_v1__building/state_predictions/deeplabv3_r50_seed20260819_predictions.npz,source_masks_packed.npy,1246263,1.19 MiB,"[1532, 15488]",uint8,OK,HARD_OR_MASK_LIKE,99
PolypGen,outputs/Q1_R10L3A_polypgen_source_a1_prediction_lock_fix1_v1__building/state_predictions/deeplabv3_r50_seed20260819_predictions.npz,a1_masks_packed.npy,1246263,1.19 MiB,"[1532, 15488]",uint8,OK,HARD_OR_MASK_LIKE,99
PolypGen,outputs/Q1_R10L3A_polypgen_source_a1_prediction_lock_fix2_v1/state_predictions/deeplabv3_r50_seed20260819_predictions.npz,source_masks_packed.npy,1246263,1.19 MiB,"[1532, 15488]",uint8,OK,HARD_OR_MASK_LIKE,99
PolypGen,outputs/Q1_R10L3A_polypgen_source_a1_prediction_lock_fix2_v1/state_predictions/deeplabv3_r50_seed20260819_predictions.npz,a1_masks_packed.npy,1246263,1.19 MiB,"[1532, 15488]",uint8,OK,HARD_OR_MASK_LIKE,99
PolypGen,release/SafeTTA_repro_release_candidate_v1/project_artifacts/outputs/Q1_R10L3A_polypgen_source_a1_prediction_lock_fix2_v1/state_predictions/deeplabv3_r50_seed20260819_predictions.npz,source_masks_packed.npy,1246263,1.19 MiB,"[1532, 15488]",uint8,OK,HARD_OR_MASK_LIKE,99
PolypGen,release/SafeTTA_repro_release_candidate_v1/project_artifacts/outputs/Q1_R10L3A_polypgen_source_a1_prediction_lock_fix2_v1/state_predictions/deeplabv3_r50_seed20260819_predictions.npz,a1_masks_packed.npy,1246263,1.19 MiB,"[1532, 15488]",uint8,OK,HARD_OR_MASK_LIKE,99
PolypGen,outputs/Q1_R10L3A_polypgen_source_a1_prediction_lock_fix1_v1__building/state_predictions/pranet_seed20260818_predictions.npz,source_masks_packed.npy,1237332,1.18 MiB,"[1532, 15488]",uint8,OK,HARD_OR_MASK_LIKE,99
PolypGen,outputs/Q1_R10L3A_polypgen_source_a1_prediction_lock_fix1_v1__building/state_predictions/pranet_seed20260818_predictions.npz,a1_masks_packed.npy,1237332,1.18 MiB,"[1532, 15488]",uint8,OK,HARD_OR_MASK_LIKE,99
PolypGen,outputs/Q1_R10L3A_polypgen_source_a1_prediction_lock_fix2_v1/state_predictions/pranet_seed20260818_predictions.npz,source_masks_packed.npy,1237332,1.18 MiB,"[1532, 15488]",uint8,OK,HARD_OR_MASK_LIKE,99
PolypGen,outputs/Q1_R10L3A_polypgen_source_a1_prediction_lock_fix2_v1/state_predictions/pranet_seed20260818_predictions.npz,a1_masks_packed.npy,1237332,1.18 MiB,"[1532, 15488]",uint8,OK,HARD_OR_MASK_LIKE,99
PolypGen,release/SafeTTA_repro_release_candidate_v1/project_artifacts/outputs/Q1_R10L3A_polypgen_source_a1_prediction_lock_fix2_v1/state_predictions/pranet_seed20260818_predictions.npz,source_masks_packed.npy,1237332,1.18 MiB,"[1532, 15488]",uint8,OK,HARD_OR_MASK_LIKE,99
PolypGen,release/SafeTTA_repro_release_candidate_v1/project_artifacts/outputs/Q1_R10L3A_polypgen_source_a1_prediction_lock_fix2_v1/state_predictions/pranet_seed20260818_predictions.npz,a1_masks_packed.npy,1237332,1.18 MiB,"[1532, 15488]",uint8,OK,HARD_OR_MASK_LIKE,99
PolypGen,outputs/Q1_R10L3A_polypgen_source_a1_prediction_lock_fix2_v1/state_predictions/segformer_b0_seed20260821_predictions.npz,source_masks_packed.npy,1232565,1.18 MiB,"[1532, 15488]",uint8,OK,HARD_OR_MASK_LIKE,99
PolypGen,outputs/Q1_R10L3A_polypgen_source_a1_prediction_lock_fix2_v1/state_predictions/segformer_b0_seed20260821_predictions.npz,a1_masks_packed.npy,1232565,1.18 MiB,"[1532, 15488]",uint8,OK,HARD_OR_MASK_LIKE,99
PolypGen,release/SafeTTA_repro_release_candidate_v1/project_artifacts/outputs/Q1_R10L3A_polypgen_source_a1_prediction_lock_fix2_v1/state_predictions/segformer_b0_seed20260821_predictions.npz,source_masks_packed.npy,1232565,1.18 MiB,"[1532, 15488]",uint8,OK,HARD_OR_MASK_LIKE,99
PolypGen,release/SafeTTA_repro_release_candidate_v1/project_artifacts/outputs/Q1_R10L3A_polypgen_source_a1_prediction_lock_fix2_v1/state_predictions/segformer_b0_seed20260821_predictions.npz,a1_masks_packed.npy,1232565,1.18 MiB,"[1532, 15488]",uint8,OK,HARD_OR_MASK_LIKE,99
PolypGen,outputs/Q1_R10L3A_polypgen_source_a1_prediction_lock_fix1_v1__building/state_predictions/pranet_seed20260817_predictions.npz,source_masks_packed.npy,1225773,1.17 MiB,"[1532, 15488]",uint8,OK,HARD_OR_MASK_LIKE,99
PolypGen,outputs/Q1_R10L3A_polypgen_source_a1_prediction_lock_fix1_v1__building/state_predictions/pranet_seed20260817_predictions.npz,a1_masks_packed.npy,1225773,1.17 MiB,"[1532, 15488]",uint8,OK,HARD_OR_MASK_LIKE,99
PolypGen,outputs/Q1_R10L3A_polypgen_source_a1_prediction_lock_fix2_v1/state_predictions/pranet_seed20260817_predictions.npz,source_masks_packed.npy,1225773,1.17 MiB,"[1532, 15488]",uint8,OK,HARD_OR_MASK_LIKE,99
PolypGen,outputs/Q1_R10L3A_polypgen_source_a1_prediction_lock_fix2_v1/state_predictions/pranet_seed20260817_predictions.npz,a1_masks_packed.npy,1225773,1.17 MiB,"[1532, 15488]",uint8,OK,HARD_OR_MASK_LIKE,99
PolypGen,release/SafeTTA_repro_release_candidate_v1/project_artifacts/outputs/Q1_R10L3A_polypgen_source_a1_prediction_lock_fix2_v1/state_predictions/pranet_seed20260817_predictions.npz,source_masks_packed.npy,1225773,1.17 MiB,"[1532, 15488]",uint8,OK,HARD_OR_MASK_LIKE,99
PolypGen,release/SafeTTA_repro_release_candidate_v1/project_artifacts/outputs/Q1_R10L3A_polypgen_source_a1_prediction_lock_fix2_v1/state_predictions/pranet_seed20260817_predictions.npz,a1_masks_packed.npy,1225773,1.17 MiB,"[1532, 15488]",uint8,OK,HARD_OR_MASK_LIKE,99
PolypGen,outputs/Q1_R10L3A_polypgen_source_a1_prediction_lock_fix1_v1__building/state_predictions/deeplabv3_r50_seed20260818_predictions.npz,source_masks_packed.npy,1216590,1.16 MiB,"[1532, 15488]",uint8,OK,HARD_OR_MASK_LIKE,99
PolypGen,outputs/Q1_R10L3A_polypgen_source_a1_prediction_lock_fix1_v1__building/state_predictions/deeplabv3_r50_seed20260818_predictions.npz,a1_masks_packed.npy,1216590,1.16 MiB,"[1532, 15488]",uint8,OK,HARD_OR_MASK_LIKE,99
PolypGen,outputs/Q1_R10L3A_polypgen_source_a1_prediction_lock_fix2_v1/state_predictions/deeplabv3_r50_seed20260818_predictions.npz,source_masks_packed.npy,1216590,1.16 MiB,"[1532, 15488]",uint8,OK,HARD_OR_MASK_LIKE,99
PolypGen,outputs/Q1_R10L3A_polypgen_source_a1_prediction_lock_fix2_v1/state_predictions/deeplabv3_r50_seed20260818_predictions.npz,a1_masks_packed.npy,1216590,1.16 MiB,"[1532, 15488]",uint8,OK,HARD_OR_MASK_LIKE,99
PolypGen,release/SafeTTA_repro_release_candidate_v1/project_artifacts/outputs/Q1_R10L3A_polypgen_source_a1_prediction_lock_fix2_v1/state_predictions/deeplabv3_r50_seed20260818_predictions.npz,source_masks_packed.npy,1216590,1.16 MiB,"[1532, 15488]",uint8,OK,HARD_OR_MASK_LIKE,99
PolypGen,release/SafeTTA_repro_release_candidate_v1/project_artifacts/outputs/Q1_R10L3A_polypgen_source_a1_prediction_lock_fix2_v1/state_predictions/deeplabv3_r50_seed20260818_predictions.npz,a1_masks_packed.npy,1216590,1.16 MiB,"[1532, 15488]",uint8,OK,HARD_OR_MASK_LIKE,99
PolypGen,outputs/Q1_R10L3A_polypgen_source_a1_prediction_lock_fix2_v1/state_predictions/segformer_b0_seed20260822_predictions.npz,source_masks_packed.npy,1209521,1.15 MiB,"[1532, 15488]",uint8,OK,HARD_OR_MASK_LIKE,99
PolypGen,outputs/Q1_R10L3A_polypgen_source_a1_prediction_lock_fix2_v1/state_predictions/segformer_b0_seed20260822_predictions.npz,a1_masks_packed.npy,1209521,1.15 MiB,"[1532, 15488]",uint8,OK,HARD_OR_MASK_LIKE,99
PolypGen,release/SafeTTA_repro_release_candidate_v1/project_artifacts/outputs/Q1_R10L3A_polypgen_source_a1_prediction_lock_fix2_v1/state_predictions/segformer_b0_seed20260822_predictions.npz,source_masks_packed.npy,1209521,1.15 MiB,"[1532, 15488]",uint8,OK,HARD_OR_MASK_LIKE,99
PolypGen,release/SafeTTA_repro_release_candidate_v1/project_artifacts/outputs/Q1_R10L3A_polypgen_source_a1_prediction_lock_fix2_v1/state_predictions/segformer_b0_seed20260822_predictions.npz,a1_masks_packed.npy,1209521,1.15 MiB,"[1532, 15488]",uint8,OK,HARD_OR_MASK_LIKE,99
SUNSEG,outputs/Q1_R14C1_sunseg_source_tent1_pl_prediction_lock_preGT_fix3_v1/state_predictions/segformer_b0_seed20260820_source_tent1_pl_predictions.npz,source_masks_packed.npy,1141325,1.09 MiB,"[980, 15488]",uint8,OK,HARD_OR_MASK_LIKE,100
SUNSEG,outputs/Q1_R14C1_sunseg_source_tent1_pl_prediction_lock_preGT_fix3_v1/state_predictions/segformer_b0_seed20260820_source_tent1_pl_predictions.npz,tent1_masks_packed.npy,1141325,1.09 MiB,"[980, 15488]",uint8,OK,HARD_OR_MASK_LIKE,100
SUNSEG,outputs/Q1_R14C1_sunseg_source_tent1_pl_prediction_lock_preGT_fix3_v1/state_predictions/segformer_b0_seed20260820_source_tent1_pl_predictions.npz,pl_masks_packed.npy,1141325,1.09 MiB,"[980, 15488]",uint8,OK,HARD_OR_MASK_LIKE,100
SUNSEG,outputs/Q1_R14C1_sunseg_source_tent1_pl_prediction_lock_preGT_fix3_v1/state_predictions/segformer_b0_seed20260821_source_tent1_pl_predictions.npz,source_masks_packed.npy,1110380,1.06 MiB,"[980, 15488]",uint8,OK,HARD_OR_MASK_LIKE,100
SUNSEG,outputs/Q1_R14C1_sunseg_source_tent1_pl_prediction_lock_preGT_fix3_v1/state_predictions/segformer_b0_seed20260821_source_tent1_pl_predictions.npz,tent1_masks_packed.npy,1110380,1.06 MiB,"[980, 15488]",uint8,OK,HARD_OR_MASK_LIKE,100
SUNSEG,outputs/Q1_R14C1_sunseg_source_tent1_pl_prediction_lock_preGT_fix3_v1/state_predictions/segformer_b0_seed20260821_source_tent1_pl_predictions.npz,pl_masks_packed.npy,1110380,1.06 MiB,"[980, 15488]",uint8,OK,HARD_OR_MASK_LIKE,100
SUNSEG,outputs/Q1_R14C1_sunseg_source_tent1_pl_prediction_lock_preGT_fix3_v1/state_predictions/deeplabv3_r50_seed20260818_source_tent1_pl_predictions.npz,source_masks_packed.npy,1106768,1.06 MiB,"[980, 15488]",uint8,OK,HARD_OR_MASK_LIKE,100
SUNSEG,outputs/Q1_R14C1_sunseg_source_tent1_pl_prediction_lock_preGT_fix3_v1/state_predictions/deeplabv3_r50_seed20260818_source_tent1_pl_predictions.npz,tent1_masks_packed.npy,1106768,1.06 MiB,"[980, 15488]",uint8,OK,HARD_OR_MASK_LIKE,100
SUNSEG,outputs/Q1_R14C1_sunseg_source_tent1_pl_prediction_lock_preGT_fix3_v1/state_predictions/deeplabv3_r50_seed20260818_source_tent1_pl_predictions.npz,pl_masks_packed.npy,1106768,1.06 MiB,"[980, 15488]",uint8,OK,HARD_OR_MASK_LIKE,100
SUNSEG,outputs/Q1_R14C1_sunseg_source_tent1_pl_prediction_lock_preGT_fix3_v1/state_predictions/segformer_b0_seed20260822_source_tent1_pl_predictions.npz,source_masks_packed.npy,1085631,1.04 MiB,"[980, 15488]",uint8,OK,HARD_OR_MASK_LIKE,100
SUNSEG,outputs/Q1_R14C1_sunseg_source_tent1_pl_prediction_lock_preGT_fix3_v1/state_predictions/segformer_b0_seed20260822_source_tent1_pl_predictions.npz,tent1_masks_packed.npy,1085631,1.04 MiB,"[980, 15488]",uint8,OK,HARD_OR_MASK_LIKE,100
SUNSEG,outputs/Q1_R14C1_sunseg_source_tent1_pl_prediction_lock_preGT_fix3_v1/state_predictions/segformer_b0_seed20260822_source_tent1_pl_predictions.npz,pl_masks_packed.npy,1085631,1.04 MiB,"[980, 15488]",uint8,OK,HARD_OR_MASK_LIKE,100
SUNSEG,outputs/Q1_R14C1_sunseg_source_tent1_pl_prediction_lock_preGT_fix3_v1/state_predictions/pranet_seed20260818_source_tent1_pl_predictions.npz,source_masks_packed.npy,1079549,1.03 MiB,"[980, 15488]",uint8,OK,HARD_OR_MASK_LIKE,100
SUNSEG,outputs/Q1_R14C1_sunseg_source_tent1_pl_prediction_lock_preGT_fix3_v1/state_predictions/pranet_seed20260818_source_tent1_pl_predictions.npz,tent1_masks_packed.npy,1079549,1.03 MiB,"[980, 15488]",uint8,OK,HARD_OR_MASK_LIKE,100
SUNSEG,outputs/Q1_R14C1_sunseg_source_tent1_pl_prediction_lock_preGT_fix3_v1/state_predictions/pranet_seed20260818_source_tent1_pl_predictions.npz,pl_masks_packed.npy,1079549,1.03 MiB,"[980, 15488]",uint8,OK,HARD_OR_MASK_LIKE,100
SUNSEG,outputs/Q1_R14C1_sunseg_source_tent1_pl_prediction_lock_preGT_fix3_v1/state_predictions/deeplabv3_r50_seed20260817_source_tent1_pl_predictions.npz,source_masks_packed.npy,1065118,1.02 MiB,"[980, 15488]",uint8,OK,HARD_OR_MASK_LIKE,100
SUNSEG,outputs/Q1_R14C1_sunseg_source_tent1_pl_prediction_lock_preGT_fix3_v1/state_predictions/deeplabv3_r50_seed20260817_source_tent1_pl_predictions.npz,tent1_masks_packed.npy,1065118,1.02 MiB,"[980, 15488]",uint8,OK,HARD_OR_MASK_LIKE,100
SUNSEG,outputs/Q1_R14C1_sunseg_source_tent1_pl_prediction_lock_preGT_fix3_v1/state_predictions/deeplabv3_r50_seed20260817_source_tent1_pl_predictions.npz,pl_masks_packed.npy,1065118,1.02 MiB,"[980, 15488]",uint8,OK,HARD_OR_MASK_LIKE,100
SUNSEG,outputs/Q1_R14C1_sunseg_source_tent1_pl_prediction_lock_preGT_fix3_v1/state_predictions/deeplabv3_r50_seed20260819_source_tent1_pl_predictions.npz,source_masks_packed.npy,1019520,995.62 KiB,"[980, 15488]",uint8,OK,HARD_OR_MASK_LIKE,100
SUNSEG,outputs/Q1_R14C1_sunseg_source_tent1_pl_prediction_lock_preGT_fix3_v1/state_predictions/deeplabv3_r50_seed20260819_source_tent1_pl_predictions.npz,tent1_masks_packed.npy,1019520,995.62 KiB,"[980, 15488]",uint8,OK,HARD_OR_MASK_LIKE,100
SUNSEG,outputs/Q1_R14C1_sunseg_source_tent1_pl_prediction_lock_preGT_fix3_v1/state_predictions/deeplabv3_r50_seed20260819_source_tent1_pl_predictions.npz,pl_masks_packed.npy,1019520,995.62 KiB,"[980, 15488]",uint8,OK,HARD_OR_MASK_LIKE,100
SUNSEG,outputs/Q1_R14C1_sunseg_source_tent1_pl_prediction_lock_preGT_fix3_v1/state_predictions/pranet_seed20260817_source_tent1_pl_predictions.npz,source_masks_packed.npy,981741,958.73 KiB,"[980, 15488]",uint8,OK,HARD_OR_MASK_LIKE,100
SUNSEG,outputs/Q1_R14C1_sunseg_source_tent1_pl_prediction_lock_preGT_fix3_v1/state_predictions/pranet_seed20260817_source_tent1_pl_predictions.npz,tent1_masks_packed.npy,981741,958.73 KiB,"[980, 15488]",uint8,OK,HARD_OR_MASK_LIKE,100
SUNSEG,outputs/Q1_R14C1_sunseg_source_tent1_pl_prediction_lock_preGT_fix3_v1/state_predictions/pranet_seed20260817_source_tent1_pl_predictions.npz,pl_masks_packed.npy,981741,958.73 KiB,"[980, 15488]",uint8,OK,HARD_OR_MASK_LIKE,100
NeoPolyp,outputs/Q1_R05D3_neopolyp_source_a1_prediction_lock_v1_fix1/state_predictions/pranet_seed20260819_predictions.npz,source_masks_packed.npy,814692,795.60 KiB,"[1000, 15488]",uint8,OK,HARD_OR_MASK_LIKE,96
NeoPolyp,outputs/Q1_R05D3_neopolyp_source_a1_prediction_lock_v1_fix1/state_predictions/pranet_seed20260819_predictions.npz,a1_masks_packed.npy,814692,795.60 KiB,"[1000, 15488]",uint8,OK,HARD_OR_MASK_LIKE,96
NeoPolyp,outputs/Q1_R05D3_neopolyp_source_a1_prediction_lock_v1_fix1/state_predictions/pranet_seed20260818_predictions.npz,source_masks_packed.npy,757484,739.73 KiB,"[1000, 15488]",uint8,OK,HARD_OR_MASK_LIKE,96
NeoPolyp,outputs/Q1_R05D3_neopolyp_source_a1_prediction_lock_v1_fix1/state_predictions/pranet_seed20260818_predictions.npz,a1_masks_packed.npy,757484,739.73 KiB,"[1000, 15488]",uint8,OK,HARD_OR_MASK_LIKE,96
NeoPolyp,outputs/Q1_R05D3_neopolyp_source_a1_prediction_lock_v1_fix1/state_predictions/pranet_seed20260817_predictions.npz,source_masks_packed.npy,744186,726.74 KiB,"[1000, 15488]",uint8,OK,HARD_OR_MASK_LIKE,96
NeoPolyp,outputs/Q1_R05D3_neopolyp_source_a1_prediction_lock_v1_fix1/state_predictions/pranet_seed20260817_predictions.npz,a1_masks_packed.npy,744186,726.74 KiB,"[1000, 15488]",uint8,OK,HARD_OR_MASK_LIKE,96
NeoPolyp,outputs/Q1_R05D3_neopolyp_source_a1_prediction_lock_v1_fix1/state_predictions/deeplabv3_r50_seed20260817_predictions.npz,source_masks_packed.npy,704362,687.85 KiB,"[1000, 15488]",uint8,OK,HARD_OR_MASK_LIKE,96
NeoPolyp,outputs/Q1_R05D3_neopolyp_source_a1_prediction_lock_v1_fix1/state_predictions/deeplabv3_r50_seed20260817_predictions.npz,a1_masks_packed.npy,704362,687.85 KiB,"[1000, 15488]",uint8,OK,HARD_OR_MASK_LIKE,96
NeoPolyp,outputs/Q1_R05D3_neopolyp_source_a1_prediction_lock_v1_fix1/state_predictions/deeplabv3_r50_seed20260818_predictions.npz,source_masks_packed.npy,699570,683.17 KiB,"[1000, 15488]",uint8,OK,HARD_OR_MASK_LIKE,96
NeoPolyp,outputs/Q1_R05D3_neopolyp_source_a1_prediction_lock_v1_fix1/state_predictions/deeplabv3_r50_seed20260818_predictions.npz,a1_masks_packed.npy,699570,683.17 KiB,"[1000, 15488]",uint8,OK,HARD_OR_MASK_LIKE,96
NeoPolyp,outputs/Q1_R05D3_neopolyp_source_a1_prediction_lock_v1_fix1/state_predictions/deeplabv3_r50_seed20260819_predictions.npz,source_masks_packed.npy,691814,675.60 KiB,"[1000, 15488]",uint8,OK,HARD_OR_MASK_LIKE,96
NeoPolyp,outputs/Q1_R05D3_neopolyp_source_a1_prediction_lock_v1_fix1/state_predictions/deeplabv3_r50_seed20260819_predictions.npz,a1_masks_packed.npy,691814,675.60 KiB,"[1000, 15488]",uint8,OK,HARD_OR_MASK_LIKE,96
NeoPolyp,outputs/Q1_R05D3_neopolyp_source_a1_prediction_lock_v1_fix1/state_predictions/segformer_b0_seed20260821_predictions.npz,source_masks_packed.npy,660266,644.79 KiB,"[1000, 15488]",uint8,OK,HARD_OR_MASK_LIKE,96
NeoPolyp,outputs/Q1_R05D3_neopolyp_source_a1_prediction_lock_v1_fix1/state_predictions/segformer_b0_seed20260821_predictions.npz,a1_masks_packed.npy,660266,644.79 KiB,"[1000, 15488]",uint8,OK,HARD_OR_MASK_LIKE,96
NeoPolyp,outputs/Q1_R05D3_neopolyp_source_a1_prediction_lock_v1_fix1/state_predictions/segformer_b0_seed20260820_predictions.npz,source_masks_packed.npy,650532,635.29 KiB,"[1000, 15488]",uint8,OK,HARD_OR_MASK_LIKE,96
NeoPolyp,outputs/Q1_R05D3_neopolyp_source_a1_prediction_lock_v1_fix1/state_predictions/segformer_b0_seed20260820_predictions.npz,a1_masks_packed.npy,650532,635.29 KiB,"[1000, 15488]",uint8,OK,HARD_OR_MASK_LIKE,96
NeoPolyp,outputs/Q1_R05D3_neopolyp_source_a1_prediction_lock_v1_fix1/state_predictions/segformer_b0_seed20260822_predictions.npz,source_masks_packed.npy,650249,635.01 KiB,"[1000, 15488]",uint8,OK,HARD_OR_MASK_LIKE,96
NeoPolyp,outputs/Q1_R05D3_neopolyp_source_a1_prediction_lock_v1_fix1/state_predictions/segformer_b0_seed20260822_predictions.npz,a1_masks_packed.npy,650249,635.01 KiB,"[1000, 15488]",uint8,OK,HARD_OR_MASK_LIKE,96
NeoPolyp,outputs/Q1_R11C_neopolyp_tent2_prediction_lock_fix1_v1/state_predictions/pranet_seed20260819_a2_predictions.npz,a2_masks_packed.npy,495186,483.58 KiB,"[1000, 15488]",uint8,OK,HARD_OR_MASK_LIKE,0
NeoPolyp,outputs/Q1_R11C_neopolyp_tent2_prediction_lock_fix1_v1/state_predictions/pranet_seed20260817_a2_predictions.npz,a2_masks_packed.npy,474248,463.13 KiB,"[1000, 15488]",uint8,OK,HARD_OR_MASK_LIKE,0
NeoPolyp,outputs/Q1_R11C_neopolyp_tent2_prediction_lock_fix1_v1/state_predictions/pranet_seed20260818_a2_predictions.npz,a2_masks_packed.npy,467630,456.67 KiB,"[1000, 15488]",uint8,OK,HARD_OR_MASK_LIKE,0
NeoPolyp,outputs/Q1_R11C_neopolyp_tent2_prediction_lock_fix1_v1/state_predictions/deeplabv3_r50_seed20260817_a2_predictions.npz,a2_masks_packed.npy,385781,376.74 KiB,"[1000, 15488]",uint8,OK,HARD_OR_MASK_LIKE,0
NeoPolyp,outputs/Q1_R11C_neopolyp_tent2_prediction_lock_fix1_v1/state_predictions/deeplabv3_r50_seed20260819_a2_predictions.npz,a2_masks_packed.npy,385651,376.61 KiB,"[1000, 15488]",uint8,OK,HARD_OR_MASK_LIKE,0
NeoPolyp,outputs/Q1_R11C_neopolyp_tent2_prediction_lock_fix1_v1/state_predictions/deeplabv3_r50_seed20260818_a2_predictions.npz,a2_masks_packed.npy,384657,375.64 KiB,"[1000, 15488]",uint8,OK,HARD_OR_MASK_LIKE,0
NeoPolyp,outputs/Q1_R12B_full_neopolyp_sar_prediction_lock_fix1_v1/state_predictions/segformer_b0_seed20260821_sar_predictions.npz,sar_masks_packed.npy,326629,318.97 KiB,"[1000, 15488]",uint8,OK,HARD_OR_MASK_LIKE,0
NeoPolyp,outputs/Q1_R11C_neopolyp_tent2_prediction_lock_fix1_v1/state_predictions/segformer_b0_seed20260820_a2_predictions.npz,a2_masks_packed.npy,325396,317.77 KiB,"[1000, 15488]",uint8,OK,HARD_OR_MASK_LIKE,0
NeoPolyp,outputs/Q1_R11C_neopolyp_tent2_prediction_lock_fix1_v1/state_predictions/segformer_b0_seed20260821_a2_predictions.npz,a2_masks_packed.npy,324570,316.96 KiB,"[1000, 15488]",uint8,OK,HARD_OR_MASK_LIKE,0
NeoPolyp,outputs/Q1_R11C_neopolyp_tent2_prediction_lock_fix1_v1/state_predictions/segformer_b0_seed20260822_a2_predictions.npz,a2_masks_packed.npy,322990,315.42 KiB,"[1000, 15488]",uint8,OK,HARD_OR_MASK_LIKE,0
NeoPolyp,outputs/Q1_R12B_full_neopolyp_sar_prediction_lock_fix1_v1/state_predictions/segformer_b0_seed20260820_sar_predictions.npz,sar_masks_packed.npy,318687,311.22 KiB,"[1000, 15488]",uint8,OK,HARD_OR_MASK_LIKE,0
NeoPolyp,outputs/Q1_R12B_full_neopolyp_sar_prediction_lock_fix1_v1/state_predictions/segformer_b0_seed20260822_sar_predictions.npz,sar_masks_packed.npy,314695,307.32 KiB,"[1000, 15488]",uint8,OK,HARD_OR_MASK_LIKE,0
NeoPolyp,outputs/Q1_R13B_full_neopolyp_pl_conf90_prediction_lock_fix2_v1/state_predictions/segformer_b0_seed20260821_pl_predictions.npz,pl_masks_packed.npy,314062,306.70 KiB,"[1000, 15488]",uint8,OK,HARD_OR_MASK_LIKE,0
NeoPolyp,outputs/Q1_R13B_full_neopolyp_pl_conf90_prediction_lock_fix2_v1/state_predictions/segformer_b0_seed20260820_pl_predictions.npz,pl_masks_packed.npy,308711,301.48 KiB,"[1000, 15488]",uint8,OK,HARD_OR_MASK_LIKE,0
NeoPolyp,outputs/Q1_R12B_full_neopolyp_sar_prediction_lock_fix1_v1/state_predictions/pranet_seed20260819_sar_predictions.npz,sar_masks_packed.npy,308245,301.02 KiB,"[1000, 15488]",uint8,OK,HARD_OR_MASK_LIKE,0
NeoPolyp,outputs/Q1_R13B_full_neopolyp_pl_conf90_prediction_lock_fix2_v1/state_predictions/pranet_seed20260819_pl_predictions.npz,pl_masks_packed.npy,308020,300.80 KiB,"[1000, 15488]",uint8,OK,HARD_OR_MASK_LIKE,0
NeoPolyp,outputs/Q1_R13B_full_neopolyp_pl_conf90_prediction_lock_fix2_v1/state_predictions/segformer_b0_seed20260822_pl_predictions.npz,pl_masks_packed.npy,304352,297.22 KiB,"[1000, 15488]",uint8,OK,HARD_OR_MASK_LIKE,0
NeoPolyp,outputs/Q1_R12B_full_neopolyp_sar_prediction_lock_fix1_v1/state_predictions/deeplabv3_r50_seed20260817_sar_predictions.npz,sar_masks_packed.npy,298695,291.69 KiB,"[1000, 15488]",uint8,OK,HARD_OR_MASK_LIKE,0
NeoPolyp,outputs/Q1_R12B_full_neopolyp_sar_prediction_lock_fix1_v1/state_predictions/deeplabv3_r50_seed20260818_sar_predictions.npz,sar_masks_packed.npy,293932,287.04 KiB,"[1000, 15488]",uint8,OK,HARD_OR_MASK_LIKE,0
NeoPolyp,outputs/Q1_R13B_full_neopolyp_pl_conf90_prediction_lock_fix1_v1__building/state_predictions/deeplabv3_r50_seed20260817_pl_predictions.npz,pl_masks_packed.npy,293518,286.64 KiB,"[1000, 15488]",uint8,OK,HARD_OR_MASK_LIKE,0
NeoPolyp,outputs/Q1_R13B_full_neopolyp_pl_conf90_prediction_lock_fix2_v1/state_predictions/deeplabv3_r50_seed20260817_pl_predictions.npz,pl_masks_packed.npy,293518,286.64 KiB,"[1000, 15488]",uint8,OK,HARD_OR_MASK_LIKE,0
NeoPolyp,outputs/Q1_R12B_full_neopolyp_sar_prediction_lock_fix1_v1/state_predictions/deeplabv3_r50_seed20260819_sar_predictions.npz,sar_masks_packed.npy,289392,282.61 KiB,"[1000, 15488]",uint8,OK,HARD_OR_MASK_LIKE,0
NeoPolyp,outputs/Q1_R13B_full_neopolyp_pl_conf90_prediction_lock_fix1_v1__building/state_predictions/deeplabv3_r50_seed20260818_pl_predictions.npz,pl_masks_packed.npy,289192,282.41 KiB,"[1000, 15488]",uint8,OK,HARD_OR_MASK_LIKE,0
NeoPolyp,outputs/Q1_R13B_full_neopolyp_pl_conf90_prediction_lock_fix2_v1/state_predictions/deeplabv3_r50_seed20260818_pl_predictions.npz,pl_masks_packed.npy,289188,282.41 KiB,"[1000, 15488]",uint8,OK,HARD_OR_MASK_LIKE,0
NeoPolyp,outputs/Q1_R13B_full_neopolyp_pl_conf90_prediction_lock_fix2_v1/state_predictions/pranet_seed20260818_pl_predictions.npz,pl_masks_packed.npy,285657,278.96 KiB,"[1000, 15488]",uint8,OK,HARD_OR_MASK_LIKE,0
NeoPolyp,outputs/Q1_R12B_full_neopolyp_sar_prediction_lock_fix1_v1/state_predictions/pranet_seed20260818_sar_predictions.npz,sar_masks_packed.npy,285368,278.68 KiB,"[1000, 15488]",uint8,OK,HARD_OR_MASK_LIKE,0
NeoPolyp,outputs/Q1_R13B_full_neopolyp_pl_conf90_prediction_lock_fix2_v1/state_predictions/deeplabv3_r50_seed20260819_pl_predictions.npz,pl_masks_packed.npy,284327,277.66 KiB,"[1000, 15488]",uint8,OK,HARD_OR_MASK_LIKE,0
NeoPolyp,outputs/Q1_R13B_full_neopolyp_pl_conf90_prediction_lock_fix2_v1/state_predictions/pranet_seed20260817_pl_predictions.npz,pl_masks_packed.npy,262837,256.68 KiB,"[1000, 15488]",uint8,OK,HARD_OR_MASK_LIKE,0
NeoPolyp,outputs/Q1_R12B_full_neopolyp_sar_prediction_lock_fix1_v1/state_predictions/pranet_seed20260817_sar_predictions.npz,sar_masks_packed.npy,262756,256.60 KiB,"[1000, 15488]",uint8,OK,HARD_OR_MASK_LIKE,0
