target_family,comparison,metric,bootstrap_mean_delta,ci95_low,ci95_high,inference
DeepLabV3-R50,COND_vs_CLS,AUROC,0.09538428141712038,0.0763276205955061,0.11337226543214006,A_BETTER
DeepLabV3-R50,COND_vs_CLS,AUPRC,0.17060767812016134,0.1391883317134868,0.2028379195257287,A_BETTER
DeepLabV3-R50,COND_vs_CLS,Recall,0.005038532985854257,-0.009313919079878033,0.018636338873231264,NO_95CI_DIFFERENCE
DeepLabV3-R50,COND_vs_CLS,FPR,-0.10730212154725613,-0.13856787963365544,-0.07596099692749057,A_BETTER
DeepLabV3-R50,COND_vs_CLS,PPV1pct,0.0030709699346734495,0.002162135503505214,0.004040603435815703,A_BETTER
DeepLabV3-R50,COND_vs_CLS,OracleR90FPR,-0.12232613096197602,-0.1642789511124194,-0.07981810635044596,A_BETTER
PraNet,COND_vs_CLS,AUROC,0.13176636974033232,0.1105902653173703,0.153991878505655,A_BETTER
PraNet,COND_vs_CLS,AUPRC,0.1655030930281523,0.13850525319048337,0.19352441810421525,A_BETTER
PraNet,COND_vs_CLS,Recall,-0.018551729845882756,-0.04099243540839774,0.0030774941945161238,NO_95CI_DIFFERENCE
PraNet,COND_vs_CLS,FPR,-0.21660021588600295,-0.2553941220798795,-0.17683553831058996,A_BETTER
PraNet,COND_vs_CLS,PPV1pct,0.012099720902495741,0.009419590231301952,0.015220139606666199,A_BETTER
PraNet,COND_vs_CLS,OracleR90FPR,-0.17190050799808806,-0.223065226757582,-0.11985041639974368,A_BETTER
SegFormer-B0,COND_vs_CLS,AUROC,0.06490583676583933,0.046847695000174716,0.08268392058009981,A_BETTER
SegFormer-B0,COND_vs_CLS,AUPRC,0.10671309666347661,0.06551575732235765,0.1479925358691765,A_BETTER
SegFormer-B0,COND_vs_CLS,Recall,0.0103950748667671,-0.0063995553872741836,0.02732362083890746,NO_95CI_DIFFERENCE
SegFormer-B0,COND_vs_CLS,FPR,-0.03962829262179854,-0.06188025851385035,-0.016984878287011496,A_BETTER
SegFormer-B0,COND_vs_CLS,PPV1pct,0.0009857257212198998,0.0004960923614459192,0.0014651073190280084,A_BETTER
SegFormer-B0,COND_vs_CLS,OracleR90FPR,-0.0807823183347327,-0.12546768425002733,-0.03265119095392861,A_BETTER
DeepLabV3-R50,COND_vs_FG,AUROC,-0.0014999769293772044,-0.0048198343378285605,0.0019100044901601944,NO_95CI_DIFFERENCE
DeepLabV3-R50,COND_vs_FG,AUPRC,0.001318787630301335,-0.006286799800790136,0.009175986844306606,NO_95CI_DIFFERENCE
DeepLabV3-R50,COND_vs_FG,Recall,0.00553494723624796,-0.0007353619492078301,0.012261715296197974,NO_95CI_DIFFERENCE
DeepLabV3-R50,COND_vs_FG,FPR,0.004695889278038581,-0.005213154127075209,0.015178866051454194,NO_95CI_DIFFERENCE
DeepLabV3-R50,COND_vs_FG,PPV1pct,-5.29636679369863e-05,-0.00040197425154766766,0.0002898093359926931,NO_95CI_DIFFERENCE
DeepLabV3-R50,COND_vs_FG,OracleR90FPR,-0.0019338651722581774,-0.01998062500534772,0.01614636267799851,NO_95CI_DIFFERENCE
PraNet,COND_vs_FG,AUROC,0.0004540910673051185,-0.002964828727919003,0.004008477321400542,NO_95CI_DIFFERENCE
PraNet,COND_vs_FG,AUPRC,0.001385895715569835,-0.0021735850542590946,0.005095361004476319,NO_95CI_DIFFERENCE
PraNet,COND_vs_FG,Recall,0.0062452922119385235,-0.0014485834840263583,0.01466093166536163,NO_95CI_DIFFERENCE
PraNet,COND_vs_FG,FPR,0.005010315418282319,-0.007940102445472585,0.017819298875907684,NO_95CI_DIFFERENCE
PraNet,COND_vs_FG,PPV1pct,-0.00030127961649285275,-0.0015756977852996621,0.0010592695453139577,NO_95CI_DIFFERENCE
PraNet,COND_vs_FG,OracleR90FPR,-0.015722719358013785,-0.03544842474356295,0.004334870888684483,NO_95CI_DIFFERENCE
SegFormer-B0,COND_vs_FG,AUROC,-0.002507089260472692,-0.007078466829863711,0.0020089857451008374,NO_95CI_DIFFERENCE
SegFormer-B0,COND_vs_FG,AUPRC,0.0028144812879956314,-0.007887776639991656,0.013689028188350692,NO_95CI_DIFFERENCE
SegFormer-B0,COND_vs_FG,Recall,-0.0005603960338726406,-0.006368454608026497,0.0055341025061262615,NO_95CI_DIFFERENCE
SegFormer-B0,COND_vs_FG,FPR,0.0023699151811634707,-0.008188264969931561,0.012695897475517972,NO_95CI_DIFFERENCE
SegFormer-B0,COND_vs_FG,PPV1pct,-6.20071972752399e-05,-0.0002867772962778818,0.0001658588510347314,NO_95CI_DIFFERENCE
SegFormer-B0,COND_vs_FG,OracleR90FPR,-0.006372704649095183,-0.025708418835307563,0.01657458867654516,NO_95CI_DIFFERENCE
DeepLabV3-R50,COND_vs_BG,AUROC,0.09275655897408973,0.0717063966144492,0.11292267468635042,A_BETTER
DeepLabV3-R50,COND_vs_BG,AUPRC,0.17944041477772854,0.14373201195489826,0.2156680823270117,A_BETTER
DeepLabV3-R50,COND_vs_BG,Recall,-0.00582408468758713,-0.021358238605010606,0.009395826263162795,NO_95CI_DIFFERENCE
DeepLabV3-R50,COND_vs_BG,FPR,-0.11054670628403117,-0.14069770429503556,-0.07850498155049448,A_BETTER
DeepLabV3-R50,COND_vs_BG,PPV1pct,0.0029746016801833535,0.002062970086082863,0.0039255552023215595,A_BETTER
DeepLabV3-R50,COND_vs_BG,OracleR90FPR,-0.08336799657640294,-0.13043661224597589,-0.036541298601465516,A_BETTER
PraNet,COND_vs_BG,AUROC,0.13646944406564784,0.11343017306351257,0.160716193738274,A_BETTER
PraNet,COND_vs_BG,AUPRC,0.17433194205005673,0.14732346809899446,0.20259988462998005,A_BETTER
PraNet,COND_vs_BG,Recall,-0.020908650107878627,-0.044341370318031516,0.0008320274305374237,NO_95CI_DIFFERENCE
PraNet,COND_vs_BG,FPR,-0.20783309175695214,-0.2480986107798506,-0.169653317685294,A_BETTER
PraNet,COND_vs_BG,PPV1pct,0.011751114445604458,0.009075717603217173,0.014910129506945867,A_BETTER
PraNet,COND_vs_BG,OracleR90FPR,-0.16897457804176674,-0.22090106931877662,-0.1150853603950746,A_BETTER
SegFormer-B0,COND_vs_BG,AUROC,0.059592054805405456,0.04229360213084137,0.0773081238097626,A_BETTER
SegFormer-B0,COND_vs_BG,AUPRC,0.07877881137753934,0.038026125341607715,0.12033582982963043,A_BETTER
SegFormer-B0,COND_vs_BG,Recall,0.007163678032110272,-0.01073106806944496,0.025718828263826005,NO_95CI_DIFFERENCE
SegFormer-B0,COND_vs_BG,FPR,-0.03655078657606697,-0.05958159992598226,-0.014028400785784885,A_BETTER
SegFormer-B0,COND_vs_BG,PPV1pct,0.0008774144560535717,0.0004088747746181601,0.0013843504207008428,A_BETTER
SegFormer-B0,COND_vs_BG,OracleR90FPR,-0.0675812023612095,-0.1110837829579766,-0.02592132696273296,A_BETTER
DeepLabV3-R50,FINAL_vs_M2,AUROC,0.0308657480803027,0.015496689775548364,0.04601724699332693,A_BETTER
DeepLabV3-R50,FINAL_vs_M2,AUPRC,0.0727916318703708,0.037361518829326215,0.10844255757150753,A_BETTER
DeepLabV3-R50,FINAL_vs_M2,Recall,0.016326349689077722,-0.0015540407250728414,0.033908946563362456,NO_95CI_DIFFERENCE
DeepLabV3-R50,FINAL_vs_M2,FPR,-0.11045743670372958,-0.14548503869955992,-0.07633916273120822,A_BETTER
DeepLabV3-R50,FINAL_vs_M2,PPV1pct,0.0033778761500510074,0.0023767069503495375,0.004428987314435137,A_BETTER
DeepLabV3-R50,FINAL_vs_M2,OracleR90FPR,-0.152522495771869,-0.21959635682669387,-0.07535132227026599,A_BETTER
PraNet,FINAL_vs_M2,AUROC,0.017212918293473444,-0.00036535709388282314,0.03467138978083196,NO_95CI_DIFFERENCE
PraNet,FINAL_vs_M2,AUPRC,0.03398794959056508,0.014857781655966976,0.05297647544265879,A_BETTER
PraNet,FINAL_vs_M2,Recall,-0.07491960414260611,-0.10006037712867988,-0.050614606360178144,A_WORSE
PraNet,FINAL_vs_M2,FPR,-0.19619512792770014,-0.24188241341276667,-0.14988101027217,A_BETTER
PraNet,FINAL_vs_M2,PPV1pct,0.010419579399997426,0.007186396129620782,0.014123276645199346,A_BETTER
PraNet,FINAL_vs_M2,OracleR90FPR,-0.049382052061386975,-0.11270772583618208,0.01876007540118242,NO_95CI_DIFFERENCE
SegFormer-B0,FINAL_vs_M2,AUROC,0.013689319236943567,-0.004023610689755533,0.030600042567982485,NO_95CI_DIFFERENCE
SegFormer-B0,FINAL_vs_M2,AUPRC,0.04996796472596719,0.00686031767952989,0.09351114925126096,A_BETTER
SegFormer-B0,FINAL_vs_M2,Recall,0.04961438090817262,0.028873471726948506,0.07374466212126993,A_BETTER
SegFormer-B0,FINAL_vs_M2,FPR,0.055339652991533574,0.024657296411620948,0.0865710035394322,A_WORSE
SegFormer-B0,FINAL_vs_M2,PPV1pct,-0.0005299565959599968,-0.001295925463646359,0.00019962945571086853,NO_95CI_DIFFERENCE
SegFormer-B0,FINAL_vs_M2,OracleR90FPR,-0.084371739097888,-0.1632966740643908,-0.0045467036709219855,A_BETTER
DeepLabV3-R50,FINAL_vs_M2_FG,AUROC,-0.001789385834935592,-0.005052355608275491,0.001565350227561138,NO_95CI_DIFFERENCE
DeepLabV3-R50,FINAL_vs_M2_FG,AUPRC,0.001441467584514384,-0.006429115973670368,0.009608641907853625,NO_95CI_DIFFERENCE
DeepLabV3-R50,FINAL_vs_M2_FG,Recall,-0.0012356153144579363,-0.007014384380873678,0.0044978005865101665,NO_95CI_DIFFERENCE
DeepLabV3-R50,FINAL_vs_M2_FG,FPR,0.0028117477693598244,-0.0064559937743863096,0.011587583888441111,NO_95CI_DIFFERENCE
DeepLabV3-R50,FINAL_vs_M2_FG,PPV1pct,-0.00012361699149179722,-0.0004083707772598713,0.00019196866077995608,NO_95CI_DIFFERENCE
DeepLabV3-R50,FINAL_vs_M2_FG,OracleR90FPR,0.0014080806218880406,-0.015095530027974521,0.01879141246796883,NO_95CI_DIFFERENCE
PraNet,FINAL_vs_M2_FG,AUROC,8.574953153919873e-05,-0.0034598333910416416,0.003659190853439969,NO_95CI_DIFFERENCE
PraNet,FINAL_vs_M2_FG,AUPRC,0.0011823291427662892,-0.0023660161843810255,0.0048720528911682685,NO_95CI_DIFFERENCE
PraNet,FINAL_vs_M2_FG,Recall,0.009605581618249261,0.0018652189940015912,0.017178281752495576,A_BETTER
PraNet,FINAL_vs_M2_FG,FPR,0.0030383610871662055,-0.009260815301783614,0.015279176683621486,NO_95CI_DIFFERENCE
PraNet,FINAL_vs_M2_FG,PPV1pct,-6.642536046794906e-07,-0.0012820207427961733,0.001259109441375168,NO_95CI_DIFFERENCE
PraNet,FINAL_vs_M2_FG,OracleR90FPR,-0.014293060170383438,-0.03533982533015938,0.004647737396575428,NO_95CI_DIFFERENCE
SegFormer-B0,FINAL_vs_M2_FG,AUROC,-0.00230809491595279,-0.006771082754518568,0.0021879492856033637,NO_95CI_DIFFERENCE
SegFormer-B0,FINAL_vs_M2_FG,AUPRC,0.002381100540708097,-0.008046128699176999,0.013037074158587705,NO_95CI_DIFFERENCE
SegFormer-B0,FINAL_vs_M2_FG,Recall,0.003702473432938596,-0.0016813905049199106,0.009254743876214468,NO_95CI_DIFFERENCE
SegFormer-B0,FINAL_vs_M2_FG,FPR,0.005327062656973906,-0.0047580461284631725,0.0145992281176781,NO_95CI_DIFFERENCE
SegFormer-B0,FINAL_vs_M2_FG,PPV1pct,-6.369549239128843e-05,-0.00027762805968983676,0.00015424255432115348,NO_95CI_DIFFERENCE
SegFormer-B0,FINAL_vs_M2_FG,OracleR90FPR,-0.005024904269621083,-0.024677769370071285,0.01838427381841293,NO_95CI_DIFFERENCE
DeepLabV3-R50,FINAL_vs_M2_BG,AUROC,0.07658512419564965,0.057359962232189615,0.0957825359665326,A_BETTER
DeepLabV3-R50,FINAL_vs_M2_BG,AUPRC,0.1575422708151253,0.12192382080874296,0.1919314056057679,A_BETTER
DeepLabV3-R50,FINAL_vs_M2_BG,Recall,-0.012946805191259932,-0.029044216864861753,0.0018870609716800976,NO_95CI_DIFFERENCE
DeepLabV3-R50,FINAL_vs_M2_BG,FPR,-0.09828818735567131,-0.12780084084110427,-0.06673520800028386,A_BETTER
DeepLabV3-R50,FINAL_vs_M2_BG,PPV1pct,0.002616369273981384,0.001683639911634931,0.003567513538601122,A_BETTER
DeepLabV3-R50,FINAL_vs_M2_BG,OracleR90FPR,-0.07055432648720736,-0.11556797393909607,-0.026076546109064413,A_BETTER
PraNet,FINAL_vs_M2_BG,AUROC,0.11773767414785714,0.09641170627170004,0.14005936908469574,A_BETTER
PraNet,FINAL_vs_M2_BG,AUPRC,0.14501875348638052,0.11977518557793634,0.17137488877158896,A_BETTER
PraNet,FINAL_vs_M2_BG,Recall,-0.023611917102928693,-0.04652062087476277,-0.0024168601343768975,A_WORSE
PraNet,FINAL_vs_M2_BG,FPR,-0.20179026154295912,-0.2405225702467443,-0.1646612559521521,A_BETTER
PraNet,FINAL_vs_M2_BG,PPV1pct,0.011673402473637623,0.008855678876719907,0.014897876504113863,A_BETTER
PraNet,FINAL_vs_M2_BG,OracleR90FPR,-0.16133680369440828,-0.2159319359976922,-0.10572572860935318,A_BETTER
SegFormer-B0,FINAL_vs_M2_BG,AUROC,0.04910047752903574,0.03141616362759957,0.06664401469870682,A_BETTER
SegFormer-B0,FINAL_vs_M2_BG,AUPRC,0.0880898064436514,0.046941821719655885,0.1297409644095503,A_BETTER
SegFormer-B0,FINAL_vs_M2_BG,Recall,0.0057742688012588006,-0.010460003018640182,0.02161464556828569,NO_95CI_DIFFERENCE
SegFormer-B0,FINAL_vs_M2_BG,FPR,-0.012164545271995557,-0.034524958050145924,0.009338824599524955,NO_95CI_DIFFERENCE
SegFormer-B0,FINAL_vs_M2_BG,PPV1pct,0.0003559104141187457,-0.00012535733687365266,0.0008431376403670711,NO_95CI_DIFFERENCE
SegFormer-B0,FINAL_vs_M2_BG,OracleR90FPR,-0.03888826882926057,-0.08066369954994203,0.0012380767792185326,NO_95CI_DIFFERENCE
DeepLabV3-R50,FINAL_vs_COND,AUROC,0.0017730743292645164,0.00010888587675521034,0.0033465322597534615,A_BETTER
DeepLabV3-R50,FINAL_vs_COND,AUPRC,0.002936708291261428,0.0007243515361153836,0.005360176117097237,A_BETTER
DeepLabV3-R50,FINAL_vs_COND,Recall,-0.0038748059739849507,-0.009022239991090416,0.0,NO_95CI_DIFFERENCE
DeepLabV3-R50,FINAL_vs_COND,FPR,-0.006247667768900304,-0.012264248200739097,-0.0005077887375408712,A_BETTER
DeepLabV3-R50,FINAL_vs_COND,PPV1pct,0.0001368882001916512,-6.423794013272503e-05,0.00035711392734746986,NO_95CI_DIFFERENCE
DeepLabV3-R50,FINAL_vs_COND,OracleR90FPR,-0.00337178122178069,-0.01538500251635637,0.01062418167129419,NO_95CI_DIFFERENCE
PraNet,FINAL_vs_COND,AUROC,-0.0003263793656057477,-0.003317944691494312,0.0023260874645536825,NO_95CI_DIFFERENCE
PraNet,FINAL_vs_COND,AUPRC,-0.0007524645441482927,-0.0036280196481998845,0.0018558177901836772,NO_95CI_DIFFERENCE
PraNet,FINAL_vs_COND,Recall,1.2995914918821406e-05,-0.004540505059550457,0.004094345122425077,NO_95CI_DIFFERENCE
PraNet,FINAL_vs_COND,FPR,-0.0028702150482475394,-0.009873358068816564,0.0041251077207876425,NO_95CI_DIFFERENCE
PraNet,FINAL_vs_COND,PPV1pct,0.0002914659404399997,-0.00038327185062391855,0.0009911488704618405,NO_95CI_DIFFERENCE
PraNet,FINAL_vs_COND,OracleR90FPR,-0.003757709646510106,-0.01709828732015565,0.009509832198345293,NO_95CI_DIFFERENCE
SegFormer-B0,FINAL_vs_COND,AUROC,0.001762688251053027,0.00018321658254616958,0.0031621861794909802,A_BETTER
SegFormer-B0,FINAL_vs_COND,AUPRC,0.0021503196076070913,2.1735805546445352e-05,0.004118852019166465,A_BETTER
SegFormer-B0,FINAL_vs_COND,Recall,0.001680827734261135,-0.0010899554293320069,0.004578229164856708,NO_95CI_DIFFERENCE
SegFormer-B0,FINAL_vs_COND,FPR,-0.0020237935714513453,-0.006082406471182985,0.0018868735006159622,NO_95CI_DIFFERENCE
SegFormer-B0,FINAL_vs_COND,PPV1pct,7.145794077935691e-05,-2.5238314169957754e-05,0.0001705948595865683,NO_95CI_DIFFERENCE
SegFormer-B0,FINAL_vs_COND,OracleR90FPR,-0.0049317630225425785,-0.014021938499954428,0.004985552075884837,NO_95CI_DIFFERENCE
