basename,size_bytes,sha256,syntax_ok,syntax_error
Q1_R00_heterogeneous_model_panel_asset_audit_v1.py,40884,a2ae1ab64651a3f22bd87089e78d2e0d64ee162e9003f587a74da1f222f83edb,True,
Q1_R01C_third_architecture_selection_training_plan_v1.py,36997,7ae5ab7718237f3f73698a325a0a96299a73a51db1bc522b0d7de5f9afcb42ab,True,
Q1_R02_segformer_b0_three_seed_source_training_v1.py,51442,616114e5bb7e18f404f4a638c4c0f11951b1ba04910ce3c0f1389d5714f19265,True,
Q1_R02_segformer_b0_three_seed_source_training_v1_fix1.py,71170,38c42185b0bb9bf3ed5bad84b63f8cd77483ef53932edb71934731ab6f1a8398,True,
Q1_R02_segformer_b0_three_seed_source_training_v1_fix2.py,91347,fc5ec265f7af29f3e957758d689b09e0efa03f358d0f3a8d76608e96527895e9,True,
Q1_R02_segformer_b0_three_seed_source_training_v1_fix3.py,115574,8b83fee28f9a34c45d72b3708023e63ed9205be0869c188ef25049455aa10afa,True,
Q1_R02_segformer_b0_three_seed_source_training_v1_fix4.py,137568,66575696765b0dd3294c13a04e008058c4b909e04f03cf4f4dea3844e658d7b6,True,
Q1_R02_segformer_b0_three_seed_source_training_v1_fix5.py,149574,9bd3e85788db0f37bff7c94167e8526f729f2ef055e30b15820840853534a8d7,True,
Q1_R02_segformer_b0_three_seed_source_training_v1_fix6.py,150625,b8a28726c29d0a1e70140edcfbecef8c75080dcabbcfbc2cac4be3d7cf670313,True,
Q1_R02_segformer_b0_three_seed_source_training_v1_fix7.py,155650,7b1d92c4ab24eb689215f5c2a882d4161659d921c7ee29e4e32589cb5903d9a7,True,
Q1_R02R_data_directory_inventory_v1.py,15994,4e3e77db21da9a4bf895427a126a01f66b6a1eecbdae22261552664ed7614edf,True,
Q1_R02R_download_archive_inventory_v1.py,9636,82290e9f16bd4a2d727b3bedb6f0074a538b65fdb30f07605938da74cb030a0e,True,
Q1_R02R_polypdataset_archive_structure_audit_v1.py,13606,c34efdc361a8311564b3f6435a4576698870a26b09c97f704369c753115ade2a,True,
Q1_R02R_split_csv_inventory_v1.py,6772,870fd6bde2cff2dfc8a050997f342c03f99988213e2d6a4467c90da1d32065bb,True,
Q1_R02R_standardized_source_dataset_panel_reset_audit_v1.py,32348,d7534c9f4a6e29c8c4d8f3c82be1404ac9ff6d14725b877ccab92ea977257413,True,
Q1_R03_nine_state_heterogeneous_source_utility_asset_v1_fix1.py,58526,6947d7dad35111e7def75a146c97c8bac5673a96a29fc4ecf6a55297f71dda48,True,
Q1_R03_nine_state_heterogeneous_source_utility_asset_v1_fix2.py,63488,d737272b756a4d2051f9c74051d7085640eaec9cd8be6dbd951c325af2a17c31,True,
Q1_R04_model_relative_prospective_utility_feasibility_loao_v1_fix1.py,46828,4aceb88bf286c83960a525e7f14494140d79884fe4dcc223d1cd40e601b2a18b,True,
Q1_R05A_confirmatory_target_eligibility_audit_v1.py,21455,6c3d25ff8be91dd98e9bbbc109ac081390c92c4e191a11e23f4e77d223613c8a,True,
Q1_R05A_confirmatory_target_eligibility_audit_v1_fix1.py,32462,096e88be04045caa8034361a1dee6b35a13438dfd618689b59cd6a6096fdf790,True,
Q1_R05B0_piccolo_confirmatory_target_selection_lock_v1.py,15464,fd15159b5329b4a976eee176544d9922c4fb39be1bf566a2330a6c63c90918b6,True,
Q1_R05B0_piccolo_confirmatory_target_selection_lock_v1_fix1.py,16816,b91f3bed58e878097530599a523ab81b7a67f75702545d19f0d322f8d20005d5,True,
Q1_R05B1_piccolo_acquisition_structure_qc_v1_fix1.py,23829,e0f940687bef8749ec5e5aa04e0aebf6fa5edf1f6770bf3fad6f818045a91d53,True,
Q1_R05B2_source_only_paot_predictor_lock_v1.py,25907,c271bcaf9d6cedd6efdeee95d63d122c578fd65c69c35bca195cd81e3cfe91b3,True,
Q1_R05C0_polypdb_backup_confirmatory_target_selection_lock_v1.py,16724,ac782e53778afe52e96451da3cefcab91953dd42aba10d2f5e570563e20ddf62,True,
Q1_R05C0_polypdb_backup_confirmatory_target_selection_lock_v1_fix1.py,20369,4aa3a32b179383185b3cd2557ed3b8ad7420c5cc4964eee6234ce4e621eade22,True,
Q1_R05D0_neopolyp_backup_confirmatory_target_selection_lock_v1.py,18702,0835e2169d7dc31676c5c800685d90bfa31cac780bacca000b26564d6c8e8096,True,
Q1_R05D1_neopolyp_acquisition_pairing_duplicate_qc_v1.py,29769,a11c8c7f76a4622b826ae2ecd38950cd63036635746a608f46d3749ff90d2e20,True,
Q1_R05D1_neopolyp_acquisition_pairing_duplicate_qc_v1_fix2.py,31307,55ebe1b051bc250c3d5d471ee224fb5cd121501621120aaeb4729b1b3e2eee31,True,
Q1_R05D2_neopolyp_prospective_paot_probability_lock_v1_fix1.py,55334,663e3661e0903712065776cb6a2c0af7f011e731a3ffaf38ade0dcfad39eb077,True,
Q1_R05D3_neopolyp_source_a1_prediction_lock_v1_fix1.py,54105,df22d6f3054257743d1f12d9e757323ea9f4a052b7642eb4ab610da46ff21251,True,
Q1_R05D4_neopolyp_gt_reveal_paot_confirmatory_evaluation_v1.py,54720,f26cf378ceaee69acc4782a551c07d613a1cc882acad938d6151c824e54633ed,True,
Q1_R06A_source_only_architecture_robust_harm_risk_envelope_v1.py,38675,09340432564f1e6a3fbdb2f112814e577744e38f6f44982af0c172593fdc7170,True,
Q1_R06B_source_only_nested_recall_anchored_harmguard_gate_v1.py,41218,9378781baca9131de9a1ee2082e29363b32d6bb2ccfcb6cc31770737283fff4d,True,
Q1_R06C_scalar_harm_risk_gate_feasibility_frontier_audit_v1.py,23459,aef8b162449ecf8e7b28312ad6f8df6451eabc1a31d612394f9e7e3cbefb8a42,True,
Q1_R07A_neopolyp_external_predictability_control_gap_audit_v1.py,25354,acef66c0a0b73e0999c59a81d6dadd4e076995568a77adcc0a9d91ab286aef51,True,
Q1_R07B_harm_auc_outcome_conditional_decomposition_v1.py,18721,f165a380e4bb097c48b2346b340273c7aa29c7161153c6e73e82107e0b3b6d58,True,
Q1_R08A0_mnms_kaggle_mirror_archive_identity_audit_v1.py,14686,1a5ee7d913a258db2efe0b84f2a05ea97540f8cc582e6929ca60eadbca53b560,True,
Q1_R08A0_mnms_kaggle_mirror_archive_identity_audit_v1_fix1.py,23079,00ceb1e2fc54a0acd6987ae9f7fb101fa75a55a80aed9de8ce2452e3564d4b04,True,
Q1_R08A0_mnms_kaggle_mirror_archive_identity_audit_v1_fix2.py,24362,bfcfc1786cd889ad55cf6e7897c62cab2509c7f64e3bb1d7faa3872d3ceb563b,True,
Q1_R08A0_mnms_kaggle_mirror_archive_identity_audit_v1_fix3.py,26376,a6cb92caf9af2b6f0ce7f3128edac851f9f2c4ea58d4c875602ccf44877ec36a,True,
Q1_R08A1_mnms_zip_native_metadata_vendor_domain_audit_v1.py,37100,15b138f8a0732aa49b4a8c18194c3c44c8b92af46d6e2c1b0ada14643406856a,True,
Q1_R08A2_mnms_zip_streaming_compact_preprocessing_v1.py,52082,802b48fb1d484b4e752cb9bc9a047536fe8f05e2d3a730d9da19e1d002474a84,True,
Q1_R08A_mnms_cross_modality_asset_audit_v1.py,27548,86b0e5dcbe94559d887a8066fdf0545f098083b45466c1b8f4046b5ff709a949,True,
Q1_R08B0_mnms_source_only_deeplab_pilot_v1.py,47036,867a5c1d13e92092d5e8c4feb86029b60b69a9c9e9fadbd565fa21c8b6ee7c02,True,
Q1_R08B1_mnms_heterogeneous_source_only_panel_v1.py,41888,f4e08a166519911db6ee9a6db4e1d44464504bd1c9f8db7789d2e741a2a0e2d9,True,
Q1_R08B1_mnms_heterogeneous_source_only_panel_v1_fix1.py,46596,77a8e61aa6d91b3a090fc55ca9ce08988b5ed213ff7005b9b19559135e00f690,True,
Q1_R08C0_mnms_source_utility_asset_v1.py,33043,5df6243a616c6f8eb3aa27e344ecc5b27c7de16f3b86c3c335979c709c66ef89,True,
Q1_R08C1_fix2_mnms_pre_adaptation_harm_predictability_audit_v1.py,6332,4b0ad49a32a35727778261f5451540b88484358d57d63753f2e893a304ee35b9,True,
Q1_R08C1_mnms_source_only_harm_predictability_audit_v1.py,4292,4bf5f2c09069823aa41ada4a891831800e514557264041bb8b8463f8dab29939,True,
Q1_R08C1_mnms_source_only_harm_predictability_audit_v1_fix1.py,4927,8e9037af650999408f1a652dca2b3f235d44d32fe90a30f269b8555a1e621cbb,True,
Q1_R08D0_mnms_risk_aware_policy_evaluation_v1.py,5388,4adee31f3e943742fae91c1fd7fdaf35dd40827c2c60c1e392e1ff2c5a529d80,True,
Q1_R08D0p5_source_risk_replay_v1.py,2959,f403a20f3e3d1ffbac13760da86a442b059525f63480b6c8dbe0a472fed53bee,True,
Q1_R08D1_mnms_safety_utility_pareto_frontier_v1.py,4743,1f6208c29d6ee38eae68650d522bb748e56ca3bd8dc40952cd99c23b0a2d9e28,True,
Q1_R08E0_mnms_frozen_safety_operating_point_lock_v1.py,2395,b563a1801a0a597bc7e196e71a921ea4ba649d8a1118b52bc280f0097e3894a4,True,
Q1_R08E0p5_frozen_harm_predictor_reconstruction_v1.py,3885,05b580dd9a88a6ca31c0b3def82a868448d7730beb92c0e974d90f2c3674541f,True,
Q1_R08E1_neopolyp_frozen_risk_inference_v1.py,4231,8ea105c6257380fe391d3246e15ed5280735317cf90764f76a8e5203a9d47a6d,True,
Q1_R08E1_neopolyp_frozen_risk_inference_v1_fix2.py,3492,2e19402e101d7450d2009efdd9a2465f2fab571b9b370ff5f46ab1f39c8f118a,True,
Q1_R08E1_pre_neopolyp_feature_assembly_v1.py,3647,cc4d6d88d14fa967d5a786e3064183f6a100abf47471ec9e2d69d462ca46787a,True,
Q1_R08E1_pre_neopolyp_feature_assembly_v1_fix1.py,4090,642b0e7856f2f3e61b290fcfc1b16c6b6b40d3d7aea507f94bb55d420764aff9,True,
Q1_R08F0_neopolyp_frozen_risk_aware_external_validation_v1.py,3213,47954f4c912d22074685e86ee04b6a0e11a09617f5665756418ea9b09e377736,True,
Q1_R08F0_neopolyp_frozen_risk_aware_external_validation_v1_fix1.py,2935,eaaf05d4c8d57c01ed0e639753b9f2736e93f17541c38d807437d32fa03691f7,True,
Q1_R08F1_risk_distribution_shift_audit_v1.py,3667,52e09e02048283e7cf30742724f88932b982b36195bfaa8ff0912b5abfd902b3,True,
Q1_R08F1_risk_distribution_shift_audit_v1_fix1.py,3001,b62f942f7b72352f56f723e6506032dda3e0086c8edb90402bf0a6baac85606e,True,
Q1_R08F2_domain_invariant_risk_normalization_feasibility_v1.py,3042,def0b337b327bee41ac6f7f9b11d2488553f40f51a6bbf32f109551905b71ebe,True,
Q1_R09A_feature_distribution_shift_audit_v1.py,4000,c80cffe1915a3b847681bdc3ddf3f26ad20dfce197e3347adca293894cb31631,True,
Q1_R09B_domain_invariant_feature_construction_audit_v1.py,5020,8ea3dd94c8c756dba177eb7d59214fae0a255fe19acb22a5bece2a684406c0de,True,
Q1_R10A1_representation_shift_audit.py,6033,978593ba1adb6a969013672c13389195ed77fab13fcd9373d5295e6e4a177808,True,
Q1_R10A2_3_external_feature_lock.py,2140,2ee424f489ebfa4898f83959d95268ecf98d2b5136668b5e490215af6e002e18,True,
Q1_R10A2_3_external_feature_lock_fix1.py,2356,4b7f05dd6dd134a7f371eeace10c542b87e593a744378acdaf299e2b2f9a2627,True,
Q1_R10A2_4_external_asset_reselection_fix1.py,2439,615e8244189ffa51cf930432c33815b5fb0e443c5b669e36df871fb68a94fcb8,True,
Q1_R10A2_5_external_lineage_audit.py,3175,e4e56e5971aa677f90a55a58751dfa1078c431e0ab1c79d59f2479faebcd1800,True,
Q1_R10A2_6_external_candidate_inspection.py,2632,936d43b62e248ff915c427a3c3e5321cace149c76caff725c0adaa7868486b69,True,
Q1_R10A2_7_external_representation_lock.py,2184,bb6fee00e954d27992970bd111cad0ad387d48f7cffc320d29ea0b3c6856a6ff,True,
Q1_R10A2_8_external_rur_transform.py,3904,8307b71176d75e4a4868f499320ddd493f3f0d57124c9971279b53954116ef1f,True,
Q1_R10A2_build_domain_panel.py,1897,0f4dcda122309957fff0251dac5243dd8d4f08028f6e5fc68254fa6adb63448f,True,
Q1_R10A2_external_candidate_selection_audit.py,2712,4dec1db50b5405d7831d3d9778025e15c6e160531fde62549bb2cd2c904bdeca,True,
Q1_R10A2_external_feature_asset_audit.py,4536,13e21f7b4270705dca7d0609ee448b0731ab79c039d64b606528cb243fba8e0a,True,
Q1_R10A2_selected_external_verification.py,3257,834c312a3bd3ca497d41a16da055c075da27401f8d202638f69bba9d52fb3c9b,True,
Q1_R10A3_domain_invariance_experiment.py,3964,221d49f3bc27c986cb916e873c7f576e9f2b40b85df529eb154c4ae921ea11ea,True,
Q1_R10A3_domain_invariance_experiment_fix1.py,3104,9a2cbc65b00b498b57cf3f3ee93f11300cabe18c144f7e7c2ff41bb40c6b7d9c,True,
Q1_R10A_0_invariant_feature_builder.py,4042,88436c79a58a6b6649306aeb960e55a2720fa02d22728a8b1623f023097063c1,True,
Q1_R10A_0_invariant_feature_builder_fix1.py,3711,db36743daac6a969e0306a378ec1a8c082d8699bfe5c905320e02c8dd87900d7,True,
Q1_R10B0_structural_invariance_audit.py,4173,d0d1a76ada62ea0d4550c252a3e5334a355902cc4188edc35e90654bc4cce154,True,
Q1_R10B0_structural_invariance_audit_fix1.py,3908,dd80fb4796e10639400eecdad5037cefeb66f0512dc15dee5259730924fd6150,True,
Q1_R10C0_structure_safety_capability_audit.py,4020,cf776a79b6f6530baf3650bee64803c68f42120ba078cdf3b1cb8557285118b2,True,
Q1_R10D0_DISR_baseline.py,3064,21f93ebacf0942aca15fe0eed7c066cd03bbce6fb8b76e050e92fac867e57408,True,
Q1_R10D1_DISR_prototype.py,6453,30fe2ecf05401669dc215df4af1878080dd6e0180f19b30681159d47b8c65505,True,
Q1_R10D1_DISR_prototype_fix1.py,6513,b0772e8569a76217009654461469ccd763249d75401923d02cb9a3e4a3ecf89c,True,
Q1_R10D2_DISR_representation_audit.py,4043,b82474ae8b889fe8746b405f0f627cf8cf92ddc390b47a2b927150042c94b14e,True,
Q1_R10E0_domain_safety_disentanglement_prototype.py,6228,c32e0ca9556e5e4b879a541de185304f2ab205bdc1719b8c7e98961cc6178707,True,
Q1_R10E0_domain_safety_disentanglement_prototype_fix1.py,6240,8cb9a737192a84097115789bdaa2d010ed0eb5b4c06b6e602a3df1154a9c89f5,True,
Q1_R10E0_feature_panel_builder.py,3222,e43134974c709e1fd692c1072227416ce9eeb27680184fa32d0d6db93eb77859,True,
Q1_R10E1_disentanglement_audit.py,5491,878315a72e211e6a37a4f2a82123e7d213552e32bda203f9592a9063c8c0cd5d,True,
Q1_R10E1_disentanglement_audit_fix1.py,5819,6a610635e04f6597766027c785543e1eb2fd19f0a9ebb693849e8e21dec1c969,True,
Q1_R10E1_external_complete_feature_builder.py,2471,407d41af71192f00d8faa761daca79cb707a94211fadf51b3c203e7a2b488bd7,True,
Q1_R10E1_external_complete_feature_builder_fix1.py,1796,e2b541f5e00747603668fe63b296ab39eefdfe7a8121df9cf36671fa8ebc1795,True,
Q1_R10E1_external_rur_tail_completion.py,2312,68cbc75e6127c44032587a7f1d4127ef51968fc634b10e8f34b236dded5e47da,True,
Q1_R10E1_feature_lineage_repair.py,2555,0bfeceb993f5aac2523b89268213b88f316220f18265c1f9d948cc2e735889a4,True,
Q1_R10F0_safety_domain_confusion_prototype.py,4896,3ed684076d5e0c5979ca44f439aeee583cdc6345425bab2d9f1527a906803ca7,True,
Q1_R10F0_safety_domain_confusion_prototype_fix1.py,4926,46a3ad287a02d9db9b529548f60a7da1f27897c5cbd83d2f1848bcd3b386caa6,True,
Q1_R10F1_DASD_audit.py,5342,fe8b7fb405bb2cfcbdcbeff9f37c1555ff47eb0eabf8b07488cb8635848e2b25,True,
Q1_R10G0_fusion_baseline.py,3597,6b32bc56193b9895e23f41d8e791f723b2cbb7d39822d96f38fdc3d29e72d3dd,True,
Q1_R10G1_structure_guided_calibration.py,3790,02e6ac166d3e7aa97dbb4d35bbe966a4cf2f72185fbd06c77908be8630f794f8,True,
Q1_R10G2_learnable_structure_calibration.py,4369,7927a43943f44f1d71d748f173a385c1b3f62f339217bb16e24c7b6915e3a199,True,
Q1_R10H0_SGUC_metric_reaudit_fix1.py,7228,2956fb4890fc14acc61be4ca9dfcd43202c7fdeb64fc6f11f78de625b5507f3f,True,
Q1_R10H0_SGUC_seed_robustness.py,4319,3af756bfc23fb3503701d5ac47fd57ebb4c73dfbe7782734d7eb7d3add9622f0,True,
Q1_R10H1_external_explicit_key_lineage_search_fix1.py,11140,7cbe5caa4b9957745ceee51ad265389214f84bee4d9e6be154fa0edc035da706,True,
Q1_R10H1_external_label_audit.py,653,5b501b84afbb3a6e8a86b26e89db3e9af7d1d024475ffcf84a84e195a7e23934,True,
Q1_R10H1_external_label_lineage_audit_fix1.py,8457,de3ea8baa728f4f981cd61ae18445b350fc8a8c2a113924271948e9de8ab0155,True,
Q1_R10H1_external_lineage_bridge_audit_fix1.py,12837,1585721dc8398e2864f1311981e06cc82c3ddd7af730e296ddf83ca567734eb4,True,
Q1_R10H1_external_lineage_search.py,3679,8e6899b40de27c4f66c01bf67c00f0ba60671968a0e32a186fa42ff9938cea9e,True,
Q1_R10H1_external_row_lineage_recovery_audit_fix1.py,15727,3b0d34363e09119faab94425817ce8bc92762c3c62f4f173eaf1e5bc86c7232b,True,
Q1_R10H1_numeric_equivalence_state_bridge_audit_fix1.py,16102,7d13b33e4e3b5ea216827b6d7615ce16a79697183b12d1b90920a3f31c333b79,True,
Q1_R10H1_R05D2_state_bridge_audit_fix1.py,12433,bba2e3ead9bc1191403eeef30b8a3afd3b87a072ca3a292fe5869193fc6abc59,True,
Q1_R10H1_SGUC_external_validation.py,4609,a6fa603744fd399f5d87dfee63172fbde2bdf09222d8174fddc381929d9be900,True,
Q1_R10H1_SGUC_external_validation_fix1.py,5457,b59ed317b961561823e9fa12689cf94b758cedda88e2372ff137b5dfdab74038,True,
Q1_R10H2_NeoPolyp_external_labeled_panel_builder_fix1.py,16756,e3ada012cb55636ec6bc8358e0a4bf358d428b2ecb2afe95af9bbb52315e92a1,True,
Q1_R10H3_case_heldout_cross_domain_transfer_fix1.py,20804,b95c2070131d3a9efd3f2324528e19651e0d3784f49957aa012d43fc7bf30cf3,True,
Q1_R10H4_structure_transfer_mechanism_audit_fix1.py,15026,9988e70081f60217e9d12676f80bceccb2d3cefd333708ecc6a1d56d6c5c600a,True,
Q1_R10H5_structure_identity_forensic_audit_fix1.py,14867,ccad340f4cd9a722390eecd5fd7897f9aebcfe3750b0b0ce3c5b4d239f21b140,True,
Q1_R10H5_structure_identity_multiset_audit_fix2.py,16098,8d2da1dc82a519246b8b80c66a8283e49c5c175fb2e3a3515549382877833cb8,True,
Q1_R10H6_unlabeled_stability_filter_feasibility_fix1.py,10299,03b3b69def43ec20ed322b21811fe1d03c55d3b35da421102f0a9f1927821f5e,True,
Q1_R10I0_leave_one_model_family_out_stability_filter_fix1.py,19043,6effd8154d0c8ee02320d25f430f120faaa180227a9e7ffd0e1a50e4c55de9c3,True,
Q1_R10I1_source_relation_stability_LOMO_feasibility_fix1.py,20115,46fae2cc5d67f4ed323f8233bd969a35ada6e493e2eb90bb8e55b79cd6aeeeb6,True,
Q1_R10I2_structure_cross_model_operating_point_audit_fix1.py,20156,6f10a39a4449721b4f18ec137b57211339e95fa007b8727cef76c03450a465da,True,
Q1_R10J0_source_prediction_npz_relocation_schema_audit_fix2.py,19615,f6c6caed6cc192f5c474f052ad2c040bf79e301034a7e912b670ee98888fb687,True,
Q1_R10J0_source_prediction_npz_schema_audit_fix1.py,15957,5bc17eef6f860a6278d9cc782f6cb7d0955cc7f7146745d89041c4a11afcf278,True,
Q1_R10J1_source_mask_morphology_feature_builder_fix1.py,21221,88555d55c33a57c76cf68e7605f267c500fe8b44921706300131879ca013dccf,True,
Q1_R10J2_richer_morphology_LOMO_confirmatory_fix1.py,21341,1e9392e8d49b1cf02372c6a76bfb534861bbbc1e6c21bbecf316a3b26c1fb160,True,
Q1_R10K0_spatial_mask_subspace_LOMO_feasibility_fix1.py,27346,dfc30bd2684f2ec4eecce5567e64baf7e0c3b6eb8aafbf297fc2aeb0adc7ef15,True,
Q1_R10K0_spatial_mask_subspace_LOMO_feasibility_fix2.py,27555,c7205b59efeaa39fc1f8649d5ea829d91d0cb418170c5f245b344845fedf2e06,True,
Q1_R10K1_higher_level_representation_asset_audit_fix1.py,14497,eccb275460e5d6e74221c0cb775d17874422bd8e5b36c9cedaf794483032b407,True,
Q1_R10K2A_dinov2_image_mask_representation_lock_fix1.py,22637,25853e849fecaf847f7ba04dcc2c8b520aa3e248f50af5ac21d19bb0ce4c4778,True,
Q1_R10K2B_dinov2_image_mask_LOMO_evaluation_fix1.py,31278,d4d5ad2cd59b290b421a18691f84f2b7f9d43b29eff53674230ecafc0fa17a8f,True,
Q1_R10K2B_dinov2_image_mask_LOMO_evaluation_fix2.py,36352,368fc73281461d45241dab06a883f9c3b0bba18b23f08c80b393e780aff6cda3,True,
Q1_R10K2C_case_clustered_paired_bootstrap_fix1.py,20496,3ca49845cea27ac621a7419a312f92bc88f819eefe6c9d6e5bde060327393a13,True,
Q1_R10K2D_confirmed_method_freeze_fix1.py,13858,3aa9fa71c931679bcc365bd3cbc4dbfc3c99d5c41ab9db89acff564a50b2b182,True,
Q1_R10L0_final_source_safety_estimator_lock_fix1.py,19166,24b672fd9c6a00b6c230282e5321cff92d52886d0eb7ba2d8da688270f7f5b8b,True,
Q1_R10L0_final_source_safety_estimator_lock_fix2.py,20587,e6fb3c8cd0904d4206c114c909d936d8fc177f0469f81b20af7717ad9d7f6d2e,True,
Q1_R10L0_final_source_safety_estimator_lock_fix3.py,24784,ed828784d835b2fc77d93e3afb6865b382da7774dae6826add17ca8534cb2bb6,True,
Q1_R10L1_polypgen_external_cohort_asset_audit_fix1.py,13574,98b3a92cd1dc59e8a3d79cc72668566c146e9a38d1ecd313ae9853f60857318c,True,
Q1_R10L1_polypgen_official_singleframe_asset_audit_fix2.py,16394,b79639aba428054accbfdf7749235884d0bf68d359ee2a86cb73a41a6fc40673,True,
Q1_R10L1A_external_dataset_identity_audit_fix1.py,10753,acdda46aba0b0e6dd9a5dc923da73f043f48f3eb0525475a76bb34235e476948,True,
Q1_R10L1B_polypgen_unique_static_manifest_lock_fix1.py,15300,0e38ffc3bbcc91a9a0e200b141e0381779aeb950411bf7044902763b05864335,True,
Q1_R10L1B_polypgen_unique_static_manifest_lock_fix2.py,16922,74baf21b807e2a20431b7eea81b7f196cbb08948d7ff56d97807b05787a75001,True,
Q1_R10L1B_polypgen_unique_static_manifest_lock_fix3.py,18357,554bc485160ede639d0ff6bfefee0e09a3916080d6287c62b97129e0a0f33c2c,True,
Q1_R10L2A_source_training_lineage_discovery_audit_fix1.py,26394,791a7de1d8687cb98750776a2157e26733419f3c06897e0c12ca1cb32a5aac3d,True,
Q1_R10L2B_authoritative_s01_source_training_overlap_lock_fix1.py,20278,a90de870b5c003452d491db95e0887d5b3dcbfa758e224d45e919381c3c53aed,True,
Q1_R10L3A_polypgen_source_a1_prediction_lock_fix1.py,34589,931d9618d351cd25004b5abe05987d80f327773309dce11023fe62fa639b214b,True,
Q1_R10L3A_polypgen_source_a1_prediction_lock_fix2.py,41226,4cae02c30e82781c6e7d3b74b6a312974789213a9cc59a44ca99bbfb94405708,True,
Q1_R10L3B_polypgen_frozen_safety_score_lock_fix1.py,40456,e19e802355dc36873af4bf78ac336ba24313eea8beb19c40c3f646eb4effc646,True,
Q1_R10L3C_polypgen_gt_reveal_prospective_external_evaluation_fix1.py,47619,6761de1da2c6ece73dd1b18f566517b0c438c37b060a369084bdf26624375e6f,True,
Q1_R10L3D_polypgen_external_generalization_diagnostic_freeze_fix1.py,13968,911b8334e27f608131930476add9754b713c06165adcc65a172e6ceb27a86d49,True,
Q1_R11A_tta_action_inventory_and_lineage_audit_fix1.py,21154,ffff9a593c21f8ad9077cab8c36fe2c8da7dc70676c71fe3d6fb70d85ce8faa8,True,
Q1_R11B_candidate_action_semantic_lineage_audit_fix1.py,11825,fe13eccee8cb69d2ec3b9a2621f0a207077e3f109731ce6b2a259f0455c23c10,True,
Q1_R11C_neopolyp_tent2_prediction_lock_fix1.py,23636,96fe4d9ab13a9745bd054f1722fcf2cf7f562c1feb62ec62a1ad20acfe6b62f7,True,
Q1_R11D_tent2_frozen_safety_transfer_evaluation_fix1.py,21784,0abd93de6e38e41358561779b32e87b89c626d87085afb65190aefe2fbf6fef2,True,
Q1_R11D_tent2_frozen_safety_transfer_evaluation_fix2.py,23649,9521aa2b5bced81d0b92472e97b0d676dcdc0cf56a361e507bd7e38d1fac481b,True,
Q1_R11D_tent2_frozen_safety_transfer_evaluation_fix3.py,26179,7290c43493ce546a73d80b9c524a5153f9a516171d064f8cd94cd0a00f18b00c,True,
Q1_R11D_tent2_frozen_safety_transfer_evaluation_fix4.py,29379,c35f93faa4dd1e518a8ca2eedbe32537df085539934036a20d41b4be8fd85482,True,
Q1_R12A_sar_dense_episdic_three_family_feasibility_fix1.py,13227,825f05a80ffc968a87df01f7eb628460c12d630313ccab960a9c0daaf121152f,True,
Q1_R12A_sar_dense_episdic_three_family_feasibility_fix2.py,15577,2b50531dab7755d16906c8871c439d849f5c6d36a30851e2d36977316812e357,True,
Q1_R12B_full_neopolyp_sar_prediction_lock_fix1.py,28203,290342428cce35e4c303a732555f474f47514419943f04a4af633aadbd7fd6d0,True,
Q1_R12C_sar_gt_utility_reveal_and_outcome_lock_fix1.py,12816,2b27e6855cf1a56c7e529d92d2d1d748c46628e6b8013000bc316eab0c716c77,True,
Q1_R12D_sar_transfer_degeneracy_stop_lock_fix1.py,6183,57744393ee847dc0756d543574a2fc03b4e229fb6a9debdf253ab30435762e17,True,
Q1_R13A_confident_pseudolabel_three_family_feasibility_fix1.py,21979,459832b23495b276279a879c2993fa91aea52a3c36e61a525be6b8d255022f83,True,
Q1_R13A_confident_pseudolabel_three_family_feasibility_fix2.py,25107,5333af7a0d162ea86d68a1ba7039c699b85e00e596f66e1cf0817e4667b56459,True,
Q1_R13B_full_neopolyp_pl_conf90_prediction_lock_fix1.py,24080,765cf1dcd50eb1d8079c1fe67bd20b0e3b10a6d6fe1f44308b8edda76be3f870,True,
Q1_R13B_full_neopolyp_pl_conf90_prediction_lock_fix2.py,29414,6f7ce6a3b15abf1205dc77703320ba823b79d392dc4f43beb51e0a7b94a2521d,True,
Q1_R13C_pl_conf90_gt_utility_reveal_and_outcome_lock_fix1.py,12742,f2dd94d59e61be0432a2117e60aca1dc7ec4352af15e0aea0a27afdbf293590b,True,
Q1_R13D_pl_conf90_frozen_safety_transfer_evaluation_fix1.py,31474,da2a282f043e8477757abf80a1f897bf12a076cf76e7b5b612d93e73a0e206ee,True,
Q1_R13D_pl_conf90_frozen_safety_transfer_evaluation_fix2.py,34390,4144f1f76a2112ce4004799e85451f88128bbe4569a1cda01dead06edb62845d,True,
Q1_R13E_cross_action_harm_semantics_diagnostic_lock_fix1.py,11056,1d476f42ea9fe8dfe6fece9694e6989fee948a2f618253d3d93cba0d74732e50,True,
Q1_R14A_source_training_dataset_identity_audit_fix1.py,12076,f79c03644d04110812a3777c63945214d8bc8f27faea8fc49f344e19b2df7509,True,
Q1_R14B1_sunseg_dual_archive_asset_inventory_fix1.py,10664,aabdf792d6689500af009cf4adbcbce8af19ab2cde73b8ad3b3b13fb6d5ebe52,True,
Q1_R14B2_sunseg_deep_schema_pairing_identity_audit_fix1.py,11561,4ff76e40ce2a828aa7eb839975e4162dc027a4369d249d968815cd37efd63010,True,
Q1_R14B2_sunseg_deep_schema_pairing_identity_audit_fix2.py,19559,be68bc53892e17346d685b3c1a28613a34d3c3e128aa6cccee207b9e956ae3c6,True,
Q1_R14B3_sunseg_unseen_case_balanced_candidate_lock_fix1.py,14778,d0968d5e45f9bc62b55a559775cd12f9c3427d2c4013292abad80759f734e315,True,
Q1_R14B4A_reference_asset_schema_path_preflight_fix1.py,11053,657929176f83893353f3ab5f2cc0d91f696b281cb24f237d602548a3f0170527,True,
Q1_R14B4B1_neopolyp_pixel_hash_recipe_audit_fix1.py,12322,979adb08f4540f0ae266c587354be85a8f9870353f2e73addec81ca39030a72a,True,
Q1_R14B4B2_neopolyp_historical_hash_code_lineage_audit_fix1.py,12155,ac718f61910a0f8452676b4f84f001169c2ce2abdb8ba6de00253807ac9d0650,True,
Q1_R14B4B3_neopolyp_exact_historical_hash_recipe_verification_fix1.py,10222,c1fb34c48ce9e70daa090f45ae9437cb265b59b9625fe6e18774606a87d3b40c,True,
Q1_R14B4B_sunseg_selected_rgb_contamination_audit_fix1.py,31727,0cd2f4f18eef4c4309bd0aab142ddb14b32e19450568ed06b6199ad304bb29a8,True,
Q1_R14B4B_sunseg_selected_rgb_contamination_audit_fix2.py,41273,fff36f06279c809e30845907cf94439286ddf35bba8a729c07a693495b579ba0,True,
Q1_R14B4B_sunseg_selected_rgb_contamination_audit_fix3.py,42007,5bb4cf32e9014135a422ec915d4cb6f5589669d49141d99febeb21bb0d8dd61f,True,
Q1_R14C0_sunseg_preGT_prediction_runtime_lineage_preflight_fix1.py,14674,9d1b36c19aedb5ac9f8aba5b285fff4fe271e26f47bf842397c331a28a517254,True,
Q1_R14C0_sunseg_preGT_prediction_runtime_lineage_preflight_fix2.py,15448,d7f40cf62f74132775b607aeb3f4dcf6f6c49ba5d771fc9e229ec4aec02df54d,True,
Q1_R14C0_sunseg_preGT_prediction_runtime_lineage_preflight_fix3.py,21037,1acb8c3c9ac6a72d69259dc3096358579aa24c8fcb356561fa1d95732f72aaba,True,
Q1_R14C0_sunseg_preGT_prediction_runtime_lineage_preflight_fix4.py,21101,964a115b86a4e2fc98ab3bf2417468fe60ccda58e4e8e823c719116963123ca4,True,
Q1_R14C1_sunseg_source_tent1_pl_prediction_lock_preGT_fix1.py,38486,e23a1c9adda092be01972b0c342f481a2e5b364ee91773b081aeb2fe94ddc722,True,
Q1_R14C1_sunseg_source_tent1_pl_prediction_lock_preGT_fix2.py,40791,f6c2ba3401d6de7082085521504a86d505544d965882389e356f07dd8c870f78,True,
Q1_R14C1A_sunseg_prediction_lineage_canonicalization_fix1.py,23461,bc2e21e4a69e82612250d94972242422903d5dac0dacea906f0dfbc73f05095c,True,
Q1_R14C2A_frozen_safety_estimator_lineage_schema_preflight_fix1.py,19737,7cd648c10f1f1e3d948109083460a36be902402707a0af2a7dc3a213705d421c,True,
Q1_R14C2A_frozen_safety_estimator_lineage_schema_preflight_fix2.py,22612,ce4ce3c0b5d750b4c809ecca83d5b91330918dbddf4110a9c61bb18dddd75db9,True,
Q1_R14C2B_sunseg_frozen_safety_score_lock_preGT_fix1.py,47124,b506707141ce2e4f17297dbe7a3ffcdbea728fabcbc9d0297755a1d508e27c9a,True,
Q1_R14C3A_sunseg_gt_reveal_outcome_lineage_preflight_fix1.py,17902,7de7fce81ec84e01159224d526976b19db3f69b3e132c3139f20094c2a321e2f,True,
Q1_R14C3B_sunseg_gt_reveal_dual_action_frozen_score_evaluation_fix1.py,59365,971a3a85d77a20584004401e119999f9cd53933ef3e2a2a3f02485b7d6c5a4bb,True,
Q1_R14C3C_sunseg_confirmatory_result_audit_and_claim_freeze_fix1.py,19987,c5ef7baa18daaa43ce4b54cba567b08e982f37af3043e59cbba1a93a80b7d8de,True,
Q1_R15A0_prediction_conditioned_core_ablation_LOMO_fix1.py,33552,99f65cdc3dda136afeeb544559e52b5ac44f4733a7d44a6e6ab6e1951da4fa05,True,
Q1_R15A1_core_ablation_case_clustered_paired_bootstrap_fix1.py,34005,d44da1898a10156422b28531d1b4b7183caa163710a74934c4b5fb636ad784d1,True,
Q1_R15A1_core_ablation_case_clustered_paired_bootstrap_fix2.py,34346,8f978ac298bb0faf91dc939b194caa5aef34b93a6f45bd93f0860e5ab6300442,True,
Q1_R15B0_selective_adaptation_external_utility_preflight_fix1.py,16341,98c1ff9d4d82a8d9ec99432bc0cc2fea5906a0dfa582e29f7d21b4daf6ad482b,True,
Q1_R15B1_selective_adaptation_risk_coverage_utility_fix1.py,41274,ff0f5f4408365f24648b2ad590418a2f45f40c742ef11b484e27d763c154374c,True,
Q1_R15C1_continuous_risk_delta_dice_external_analysis_fix1.py,27461,6754a66cc7370177aca1061c981278309a5e3b200ff612c6095e443df2c2e390,True,
Q1_R15D0_runtime_computational_overhead_preflight_fix1.py,16410,f68f3083ba92cba09697a22bb7dcb7f9960fdfa8c1f2bffdf81e03b7c30882af,True,
Q1_R15D0_runtime_computational_overhead_preflight_fix2.py,18373,a74f9555890fda4ddae94326d5db1f72de305b69797c96800ede838ef1ef4d42,True,
Q1_R15D1_runtime_computational_overhead_benchmark_fix1.py,37734,c33412ea1f806609e579e27a16ab41ee695c3b987cbd9f18dcd245decfe3dc00,True,
Q1_R15E0_final_experiment_evidence_synthesis_fix1.py,16935,d34f9b870f9bbaf36d4184718237b876a9dc14ed3454a17790ae316eda400d71,True,
Q1_R15E0_final_experiment_evidence_synthesis_fix2.py,17852,0958f97b1023dfe50e92a5d349e3885bb9242faf3e0bb3b870f758bf4ad6477b,True,
Q1_S00A_iae_pre_adaptation_gradient_probe_v1.py,65130,6da25411d6930707995309bfc5341de3531df99ecead73eba5b6d9f9e4eb0118,True,
Q1_S00A_iae_pre_adaptation_gradient_probe_v1_fix2.py,65297,989de32c43b47b7d98ae1ccd67450da01e39f5ede000636cdeea0993adac6d76,True,
Q1_S01_pre_adaptation_susceptibility_mechanism_audit_v1.py,60735,d8970106dba56b106545226f5a4f404a146b0c476a70096802de8ed8908e9385,True,
Q1_S01_pre_adaptation_susceptibility_mechanism_audit_v1_fix1.py,60819,5c6b7c20657bc763a212788b9f5422159059c06ea4d759542f2003d72f2870ec,True,
Q1_S01_pre_adaptation_susceptibility_mechanism_audit_v1_fix2.py,61182,ac2be688ff93ae3ec01ac13bec1aad10636ad3ee21b72c767521c0c39c16575d,True,
Q1_S02A_model_case_interaction_mechanism_audit_v1.py,62831,cc93fe230959d06b128cf2a2fd505d607ec2282e9bc8d0f5226ba68f09a7a000,True,
Q1_S02C_checkpoint_adaptation_regime_audit_v1.py,61908,f9061c158d5dd10affafc2ea6046f5c2a7176320e597f702a0e7973a38975081,True,
Q1_S03A_prospective_segmentation_quality_proxy_v1.py,58592,6c70966613c2bc6573de00b1eb9caa32c292ecdc1ff0a1bc1eba18ffdfe0ba2c,True,
Q1_SAFETTA_collect_full_method_code_v1.py,16568,794d5eb221746a78cc6858efadacdc198a7fd44e09faa9a59b9cb4961ff8bc39,True,
Q1_SAFETTA_final_method_impl_audit_v1.py,14817,e0a82fd64977fdd2f177407b9a87cbcd41db155b6b01fc533ad4f877e49f2415,True,
Q1_SAFETTA_harm_margin_sensitivity_v1.py,5700,37226877f7879554379c5a362ab1042313c738d18624cd424faa45b836ffcbeb,True,
Q1_SAFETTA_public_paper_stat_replay_v2.py,91643,f90373dcc2067af24270ac1085ca49cd395b208a54e55b434575263413351ba0,True,
Q1_SAFETTA_public_paper_stat_replay_v3.py,101921,e84f538ee448f6c82f2d58726e5e8dee05d2c906c43c9d418685cf8770e19db4,True,
Q1_SAFETTA_public_paper_stat_replay_v3_fix1.py,101968,88785584eb0a192e14bbcd884a3f3c8144f617c1e174178f43a640f4ecd2b118,True,
Q1_SAFETTA_repro_chain_resolver_v2.py,24517,ce4a03e3daa524040579b8a6fdf384ea49bae646eefb284381cdb8ed25e2d6d8,True,
Q1_SAFETTA_repro_inventory_v1.py,8673,5c85b8b8a66701d8765fdd2e82bb6b37c82ac1370304a91f87b584b63765bd03,True,
Q1X_CM0_prostate_mri_data_acquisition_integrity_audit_fix1.py,11515,7f98554b3360b3c4c2b514d796158c657f353d80ad4fb8b56b6ae35910b7addd,True,
Q1X_CM1_prostate_mri_schema_and_source_label_audit_fix1.py,16748,9474fdb4689496fe95cf6078987473da890b1e33ca27b1f80ddc0cdb12d2a73b,True,
Q1X_CM1_prostate_mri_schema_and_source_label_audit_fix2.py,21268,49c6c986cf948b0b3d083acee9abd4e330b1407978ce8273f15ac4d3f960b220,True,
Q1X_CM1_prostate_mri_schema_and_source_label_audit_fix3.py,23270,049f4d0dc79366e363e5f4861c0594956fe94cb5855f5c8a48e1ca46bccb4a6b,True,
Q1X_CM2A_prostate158_official_manifest_t2_resolver_and_slice_preflight_fix2.py,18796,665324a55bc94044f427d19d81369991cfc699344db6e4b79e0082683f5a4563,True,
Q1X_CM2A_prostate158_official_manifest_t2_resolver_and_slice_preflight_fix3.py,19263,1a96215e6021dd31728955bd3fb7b4ddaf32713c35d2ac3e4e630070ff9f00de,True,
Q1X_CM2A_prostate158_t2_geometry_resolver_and_slice_preflight_fix1.py,18174,4226114a8c06e1000c9c328a27d973c410f1bae9bd2c0b08d8f9de7af0408828,True,
Q1X_CM2B_prostate_mri_preprocessing_and_model_protocol_lock_fix1.py,19384,5722909525505d6185852552adaa320b1c2df29480c058de8db79d3326b47650,True,
Q1X_CM3_source_oof_segmentation_training_and_prediction_lock_fix1.py,45554,6c21b5676a450159b88c901d81aa2f92569c5766e403e20e5f3ac5b6abd8dcdf,True,
Q1X_CM3_source_oof_segmentation_training_and_prediction_lock_fix2.py,48642,be89c9edac9ef0441696646bc1fb361ad87b4d7d50d4ce14f8b49e617a95a424,True,
Q1X_CM3_source_oof_segmentation_training_and_prediction_lock_fix3.py,54635,443e371c1a71173cc9fd3eaa4876cb8721a00497836e06d902b50da12cb9f57a,True,
Q1X_CM4A_source_oof_exact_batch_replay_audit_fix3.py,17409,5dd4187b5cb16ed03b5004c360b018e1c37bce37624e8b01ee98322049fab4a7,True,
Q1X_CM4A_source_oof_replay_numerical_boundary_audit_fix2.py,16099,cc2f2ecfa38c5fb5050c37cfe24337ea3b018d2834d9c959cd73ebbc5fa1b068,True,
Q1X_CM4A_source_oof_tent1_outcome_asset_lock_fix1.py,40414,6cad8ec9695400a2c469ab073327f15a9c31b27a51efdebd72f13dce9486cdd6,True,
Q1X_CM4A_source_oof_tent1_outcome_asset_lock_fix4 (1).py,40595,cd4af7a78fcfc72ff4a12df43578757f095d6a0cb3a6445c8b6c25e50e6ca6c0,True,
Q1X_CM4A_source_oof_tent1_outcome_asset_lock_fix4.py,40595,cd4af7a78fcfc72ff4a12df43578757f095d6a0cb3a6445c8b6c25e50e6ca6c0,True,
Q1X_CM4B_mri_source_prediction_conditioned_safety_grouped_oof_fix1.py,37901,0b894a2db0d58dda6fa9fe26bf0b1482a3da89d25918405e45e39346d132cc40,True,
Q1X_CM4C_final_source_safety_estimator_and_threshold_lock_fix1.py,18334,ca3bf1276aee867d9423d28dd82c83e48f255b542cb08b52c88a58a82e1b2a3e,True,
Q1X_CM4C_final_source_safety_estimator_and_threshold_lock_fix2.py,24790,dd5b410f612b81bcbdc6ac2fbfe8bc4b22a21a049beeac80a2fb589d474a58bc,True,
Q1X_CM4D_final_all_source_segmentation_models_lock_fix1.py,24372,8a54f9a2f437eecaccf0992e24eedf0c900121a7d312b159b977457e05f53565,True,
Q1X_CM4D_final_all_source_segmentation_models_lock_fix2.py,31198,a0ede8bc703e925059708217d72c81ed87792d4f11485f2bb7aedd89287ae175,True,
Q1X_CM5A_promise12_gt_free_prediction_tent1_safety_scoring_lock_fix1.py,52451,e7373152880068157b88cba31f091258932c9366e53313476692ab81c5c50f3b,True,
Q1X_CM5B_unlabeled_support_aware_operating_point_transport_lock_fix1.py,38654,033c8629524edb4c7542a02fe8a9081ca58b3d3805bc281be85de84f2db0dd28,True,
Q1X_CM5B_unlabeled_support_aware_operating_point_transport_lock_fix2.py,41657,3ef0aa921a69fa2db877ac39369bed676edbb52e5c18f99a2d123870eeb3a908,True,
Q1X_CM6_promise12_gt_reveal_locked_policy_evaluation_fix1.py,40740,68208034e3f9ff5937bf44973f7882d0d2820073d9188e0cc07637f1963d24b0,True,
Q1X_CM7A_promise12_external_ranking_baseline_audit_fix1.py,42961,3a9ec0d5bd996ef141a250ebc42c223942f6c11742ec25adf46f8f058b0b06b7,True,
Q1X_CM7A_promise12_external_ranking_baseline_audit_fix2.py,44249,f910252691d78236de89114e5d630d0d8296be392d135169c186e90f72ef2ba3,True,
Q1X_CM7B_promise12_matched_coverage_utility_audit_fix1.py,23467,2ff2e110a0ee62c4f7d142c4deba202259fc25e0be69f096c5d599f59403aba4,True,
S00_A1_exact_dataset_extract_and_integrity_v1.py,24198,722a0a3137f13d2f06928792c96097ce8e417119f602c4b4e4100445428b01c6,True,
S00_A1_exact_dataset_extract_and_integrity_v1_fix1.py,26526,8a8ece2adff9a738e1995d4fabc9a8b86f5dca4989ddea1b460bdb02705f455a,True,
S00_A1_exact_dataset_extract_and_integrity_v1_fix2.py,28975,25850021dabde5a53a416a68829980611f05c3d4b8283a1e0e2400bd2caeddb6,True,
S01_A_freeze_source_train_val_split_v1.py,15201,95c361918a82b36977b26eae09547e006f94050feb3513226045be93c26935b6,True,
S01_B_train_pranet_source_only_frozen_seeds_v1.py,44549,2b2c9c1b75ff60bd087b403e43dc77468b31cbd54fb607481cc80ab47182b67a,True,
S01_B_train_pranet_source_only_seed20260817_v1_fix1.py,43770,58927c16afe47442d0c2af42d231de2e354c072d524e9db6e80a87fb849b1f87,True,
S01_C_lock_and_evaluate_source_only_frozen_seeds_v1.py,27568,7f9cd5cdba29ce2dfc91965ca84999284514ae7d4162debe5f2f78d0cb948f05,True,
S01_C_lock_and_evaluate_source_only_frozen_seeds_v1_fix1.py,28309,a628e5b7afc54986b488a31ec1bd51f2a105337087db1bb1cd1624761f25d891,True,
S01_D1_tta_feasibility_locked_evaluation_v1.py,59249,0ecdd6155a6d2687adb3fb7e73c7b10a06b1ee60af0fd7508a074d98662641a4,True,
S02_B_unlabeled_harm_signal_feasibility_v1.py,26661,1d2628349e910cf0423a7ce92c08db75ad14f35daacc170c3dcf6148b15e5770,True,
S03_B_build_source_side_safettta_gate_v1.py,30521,07ac65247216dea376e8996cbfbc98c54c62157ecdd1e9b7d9b539b5a74a2b5c,True,
S03_C_apply_locked_safettta_gate_v1.py,26369,441a0c969037a0b2a7a4d105fa071fb4b3e156e3ec62f8a796ee6cb9df74b2a0,True,
S05_B_train_deeplabv3_resnet50_source_only_frozen_seeds_v1.py,30374,df883060673fba35011c354e5c890fd5ac58e2f046e62cce74697b980b4c71ac,True,
S05_B_train_deeplabv3_resnet50_source_only_frozen_seeds_v1_fix1.py,34990,706b342f872a685a7f26ae7511932eb0e6536926db314931d4507d7952697efa,True,
S05_B_train_deeplabv3_resnet50_source_only_frozen_seeds_v1_fix2.py,39034,7d0fd5192a9af40dbae0aeac692a65641745fbef2e986f1cd4e163a59ad93a31,True,
S05_C_build_deeplab_source_side_safettta_gate_v1.py,40965,ab1d98f9847b2e338f07ec26ff426f9cd428e68da4813b90e2227782319aa424,True,
S05_D_deeplab_locked_target_replication_v1.py,41389,c436fcd0d01e65f3a84c86998149b83e4e8db661e7bdb6d4e7b8a26ed2c254a1,True,
S05_D_deeplab_locked_target_replication_v1_fix1.py,43242,728c51f7c1658f27b5010f4620777cee8ed7a46420d75dd48a75674d19b388e0,True,
S05_D_deeplab_locked_target_replication_v1_fix2.py,46866,7709233951099e76c15facf96fe5bf7459e887283d3392dd0523f02c77ffcb68,True,
S06_B_polypgen_integrity_overlap_audit_v1.py,26623,b9a90104482acc73b2befac4859a8d9c8d5af691867934ee5097c4ff402568d1,True,
S06_B_polypgen_integrity_overlap_audit_v1_fix1.py,29330,9f472fbf7b11538a726f6b29b65abcadfef5fcafab696115ab0042bbade0c4f0,True,
S06_B_polypgen_integrity_overlap_audit_v1_fix2.py,28506,825339b106b58162fff890dac4db6931afc9e212cc16440544e8d85d1bd48b56,True,
S06_B_polypgen_integrity_overlap_audit_v1_fix3.py,31066,93c3ae7eb5ed08ee18dcecc3238f7d692330169c28074c6a4cefeb322385859c,True,
S06_C_polypgen_dual_backbone_no_label_inference_lock_v1.py,36311,59771b78ae424db4de96ae9d77880417880f8fb0550cc918975b42513a6f7ae2,True,
S06_C_polypgen_dual_backbone_no_label_inference_lock_v1_fix1.py,37336,4cd49d7f62dc6e9c055a06ab6eab2541f82fd7546803209513567c384773331a,True,
S06_D0_polypgen_mask_gt_integrity_audit_v1.py,12153,16cd652c1a1555067ed8ab7ee0cfab55764aceb095be135a53e8ff5a55c8ee9c,True,
S06_D_polypgen_external_gt_reveal_evaluation_v1.py,31305,02c7db371d25974abe4105293ed7eac7cb300cdcf76c3cd495f3512a8dfaa633,True,
S06_D_polypgen_external_gt_reveal_evaluation_v1_fix1.py,35011,793a9cc9d238fe6208c46107245cb80d81face9dd9bb986d19b53345db2ebade,True,
S07_B_build_pranet_source_side_counterfactual_utility_dataset_v1.py,29043,8be0d5b1c43176e5350e70ff3155edc36d417619a4445ff527c37e19c2842285,True,
S07_C_pranet_grouped_oof_quantile_utility_feasibility_v1.py,43719,3eb72106b859cbe1bd6f3c4a3006097f1f3a669617acb7cea1d1c9a98d92496f,True,
S07_C_pranet_grouped_oof_quantile_utility_feasibility_v1_fix1.py,46009,5e239c427df72aad693cf24f9efc3f783be9497e7f78f7d4ad4488e49c9551a7,True,
