setting,policy,requested_coverage,metric,bootstrap_valid,bootstrap_mean,ci95_low,ci95_high
PolypGen_TENT1,RISK_RANKED,1.0,harm_rate_among_adapted,2000,0.3405099361763853,0.326584711343197,0.35422287496373656
PolypGen_TENT1,RISK_RANKED,1.0,benefit_rate_among_adapted,2000,0.14372555845662896,0.13388453727879315,0.1535393095445315
PolypGen_TENT1,RISK_RANKED,1.0,prevented_harm_fraction,2000,0.0,0.0,0.0
PolypGen_TENT1,RISK_RANKED,1.0,withheld_benefit_fraction,2000,0.0,0.0,0.0
PolypGen_TENT1,RISK_RANKED,1.0,mean_deployed_dice,2000,0.661313605955082,0.6455059654528271,0.6774290590923879
PolypGen_TENT1,RISK_RANKED,1.0,median_deployed_dice,2000,0.8575896271992851,0.839157849738164,0.8722477275564378
PolypGen_TENT1,RISK_RANKED,1.0,mean_delta_vs_source,2000,-0.0843299486202845,-0.09322561330278263,-0.07599586670095207
PolypGen_TENT1,RISK_RANKED,1.0,mean_delta_vs_adapt_all,2000,0.0,0.0,0.0
PolypGen_TENT1,RISK_RANKED,0.9,harm_rate_among_adapted,2000,0.3058683616729793,0.2914799742122653,0.320170843742445
PolypGen_TENT1,RISK_RANKED,0.9,benefit_rate_among_adapted,2000,0.14904331533564347,0.13876621806753162,0.15964219518091707
PolypGen_TENT1,RISK_RANKED,0.9,prevented_harm_fraction,2000,0.19160582328555772,0.17964744208892827,0.2040202477368986
PolypGen_TENT1,RISK_RANKED,0.9,withheld_benefit_fraction,2000,0.06669514420956528,0.05184072449204416,0.08320415427431588
PolypGen_TENT1,RISK_RANKED,0.9,mean_deployed_dice,2000,0.68583904131838,0.6697701966416015,0.7016419392812983
PolypGen_TENT1,RISK_RANKED,0.9,median_deployed_dice,2000,0.8750683127222015,0.8629046523969574,0.8875300087255746
PolypGen_TENT1,RISK_RANKED,0.9,mean_delta_vs_source,2000,-0.0598045132569865,-0.06803823379207116,-0.05220326896552705
PolypGen_TENT1,RISK_RANKED,0.9,mean_delta_vs_adapt_all,2000,0.024525435363298008,0.021779729099917336,0.02729173118812969
PolypGen_TENT1,RISK_RANKED,0.8,harm_rate_among_adapted,2000,0.27733476881233005,0.26264732547597464,0.29148005439709884
PolypGen_TENT1,RISK_RANKED,0.8,benefit_rate_among_adapted,2000,0.15438748866727106,0.14315276518585676,0.1659111514052584
PolypGen_TENT1,RISK_RANKED,0.8,prevented_harm_fraction,2000,0.34848731316273895,0.33178264730423596,0.3648545998958368
PolypGen_TENT1,RISK_RANKED,0.8,withheld_benefit_fraction,2000,0.14067269375082975,0.12153894643587299,0.16114006982809387
PolypGen_TENT1,RISK_RANKED,0.8,mean_deployed_dice,2000,0.7006120868836605,0.6843371055737641,0.7162324908146879
PolypGen_TENT1,RISK_RANKED,0.8,median_deployed_dice,2000,0.8842708011963585,0.872834959906939,0.8944348823539138
PolypGen_TENT1,RISK_RANKED,0.8,mean_delta_vs_source,2000,-0.045031467691706156,-0.052728814080403454,-0.03782206556867989
PolypGen_TENT1,RISK_RANKED,0.8,mean_delta_vs_adapt_all,2000,0.03929848092857835,0.03559425156024784,0.04316363599778067
PolypGen_TENT1,RISK_RANKED,0.7,harm_rate_among_adapted,2000,0.25809718193120595,0.24325787401574803,0.2721715706589308
PolypGen_TENT1,RISK_RANKED,0.7,benefit_rate_among_adapted,2000,0.15513380646498137,0.14318016991297142,0.16742903025279735
PolypGen_TENT1,RISK_RANKED,0.7,prevented_harm_fraction,2000,0.4694194799802713,0.4496618743963035,0.48876309331505535
PolypGen_TENT1,RISK_RANKED,0.7,withheld_benefit_fraction,2000,0.24439687800046228,0.21829016057622416,0.2732542365801819
PolypGen_TENT1,RISK_RANKED,0.7,mean_deployed_dice,2000,0.7087257823066987,0.6926140059407992,0.7244245311367605
PolypGen_TENT1,RISK_RANKED,0.7,median_deployed_dice,2000,0.8890765667729863,0.8781261067122198,0.8978594459353726
PolypGen_TENT1,RISK_RANKED,0.7,mean_delta_vs_source,2000,-0.036917772268668075,-0.04409917609270139,-0.029994701103148665
PolypGen_TENT1,RISK_RANKED,0.7,mean_delta_vs_adapt_all,2000,0.04741217635161643,0.042355721614373024,0.052523302929531925
PolypGen_TENT1,RISK_RANKED,0.6,harm_rate_among_adapted,2000,0.24150090656351988,0.2259156291550828,0.2571044361174906
PolypGen_TENT1,RISK_RANKED,0.6,benefit_rate_among_adapted,2000,0.15588782787380637,0.14311011724888192,0.16910431524235464
PolypGen_TENT1,RISK_RANKED,0.6,prevented_harm_fraction,2000,0.5744660488736827,0.5539336733523347,0.5943154075284982
PolypGen_TENT1,RISK_RANKED,0.6,withheld_benefit_fraction,2000,0.3492052924011788,0.3204944106003683,0.37739810573337496
PolypGen_TENT1,RISK_RANKED,0.6,mean_deployed_dice,2000,0.7132042481182849,0.6971365149290425,0.728775918585426
PolypGen_TENT1,RISK_RANKED,0.6,median_deployed_dice,2000,0.892004593644504,0.8820798205096324,0.9002104744115442
PolypGen_TENT1,RISK_RANKED,0.6,mean_delta_vs_source,2000,-0.032439306457081686,-0.03949812279590549,-0.02562031934444223
PolypGen_TENT1,RISK_RANKED,0.6,mean_delta_vs_adapt_all,2000,0.05189064216320282,0.046597050142097786,0.057308153083359556
PolypGen_TENT1,RISK_RANKED,0.5,harm_rate_among_adapted,2000,0.23013954163040323,0.21264505366985786,0.2473165071076298
PolypGen_TENT1,RISK_RANKED,0.5,benefit_rate_among_adapted,2000,0.15277581955323472,0.13852262837249782,0.16724688134609805
PolypGen_TENT1,RISK_RANKED,0.5,prevented_harm_fraction,2000,0.6620870659486754,0.641266064242533,0.6818591062388073
PolypGen_TENT1,RISK_RANKED,0.5,withheld_benefit_fraction,2000,0.46852897446850544,0.4385767268458094,0.4995189617238312
PolypGen_TENT1,RISK_RANKED,0.5,mean_deployed_dice,2000,0.7156125840359938,0.6996575872828784,0.7310788750602851
PolypGen_TENT1,RISK_RANKED,0.5,median_deployed_dice,2000,0.8942668093222208,0.8854698592977108,0.9021772321637177
PolypGen_TENT1,RISK_RANKED,0.5,mean_delta_vs_source,2000,-0.030030970539372794,-0.03703020768361886,-0.023297854950938696
PolypGen_TENT1,RISK_RANKED,0.5,mean_delta_vs_adapt_all,2000,0.05429897808091171,0.048858931590014504,0.059893340321489096
PolypGen_TENT1,RISK_RANKED,0.4,harm_rate_among_adapted,2000,0.23283916591115142,0.21250679963735267,0.25312783318223026
PolypGen_TENT1,RISK_RANKED,0.4,benefit_rate_among_adapted,2000,0.15208757932910244,0.13671804170444243,0.16808703535811423
PolypGen_TENT1,RISK_RANKED,0.4,prevented_harm_fraction,2000,0.7265009528235961,0.7057643548664322,0.7468306320147302
PolypGen_TENT1,RISK_RANKED,0.4,withheld_benefit_fraction,2000,0.5767888984209107,0.5473405748384907,0.6069521336543393
PolypGen_TENT1,RISK_RANKED,0.4,mean_deployed_dice,2000,0.7171546384830697,0.7009204372567617,0.7325851722741709
PolypGen_TENT1,RISK_RANKED,0.4,median_deployed_dice,2000,0.8955327704268148,0.8867562380038387,0.9035087719298246
PolypGen_TENT1,RISK_RANKED,0.4,mean_delta_vs_source,2000,-0.02848891609229692,-0.03539790374170528,-0.02175895204416483
PolypGen_TENT1,RISK_RANKED,0.4,mean_delta_vs_adapt_all,2000,0.0558410325279876,0.05012937779975617,0.06170933124571
PolypGen_TENT1,RISK_RANKED,0.3,harm_rate_among_adapted,2000,0.2287896518375242,0.20502296905222436,0.2545938104448743
PolypGen_TENT1,RISK_RANKED,0.3,benefit_rate_among_adapted,2000,0.16292734526112185,0.1448198742746615,0.18157640232108319
PolypGen_TENT1,RISK_RANKED,0.3,prevented_harm_fraction,2000,0.7984718932878035,0.7784160368489644,0.8171797856071655
PolypGen_TENT1,RISK_RANKED,0.3,withheld_benefit_fraction,2000,0.6600109479345606,0.631811109696624,0.689317703095554
PolypGen_TENT1,RISK_RANKED,0.3,mean_deployed_dice,2000,0.7198515751097143,0.7037495522682641,0.7351925813736001
PolypGen_TENT1,RISK_RANKED,0.3,median_deployed_dice,2000,0.8980966746634703,0.889861442841333,0.905422983155019
PolypGen_TENT1,RISK_RANKED,0.3,mean_delta_vs_source,2000,-0.025791979465652204,-0.03245004726611707,-0.01914099393953475
PolypGen_TENT1,RISK_RANKED,0.3,mean_delta_vs_adapt_all,2000,0.05853796915463231,0.05273025637591486,0.06449899567358094
PolypGen_TENT1,RISK_RANKED,0.2,harm_rate_among_adapted,2000,0.26655837563451773,0.233502538071066,0.3009427121102248
PolypGen_TENT1,RISK_RANKED,0.2,benefit_rate_among_adapted,2000,0.17953934010152284,0.1555474981870921,0.20268310369833212
PolypGen_TENT1,RISK_RANKED,0.2,prevented_harm_fraction,2000,0.8434168163690204,0.8240459879967384,0.8618195127596783
PolypGen_TENT1,RISK_RANKED,0.2,withheld_benefit_fraction,2000,0.7501960947139377,0.7246435722019586,0.7776147765278201
PolypGen_TENT1,RISK_RANKED,0.2,mean_deployed_dice,2000,0.7206146889454074,0.7046184313572519,0.7360601976337936
PolypGen_TENT1,RISK_RANKED,0.2,median_deployed_dice,2000,0.89890120438451,0.8907048008171604,0.9064411754510078
PolypGen_TENT1,RISK_RANKED,0.2,mean_delta_vs_source,2000,-0.025028865629959193,-0.03180818258054581,-0.01865948019776186
PolypGen_TENT1,RISK_RANKED,0.2,mean_delta_vs_adapt_all,2000,0.05930108299032531,0.05345863761829188,0.06532936549061036
PolypGen_TENT1,RISK_RANKED,0.1,harm_rate_among_adapted,2000,0.37730783176214644,0.31907179115300943,0.43874184191443066
PolypGen_TENT1,RISK_RANKED,0.1,benefit_rate_among_adapted,2000,0.30124184191443076,0.25453226976069615,0.34664612037708475
PolypGen_TENT1,RISK_RANKED,0.1,prevented_harm_fraction,2000,0.8891698017797973,0.8714164568666979,0.905885283288104
PolypGen_TENT1,RISK_RANKED,0.1,withheld_benefit_fraction,2000,0.79045100236197,0.7646462195813882,0.8163913646089433
PolypGen_TENT1,RISK_RANKED,0.1,mean_deployed_dice,2000,0.7226782503588024,0.7068712857064533,0.7381809506180158
PolypGen_TENT1,RISK_RANKED,0.1,median_deployed_dice,2000,0.9014267260181301,0.8937919456103998,0.9088639581075321
PolypGen_TENT1,RISK_RANKED,0.1,mean_delta_vs_source,2000,-0.02296530421656407,-0.029515960352041248,-0.01657017919279698
PolypGen_TENT1,RISK_RANKED,0.1,mean_delta_vs_adapt_all,2000,0.061364644403720435,0.055526516940520854,0.06750419518154561
PolypGen_TENT1,RISK_RANKED,0.0,harm_rate_among_adapted,0,,,
PolypGen_TENT1,RISK_RANKED,0.0,benefit_rate_among_adapted,0,,,
PolypGen_TENT1,RISK_RANKED,0.0,prevented_harm_fraction,2000,1.0,1.0,1.0
PolypGen_TENT1,RISK_RANKED,0.0,withheld_benefit_fraction,2000,1.0,1.0,1.0
PolypGen_TENT1,RISK_RANKED,0.0,mean_deployed_dice,2000,0.7456435545753666,0.7323249287306713,0.7592176508505116
PolypGen_TENT1,RISK_RANKED,0.0,median_deployed_dice,2000,0.9126947699380178,0.9064403026388632,0.9184360742055003
PolypGen_TENT1,RISK_RANKED,0.0,mean_delta_vs_source,2000,0.0,0.0,0.0
PolypGen_TENT1,RISK_RANKED,0.0,mean_delta_vs_adapt_all,2000,0.0843299486202845,0.07599586670095207,0.09322561330278263
SUN_TENT1,RISK_RANKED,1.0,harm_rate_among_adapted,2000,0.22542732426303855,0.1971626984126984,0.2572619047619047
SUN_TENT1,RISK_RANKED,1.0,benefit_rate_among_adapted,2000,0.29025096371882086,0.24784297052154194,0.33458049886621316
SUN_TENT1,RISK_RANKED,1.0,prevented_harm_fraction,2000,0.0,0.0,0.0
SUN_TENT1,RISK_RANKED,1.0,withheld_benefit_fraction,2000,0.0,0.0,0.0
SUN_TENT1,RISK_RANKED,1.0,mean_deployed_dice,2000,0.725366207717991,0.6690926608159172,0.7781954751923397
SUN_TENT1,RISK_RANKED,1.0,median_deployed_dice,2000,0.8803380752185981,0.8341651516984624,0.914869875286034
SUN_TENT1,RISK_RANKED,1.0,mean_delta_vs_source,2000,0.03967785994038493,0.017764721118623927,0.062468000214910405
SUN_TENT1,RISK_RANKED,1.0,mean_delta_vs_adapt_all,2000,0.0,0.0,0.0
SUN_TENT1,RISK_RANKED,0.9,harm_rate_among_adapted,2000,0.20701656588561348,0.17812736205593346,0.23923532375913326
SUN_TENT1,RISK_RANKED,0.9,benefit_rate_among_adapted,2000,0.293486079617032,0.25005983875031496,0.3377456538170824
SUN_TENT1,RISK_RANKED,0.9,prevented_harm_fraction,2000,0.17382331804716591,0.14549185384136512,0.20543240312731836
SUN_TENT1,RISK_RANKED,0.9,withheld_benefit_fraction,2000,0.08985370431186916,0.06281118345461509,0.12008596307339621
SUN_TENT1,RISK_RANKED,0.9,mean_deployed_dice,2000,0.7303263222382914,0.6744569914168274,0.7825623188485069
SUN_TENT1,RISK_RANKED,0.9,median_deployed_dice,2000,0.8842648722688612,0.8406636013360668,0.9175949667527753
SUN_TENT1,RISK_RANKED,0.9,mean_delta_vs_source,2000,0.04463797446068534,0.02629946656161473,0.06362958277773241
SUN_TENT1,RISK_RANKED,0.9,mean_delta_vs_adapt_all,2000,0.004960114520300397,-0.002073856604527677,0.01102604855559785
SUN_TENT1,RISK_RANKED,0.8,harm_rate_among_adapted,2000,0.18776523526077096,0.1574511054421769,0.22250566893424037
SUN_TENT1,RISK_RANKED,0.8,benefit_rate_among_adapted,2000,0.2918472222222222,0.24489441609977325,0.340702947845805
SUN_TENT1,RISK_RANKED,0.8,prevented_harm_fraction,2000,0.33421877030780983,0.2930287374426826,0.38025581347449067
SUN_TENT1,RISK_RANKED,0.8,withheld_benefit_fraction,2000,0.19584403061182631,0.15276990487359918,0.23520537034930022
SUN_TENT1,RISK_RANKED,0.8,mean_deployed_dice,2000,0.731628096091149,0.6764494365254452,0.7842863730595504
SUN_TENT1,RISK_RANKED,0.8,median_deployed_dice,2000,0.8862060238324422,0.8426571476379051,0.9182897944153525
SUN_TENT1,RISK_RANKED,0.8,mean_delta_vs_source,2000,0.04593974831354295,0.029406993917195354,0.06336198073665758
SUN_TENT1,RISK_RANKED,0.8,mean_delta_vs_adapt_all,2000,0.006261888373158005,-0.003410170734907697,0.01592117842114247
SUN_TENT1,RISK_RANKED,0.7,harm_rate_among_adapted,2000,0.1709445254292193,0.13783203757693555,0.20619128603822479
SUN_TENT1,RISK_RANKED,0.7,benefit_rate_among_adapted,2000,0.29029850988014255,0.23954486556527374,0.3401360544217687
SUN_TENT1,RISK_RANKED,0.7,prevented_harm_fraction,2000,0.4698769235611455,0.422207439432572,0.5258440306252148
SUN_TENT1,RISK_RANKED,0.7,withheld_benefit_fraction,2000,0.3003346626301171,0.259471917508278,0.3435625542043164
SUN_TENT1,RISK_RANKED,0.7,mean_deployed_dice,2000,0.7301094448060704,0.6745035963515715,0.7835694260341899
SUN_TENT1,RISK_RANKED,0.7,median_deployed_dice,2000,0.8864585344604932,0.84404214275115,0.9178638271977663
SUN_TENT1,RISK_RANKED,0.7,mean_delta_vs_source,2000,0.044421097028464404,0.02877073037677997,0.059935867774934495
SUN_TENT1,RISK_RANKED,0.7,mean_delta_vs_adapt_all,2000,0.004743237088079465,-0.005758801158465346,0.016111522265714683
SUN_TENT1,RISK_RANKED,0.6,harm_rate_among_adapted,2000,0.15246419123204838,0.11677059712773998,0.1906698790627362
SUN_TENT1,RISK_RANKED,0.6,benefit_rate_among_adapted,2000,0.28891326530612244,0.23431594860166288,0.3441232048374904
SUN_TENT1,RISK_RANKED,0.6,prevented_harm_fraction,2000,0.595098016332779,0.5398566694791395,0.6595634160441629
SUN_TENT1,RISK_RANKED,0.6,withheld_benefit_fraction,2000,0.4034596092046597,0.359893194667338,0.44752102578881403
SUN_TENT1,RISK_RANKED,0.6,mean_deployed_dice,2000,0.7292624649896899,0.6730790804004402,0.7823345066108975
SUN_TENT1,RISK_RANKED,0.6,median_deployed_dice,2000,0.8865845642825232,0.8445952895196955,0.9174797118628611
SUN_TENT1,RISK_RANKED,0.6,mean_delta_vs_source,2000,0.04357411721208398,0.028360310821659337,0.0589995086715001
SUN_TENT1,RISK_RANKED,0.6,mean_delta_vs_adapt_all,2000,0.003896257271699041,-0.00753053995053532,0.015901779345212273
SUN_TENT1,RISK_RANKED,0.5,harm_rate_among_adapted,2000,0.13587380952380954,0.09727891156462586,0.17755102040816326
SUN_TENT1,RISK_RANKED,0.5,benefit_rate_among_adapted,2000,0.29496439909297056,0.2371825396825397,0.3555782312925169
SUN_TENT1,RISK_RANKED,0.5,prevented_harm_fraction,2000,0.699612132765094,0.6363237364754706,0.7634977875081285
SUN_TENT1,RISK_RANKED,0.5,withheld_benefit_fraction,2000,0.4927284972274879,0.4518897763876301,0.5363040927380409
SUN_TENT1,RISK_RANKED,0.5,mean_deployed_dice,2000,0.7277007157677143,0.6712932129358651,0.7802446570394258
SUN_TENT1,RISK_RANKED,0.5,median_deployed_dice,2000,0.8858968614217916,0.8438856071113691,0.9161486816381078
SUN_TENT1,RISK_RANKED,0.5,mean_delta_vs_source,2000,0.04201236799010829,0.027140893504485484,0.05713696089131552
SUN_TENT1,RISK_RANKED,0.5,mean_delta_vs_adapt_all,2000,0.0023345080497233473,-0.009670655257018124,0.014594231047654992
SUN_TENT1,RISK_RANKED,0.4,harm_rate_among_adapted,2000,0.11414640022675739,0.07397250566893424,0.16015447845804984
SUN_TENT1,RISK_RANKED,0.4,benefit_rate_among_adapted,2000,0.3177372448979592,0.2530966553287982,0.3869047619047619
SUN_TENT1,RISK_RANKED,0.4,prevented_harm_fraction,2000,0.7984544149858966,0.7379098276650427,0.8559231966535337
SUN_TENT1,RISK_RANKED,0.4,withheld_benefit_fraction,2000,0.5629265393852259,0.5237221827605506,0.6046836197366876
SUN_TENT1,RISK_RANKED,0.4,mean_deployed_dice,2000,0.7278965948362266,0.6714892727508832,0.781281734294374
SUN_TENT1,RISK_RANKED,0.4,median_deployed_dice,2000,0.8863389010554695,0.8448373585781549,0.9160071582181084
SUN_TENT1,RISK_RANKED,0.4,mean_delta_vs_source,2000,0.04220824705862046,0.028951566493781392,0.055603831466673775
SUN_TENT1,RISK_RANKED,0.4,mean_delta_vs_adapt_all,2000,0.0025303871182355163,-0.010182868943880688,0.01554458538603818
SUN_TENT1,RISK_RANKED,0.3,harm_rate_among_adapted,2000,0.0905372260015117,0.0479875283446712,0.1421107331821617
SUN_TENT1,RISK_RANKED,0.3,benefit_rate_among_adapted,2000,0.366766439909297,0.2868480725623583,0.4508786848072562
SUN_TENT1,RISK_RANKED,0.3,prevented_harm_fraction,2000,0.8801907268023924,0.8214852530811565,0.9304460072317214
SUN_TENT1,RISK_RANKED,0.3,withheld_benefit_fraction,2000,0.6217219994646448,0.5804544987232055,0.6637146176030763
SUN_TENT1,RISK_RANKED,0.3,mean_deployed_dice,2000,0.7282482065038584,0.670998176763086,0.7814607001752099
SUN_TENT1,RISK_RANKED,0.3,median_deployed_dice,2000,0.8870980691375129,0.8475296503766548,0.9161156803351272
SUN_TENT1,RISK_RANKED,0.3,mean_delta_vs_source,2000,0.04255985872625234,0.029669112906904015,0.055632098226149555
SUN_TENT1,RISK_RANKED,0.3,mean_delta_vs_adapt_all,2000,0.0028819987858673996,-0.010386737598358006,0.016410841702436632
SUN_TENT1,RISK_RANKED,0.2,harm_rate_among_adapted,2000,0.07167063492063491,0.017006802721088437,0.13945578231292516
SUN_TENT1,RISK_RANKED,0.2,benefit_rate_among_adapted,2000,0.4835184240362812,0.37356859410430837,0.6037556689342403
SUN_TENT1,RISK_RANKED,0.2,prevented_harm_fraction,2000,0.9367939063860397,0.8773186083442671,0.9839427745726155
SUN_TENT1,RISK_RANKED,0.2,withheld_benefit_fraction,2000,0.6676363387637541,0.6243339552205605,0.7114552487914628
SUN_TENT1,RISK_RANKED,0.2,mean_deployed_dice,2000,0.7280117693519573,0.6704533477437405,0.7809401958713119
SUN_TENT1,RISK_RANKED,0.2,median_deployed_dice,2000,0.8880065506281168,0.8498788848477044,0.9161156803351272
SUN_TENT1,RISK_RANKED,0.2,mean_delta_vs_source,2000,0.042323421574351226,0.02997024056568534,0.05518297969158366
SUN_TENT1,RISK_RANKED,0.2,mean_delta_vs_adapt_all,2000,0.0026455616339662873,-0.010585854107335011,0.01694288391448521
SUN_TENT1,RISK_RANKED,0.1,harm_rate_among_adapted,2000,0.011399092970521541,0.0,0.07375283446711986
SUN_TENT1,RISK_RANKED,0.1,benefit_rate_among_adapted,2000,0.6917375283446712,0.5714002267573696,0.8016156462585032
SUN_TENT1,RISK_RANKED,0.1,prevented_harm_fraction,2000,0.995050215944604,0.9676397662367595,1.0
SUN_TENT1,RISK_RANKED,0.1,withheld_benefit_fraction,2000,0.7607544229035851,0.7188363953846706,0.8085903100005041
SUN_TENT1,RISK_RANKED,0.1,mean_deployed_dice,2000,0.7180031529092864,0.6468714322080165,0.7813369535012351
SUN_TENT1,RISK_RANKED,0.1,median_deployed_dice,2000,0.8887047266551015,0.8464043658128686,0.9168369801880367
SUN_TENT1,RISK_RANKED,0.1,mean_delta_vs_source,2000,0.0323148051316805,0.022932867578554728,0.041205767997640634
SUN_TENT1,RISK_RANKED,0.1,mean_delta_vs_adapt_all,2000,-0.0073630548087044384,-0.03214628150487345,0.01394123655869566
SUN_TENT1,RISK_RANKED,0.0,harm_rate_among_adapted,0,,,
SUN_TENT1,RISK_RANKED,0.0,benefit_rate_among_adapted,0,,,
SUN_TENT1,RISK_RANKED,0.0,prevented_harm_fraction,2000,1.0,1.0,1.0
SUN_TENT1,RISK_RANKED,0.0,withheld_benefit_fraction,2000,1.0,1.0,1.0
SUN_TENT1,RISK_RANKED,0.0,mean_deployed_dice,2000,0.6856883477776059,0.6200121020528738,0.7481391850174383
SUN_TENT1,RISK_RANKED,0.0,median_deployed_dice,2000,0.8854982909015107,0.8410004650084862,0.9160821762626331
SUN_TENT1,RISK_RANKED,0.0,mean_delta_vs_source,2000,0.0,0.0,0.0
SUN_TENT1,RISK_RANKED,0.0,mean_delta_vs_adapt_all,2000,-0.03967785994038493,-0.06246800021491042,-0.01776472111862393
SUN_PL_CONF90,RISK_RANKED,1.0,harm_rate_among_adapted,2000,0.12056632653061225,0.10282879818594104,0.1380952380952381
SUN_PL_CONF90,RISK_RANKED,1.0,benefit_rate_among_adapted,2000,0.11555476190476191,0.09659863945578231,0.13412981859410428
SUN_PL_CONF90,RISK_RANKED,1.0,prevented_harm_fraction,2000,0.0,0.0,0.0
SUN_PL_CONF90,RISK_RANKED,1.0,withheld_benefit_fraction,2000,0.0,0.0,0.0
SUN_PL_CONF90,RISK_RANKED,1.0,mean_deployed_dice,2000,0.6886872453043991,0.6240655648408129,0.7505013402836638
SUN_PL_CONF90,RISK_RANKED,1.0,median_deployed_dice,2000,0.8862444270760399,0.8451242907101186,0.9150638644552839
SUN_PL_CONF90,RISK_RANKED,1.0,mean_delta_vs_source,2000,0.0029988975267931793,0.0007346400940398068,0.005281245952539759
SUN_PL_CONF90,RISK_RANKED,1.0,mean_delta_vs_adapt_all,2000,0.0,0.0,0.0
SUN_PL_CONF90,RISK_RANKED,0.9,harm_rate_among_adapted,2000,0.11969897959183674,0.10103300579491056,0.13756613756613756
SUN_PL_CONF90,RISK_RANKED,0.9,benefit_rate_among_adapted,2000,0.11214550264550263,0.09297052154195011,0.13139644746787602
SUN_PL_CONF90,RISK_RANKED,0.9,prevented_harm_fraction,2000,0.10649860707757315,0.07375384683671658,0.14818182054446438
SUN_PL_CONF90,RISK_RANKED,0.9,withheld_benefit_fraction,2000,0.12631107042960427,0.07499939143135345,0.18639626218851568
SUN_PL_CONF90,RISK_RANKED,0.9,mean_deployed_dice,2000,0.6880456299038449,0.6232959854143221,0.7498425296538803
SUN_PL_CONF90,RISK_RANKED,0.9,median_deployed_dice,2000,0.8860724509766271,0.8456551240202937,0.9149592144406056
SUN_PL_CONF90,RISK_RANKED,0.9,mean_delta_vs_source,2000,0.002357282126238892,0.0001961833095546206,0.004595112693643485
SUN_PL_CONF90,RISK_RANKED,0.9,mean_delta_vs_adapt_all,2000,-0.0006416154005542873,-0.0013631979129730964,3.65349332831903e-05
SUN_PL_CONF90,RISK_RANKED,0.8,harm_rate_among_adapted,2000,0.11122966269841271,0.09112103174603174,0.13138109410430837
SUN_PL_CONF90,RISK_RANKED,0.8,benefit_rate_among_adapted,2000,0.101781179138322,0.08148738662131519,0.12301587301587301
SUN_PL_CONF90,RISK_RANKED,0.8,prevented_harm_fraction,2000,0.26236795934938506,0.19903021893308664,0.3280592677991624
SUN_PL_CONF90,RISK_RANKED,0.8,withheld_benefit_fraction,2000,0.29556060548084984,0.22015410244342096,0.37226297208157194
SUN_PL_CONF90,RISK_RANKED,0.8,mean_deployed_dice,2000,0.6877552286352077,0.622945028230117,0.7495872062320894
SUN_PL_CONF90,RISK_RANKED,0.8,median_deployed_dice,2000,0.8856878320967149,0.8448393711551606,0.9149877240523376
SUN_PL_CONF90,RISK_RANKED,0.8,mean_delta_vs_source,2000,0.002066880857601703,7.065169528077677e-05,0.004137205313327151
SUN_PL_CONF90,RISK_RANKED,0.8,mean_delta_vs_adapt_all,2000,-0.0009320166691914767,-0.0020249813613684386,0.0002162367422039924
SUN_PL_CONF90,RISK_RANKED,0.7,harm_rate_among_adapted,2000,0.10315954000647878,0.08113864593456431,0.12471655328798185
SUN_PL_CONF90,RISK_RANKED,0.7,benefit_rate_among_adapted,2000,0.0888721250404924,0.06851311953352769,0.11078717201166181
SUN_PL_CONF90,RISK_RANKED,0.7,prevented_harm_fraction,2000,0.4017250850421872,0.3323508855104729,0.47655948699870027
SUN_PL_CONF90,RISK_RANKED,0.7,withheld_benefit_fraction,2000,0.46188751584083004,0.37323588117881884,0.5495367710527703
SUN_PL_CONF90,RISK_RANKED,0.7,mean_deployed_dice,2000,0.6872941647649446,0.6225066556004311,0.7491853070909427
SUN_PL_CONF90,RISK_RANKED,0.7,median_deployed_dice,2000,0.8854442892194668,0.8434411198418987,0.9148469178973996
SUN_PL_CONF90,RISK_RANKED,0.7,mean_delta_vs_source,2000,0.0016058169873386585,-0.0002629097179023598,0.0036306976228120537
SUN_PL_CONF90,RISK_RANKED,0.7,mean_delta_vs_adapt_all,2000,-0.0013930805394545209,-0.002778266519538755,6.680189649254006e-05
SUN_PL_CONF90,RISK_RANKED,0.6,harm_rate_among_adapted,2000,0.09119349962207104,0.06708238851095993,0.1137613378684807
SUN_PL_CONF90,RISK_RANKED,0.6,benefit_rate_among_adapted,2000,0.07545039682539682,0.05517762660619804,0.09712773998488285
SUN_PL_CONF90,RISK_RANKED,0.6,prevented_harm_fraction,2000,0.5472101125599284,0.47079435547804027,0.6285026866702929
SUN_PL_CONF90,RISK_RANKED,0.6,withheld_benefit_fraction,2000,0.6085685511447866,0.5254131355932203,0.6938510873299107
SUN_PL_CONF90,RISK_RANKED,0.6,mean_deployed_dice,2000,0.687048226551566,0.6220540741572891,0.7491098244338887
SUN_PL_CONF90,RISK_RANKED,0.6,median_deployed_dice,2000,0.8853758318255718,0.8429389545509931,0.9147560564800807
SUN_PL_CONF90,RISK_RANKED,0.6,mean_delta_vs_source,2000,0.0013598787739600522,-0.0003882879390143118,0.003263898318867724
SUN_PL_CONF90,RISK_RANKED,0.6,mean_delta_vs_adapt_all,2000,-0.0016390187528331273,-0.0031310446255438107,-4.699209642788055e-05
SUN_PL_CONF90,RISK_RANKED,0.5,harm_rate_among_adapted,2000,0.0747281179138322,0.04897959183673469,0.10113378684807256
SUN_PL_CONF90,RISK_RANKED,0.5,benefit_rate_among_adapted,2000,0.06318208616780045,0.04467120181405896,0.08412698412698413
SUN_PL_CONF90,RISK_RANKED,0.5,prevented_harm_fraction,2000,0.6915275106759964,0.6099207724801897,0.7743017529332291
SUN_PL_CONF90,RISK_RANKED,0.5,withheld_benefit_fraction,2000,0.7268662055104417,0.6573623441044039,0.7941780559344549
SUN_PL_CONF90,RISK_RANKED,0.5,mean_deployed_dice,2000,0.6871542753482922,0.6220539419822583,0.749193349005762
SUN_PL_CONF90,RISK_RANKED,0.5,median_deployed_dice,2000,0.8850317897701087,0.8416658760076708,0.9146514524389816
SUN_PL_CONF90,RISK_RANKED,0.5,mean_delta_vs_source,2000,0.0014659275706861703,-7.088739493647799e-05,0.003146327236252616
SUN_PL_CONF90,RISK_RANKED,0.5,mean_delta_vs_adapt_all,2000,-0.0015329699561070092,-0.0030722059420397268,7.60668154922982e-05
SUN_PL_CONF90,RISK_RANKED,0.4,harm_rate_among_adapted,2000,0.05703429705215419,0.033156179138322,0.08333333333333333
SUN_PL_CONF90,RISK_RANKED,0.4,benefit_rate_among_adapted,2000,0.051174886621315196,0.030612244897959183,0.07369614512471655
SUN_PL_CONF90,RISK_RANKED,0.4,prevented_harm_fraction,2000,0.8117880642174743,0.7416821860526297,0.8805156585709308
SUN_PL_CONF90,RISK_RANKED,0.4,withheld_benefit_fraction,2000,0.8233579912045407,0.7614310365890904,0.8858422842534656
SUN_PL_CONF90,RISK_RANKED,0.4,mean_deployed_dice,2000,0.6874350204583931,0.6222100564470998,0.7495299719725041
SUN_PL_CONF90,RISK_RANKED,0.4,median_deployed_dice,2000,0.8848894586176731,0.8413148200623406,0.9146849990235781
SUN_PL_CONF90,RISK_RANKED,0.4,mean_delta_vs_source,2000,0.0017466726807870794,0.00039189215384118623,0.0033132161247959356
SUN_PL_CONF90,RISK_RANKED,0.4,mean_delta_vs_adapt_all,2000,-0.0012522248460061,-0.0029747669727501203,0.00045022993952635685
SUN_PL_CONF90,RISK_RANKED,0.3,harm_rate_among_adapted,2000,0.03681897203325775,0.017006802721088437,0.06046863189720333
SUN_PL_CONF90,RISK_RANKED,0.3,benefit_rate_among_adapted,2000,0.040730347694633406,0.026832955404383976,0.05857898715041572
SUN_PL_CONF90,RISK_RANKED,0.3,prevented_harm_fraction,2000,0.9089408321650622,0.8560474992135892,0.9558338300018338
SUN_PL_CONF90,RISK_RANKED,0.3,withheld_benefit_fraction,2000,0.8944225166716321,0.8602200461099148,0.9254950898335773
SUN_PL_CONF90,RISK_RANKED,0.3,mean_deployed_dice,2000,0.6877865716938472,0.6224697987020213,0.7499475599928466
SUN_PL_CONF90,RISK_RANKED,0.3,median_deployed_dice,2000,0.8850616123750128,0.8412216828478964,0.91553999461352
SUN_PL_CONF90,RISK_RANKED,0.3,mean_delta_vs_source,2000,0.002098223916241024,0.0009073192703114158,0.0034870717189301762
SUN_PL_CONF90,RISK_RANKED,0.3,mean_delta_vs_adapt_all,2000,-0.0009006736105521551,-0.0026304852427629618,0.0009275903979347572
SUN_PL_CONF90,RISK_RANKED,0.2,harm_rate_among_adapted,2000,0.014924886621315192,0.003968253968253968,0.03459467120181398
SUN_PL_CONF90,RISK_RANKED,0.2,benefit_rate_among_adapted,2000,0.04273951247165533,0.02891156462585034,0.05839002267573696
SUN_PL_CONF90,RISK_RANKED,0.2,prevented_harm_fraction,2000,0.9753446118683249,0.9448546404586979,0.9938384339178178
SUN_PL_CONF90,RISK_RANKED,0.2,withheld_benefit_fraction,2000,0.926071564618765,0.9016672818580073,0.947071079322379
SUN_PL_CONF90,RISK_RANKED,0.2,mean_deployed_dice,2000,0.6881074653375056,0.6227491083993232,0.7503120244823377
SUN_PL_CONF90,RISK_RANKED,0.2,median_deployed_dice,2000,0.8856148829797114,0.8413006173252212,0.9158571917634816
SUN_PL_CONF90,RISK_RANKED,0.2,mean_delta_vs_source,2000,0.0024191175598995097,0.0012702460545344963,0.003801310551115966
SUN_PL_CONF90,RISK_RANKED,0.2,mean_delta_vs_adapt_all,2000,-0.0005797799668936698,-0.0023812672139043424,0.0012437654810500656
SUN_PL_CONF90,RISK_RANKED,0.1,harm_rate_among_adapted,2000,0.00015079365079365083,0.0,0.0022675736961451248
SUN_PL_CONF90,RISK_RANKED,0.1,benefit_rate_among_adapted,2000,0.047214285714285716,0.026077097505668934,0.07029478458049887
SUN_PL_CONF90,RISK_RANKED,0.1,prevented_harm_fraction,2000,0.9998740187685728,0.9981847861790263,1.0
SUN_PL_CONF90,RISK_RANKED,0.1,withheld_benefit_fraction,2000,0.9591005767315066,0.9406216220892716,0.9771802837404661
SUN_PL_CONF90,RISK_RANKED,0.1,mean_deployed_dice,2000,0.6874151873743545,0.6209875337267114,0.750250895528496
SUN_PL_CONF90,RISK_RANKED,0.1,median_deployed_dice,2000,0.885598055621969,0.8412086797809775,0.9161151466236211
SUN_PL_CONF90,RISK_RANKED,0.1,mean_delta_vs_source,2000,0.0017268395967484406,0.0007239123171991491,0.0029424680883422126
SUN_PL_CONF90,RISK_RANKED,0.1,mean_delta_vs_adapt_all,2000,-0.0012720579300447388,-0.003640144905094153,0.0009219668962969454
SUN_PL_CONF90,RISK_RANKED,0.0,harm_rate_among_adapted,0,,,
SUN_PL_CONF90,RISK_RANKED,0.0,benefit_rate_among_adapted,0,,,
SUN_PL_CONF90,RISK_RANKED,0.0,prevented_harm_fraction,2000,1.0,1.0,1.0
SUN_PL_CONF90,RISK_RANKED,0.0,withheld_benefit_fraction,2000,1.0,1.0,1.0
SUN_PL_CONF90,RISK_RANKED,0.0,mean_deployed_dice,2000,0.6856883477776059,0.6200121020528738,0.7481391850174383
SUN_PL_CONF90,RISK_RANKED,0.0,median_deployed_dice,2000,0.8854982909015107,0.8410004650084862,0.9160821762626331
SUN_PL_CONF90,RISK_RANKED,0.0,mean_delta_vs_source,2000,0.0,0.0,0.0
SUN_PL_CONF90,RISK_RANKED,0.0,mean_delta_vs_adapt_all,2000,-0.0029988975267931793,-0.005281245952539762,-0.0007346400940398105
