setting,policy,requested_coverage,metric,bootstrap_valid,bootstrap_mean_delta,ci95_low,ci95_high
PolypGen_TENT1,RISK_RANKED_MINUS_RANDOM_EXPECTATION,1.0,harm_rate_among_adapted,2000,0.0,0.0,0.0
PolypGen_TENT1,RISK_RANKED_MINUS_RANDOM_EXPECTATION,1.0,benefit_rate_among_adapted,2000,0.0,0.0,0.0
PolypGen_TENT1,RISK_RANKED_MINUS_RANDOM_EXPECTATION,1.0,prevented_harm_fraction,2000,0.0,0.0,0.0
PolypGen_TENT1,RISK_RANKED_MINUS_RANDOM_EXPECTATION,1.0,withheld_benefit_fraction,2000,0.0,0.0,0.0
PolypGen_TENT1,RISK_RANKED_MINUS_RANDOM_EXPECTATION,1.0,mean_deployed_dice,2000,0.0,0.0,0.0
PolypGen_TENT1,RISK_RANKED_MINUS_RANDOM_EXPECTATION,1.0,mean_delta_vs_source,2000,0.0,0.0,0.0
PolypGen_TENT1,RISK_RANKED_MINUS_RANDOM_EXPECTATION,1.0,mean_delta_vs_adapt_all,2000,0.0,0.0,0.0
PolypGen_TENT1,RISK_RANKED_MINUS_RANDOM_EXPECTATION,0.9,harm_rate_among_adapted,2000,-0.03464157450340598,-0.038991870536098684,-0.030164604120141422
PolypGen_TENT1,RISK_RANKED_MINUS_RANDOM_EXPECTATION,0.9,benefit_rate_among_adapted,2000,0.005317756879014531,0.002637224962332698,0.0077066259952962395
PolypGen_TENT1,RISK_RANKED_MINUS_RANDOM_EXPECTATION,0.9,prevented_harm_fraction,2000,0.09159131791857197,0.07963293672194252,0.10400574236991286
PolypGen_TENT1,RISK_RANKED_MINUS_RANDOM_EXPECTATION,0.9,withheld_benefit_fraction,2000,-0.03331936115742047,-0.04817378087494159,-0.016810351092669873
PolypGen_TENT1,RISK_RANKED_MINUS_RANDOM_EXPECTATION,0.9,mean_deployed_dice,2000,0.016091217264416934,0.013517196371059035,0.018613061192709314
PolypGen_TENT1,RISK_RANKED_MINUS_RANDOM_EXPECTATION,0.9,mean_delta_vs_source,2000,0.01609121726441693,0.013517196371059062,0.01861306119270931
PolypGen_TENT1,RISK_RANKED_MINUS_RANDOM_EXPECTATION,0.9,mean_delta_vs_adapt_all,2000,0.016091217264416934,0.013517196371059035,0.018613061192709314
PolypGen_TENT1,RISK_RANKED_MINUS_RANDOM_EXPECTATION,0.8,harm_rate_among_adapted,2000,-0.06317516736405525,-0.06957994272023892,-0.05632374854716188
PolypGen_TENT1,RISK_RANKED_MINUS_RANDOM_EXPECTATION,0.8,benefit_rate_among_adapted,2000,0.010661930210642125,0.007057570197165159,0.01420357546117994
PolypGen_TENT1,RISK_RANKED_MINUS_RANDOM_EXPECTATION,0.8,prevented_harm_fraction,2000,0.1484583024287673,0.13175363657026437,0.16482558916186518
PolypGen_TENT1,RISK_RANKED_MINUS_RANDOM_EXPECTATION,0.8,withheld_benefit_fraction,2000,-0.05935631698314187,-0.07849006429809863,-0.03888894090587774
PolypGen_TENT1,RISK_RANKED_MINUS_RANDOM_EXPECTATION,0.8,mean_deployed_dice,2000,0.02243004473081619,0.019148156345685292,0.025607732139165243
PolypGen_TENT1,RISK_RANKED_MINUS_RANDOM_EXPECTATION,0.8,mean_delta_vs_source,2000,0.02243004473081619,0.01914815634568525,0.025607732139165215
PolypGen_TENT1,RISK_RANKED_MINUS_RANDOM_EXPECTATION,0.8,mean_delta_vs_adapt_all,2000,0.02243004473081619,0.019148156345685292,0.025607732139165243
PolypGen_TENT1,RISK_RANKED_MINUS_RANDOM_EXPECTATION,0.7,harm_rate_among_adapted,2000,-0.08241275424517928,-0.09213050703501287,-0.07279522254046265
PolypGen_TENT1,RISK_RANKED_MINUS_RANDOM_EXPECTATION,0.7,benefit_rate_among_adapted,2000,0.011408248008352398,0.005493368979386024,0.016829750603869282
PolypGen_TENT1,RISK_RANKED_MINUS_RANDOM_EXPECTATION,0.7,prevented_harm_fraction,2000,0.16944849071424284,0.14969088513027515,0.18879210404902697
PolypGen_TENT1,RISK_RANKED_MINUS_RANDOM_EXPECTATION,0.7,withheld_benefit_fraction,2000,-0.05557411126556612,-0.08168082868980422,-0.02671675268584652
PolypGen_TENT1,RISK_RANKED_MINUS_RANDOM_EXPECTATION,0.7,mean_deployed_dice,2000,0.022115638239236343,0.017967103253656073,0.02622701069537497
PolypGen_TENT1,RISK_RANKED_MINUS_RANDOM_EXPECTATION,0.7,mean_delta_vs_source,2000,0.022115638239236346,0.01796710325365611,0.02622701069537493
PolypGen_TENT1,RISK_RANKED_MINUS_RANDOM_EXPECTATION,0.7,mean_delta_vs_adapt_all,2000,0.022115638239236343,0.017967103253656073,0.02622701069537497
PolypGen_TENT1,RISK_RANKED_MINUS_RANDOM_EXPECTATION,0.6,harm_rate_among_adapted,2000,-0.0990090296128654,-0.11078000327243046,-0.08715861672275771
PolypGen_TENT1,RISK_RANKED_MINUS_RANDOM_EXPECTATION,0.6,benefit_rate_among_adapted,2000,0.012162269417177405,0.00541185918863714,0.019118797596776465
PolypGen_TENT1,RISK_RANKED_MINUS_RANDOM_EXPECTATION,0.6,prevented_harm_fraction,2000,0.17448055424066836,0.1539481787193204,0.19432991289548393
PolypGen_TENT1,RISK_RANKED_MINUS_RANDOM_EXPECTATION,0.6,withheld_benefit_fraction,2000,-0.05078020223183544,-0.07949108403264593,-0.02258738889963929
PolypGen_TENT1,RISK_RANKED_MINUS_RANDOM_EXPECTATION,0.6,mean_deployed_dice,2000,0.018159885951941648,0.01359729080405111,0.022537062407322766
PolypGen_TENT1,RISK_RANKED_MINUS_RANDOM_EXPECTATION,0.6,mean_delta_vs_source,2000,0.018159885951941648,0.013597290804051117,0.02253706240732276
PolypGen_TENT1,RISK_RANKED_MINUS_RANDOM_EXPECTATION,0.6,mean_delta_vs_adapt_all,2000,0.018159885951941648,0.01359729080405111,0.022537062407322766
PolypGen_TENT1,RISK_RANKED_MINUS_RANDOM_EXPECTATION,0.5,harm_rate_among_adapted,2000,-0.110370394545982,-0.1242384682332463,-0.09573179576443284
PolypGen_TENT1,RISK_RANKED_MINUS_RANDOM_EXPECTATION,0.5,benefit_rate_among_adapted,2000,0.009050261096605745,0.00014505366985784196,0.017914128227444148
PolypGen_TENT1,RISK_RANKED_MINUS_RANDOM_EXPECTATION,0.5,prevented_harm_fraction,2000,0.16208706594867542,0.1412660642425329,0.18185910623880733
PolypGen_TENT1,RISK_RANKED_MINUS_RANDOM_EXPECTATION,0.5,withheld_benefit_fraction,2000,-0.031471025531494556,-0.0614232731541906,-0.00048103827616881
PolypGen_TENT1,RISK_RANKED_MINUS_RANDOM_EXPECTATION,0.5,mean_deployed_dice,2000,0.012134003770769458,0.00734921383060691,0.016627197760803087
PolypGen_TENT1,RISK_RANKED_MINUS_RANDOM_EXPECTATION,0.5,mean_delta_vs_source,2000,0.012134003770769458,0.007349213830606965,0.016627197760803087
PolypGen_TENT1,RISK_RANKED_MINUS_RANDOM_EXPECTATION,0.5,mean_delta_vs_adapt_all,2000,0.012134003770769458,0.00734921383060691,0.016627197760803087
PolypGen_TENT1,RISK_RANKED_MINUS_RANDOM_EXPECTATION,0.4,harm_rate_among_adapted,2000,-0.10767077026523385,-0.12491919570304474,-0.08963234516671441
PolypGen_TENT1,RISK_RANKED_MINUS_RANDOM_EXPECTATION,0.4,benefit_rate_among_adapted,2000,0.008362020872473494,-0.0024635761423929987,0.01882763790553548
PolypGen_TENT1,RISK_RANKED_MINUS_RANDOM_EXPECTATION,0.4,prevented_harm_fraction,2000,0.12648644745661022,0.1057498494994463,0.1468161266477443
PolypGen_TENT1,RISK_RANKED_MINUS_RANDOM_EXPECTATION,0.4,withheld_benefit_fraction,2000,-0.023225606946075065,-0.05267393052849513,0.006937628287353466
PolypGen_TENT1,RISK_RANKED_MINUS_RANDOM_EXPECTATION,0.4,mean_deployed_dice,2000,0.005241840118964257,0.0002996765660162576,0.009975792977837203
PolypGen_TENT1,RISK_RANKED_MINUS_RANDOM_EXPECTATION,0.4,mean_delta_vs_source,2000,0.005241840118964256,0.0002996765660163117,0.009975792977837189
PolypGen_TENT1,RISK_RANKED_MINUS_RANDOM_EXPECTATION,0.4,mean_delta_vs_adapt_all,2000,0.005241840118964257,0.0002996765660162576,0.009975792977837203
PolypGen_TENT1,RISK_RANKED_MINUS_RANDOM_EXPECTATION,0.3,harm_rate_among_adapted,2000,-0.1117202843388611,-0.13352561712340336,-0.08925384827105565
PolypGen_TENT1,RISK_RANKED_MINUS_RANDOM_EXPECTATION,0.3,benefit_rate_among_adapted,2000,0.019201786804492905,0.004994168744272906,0.03299527341073643
PolypGen_TENT1,RISK_RANKED_MINUS_RANDOM_EXPECTATION,0.3,prevented_harm_fraction,2000,0.0984428825538322,0.07838702611499287,0.117150774873194
PolypGen_TENT1,RISK_RANKED_MINUS_RANDOM_EXPECTATION,0.3,withheld_benefit_fraction,2000,-0.0400180627994109,-0.0682179010373475,-0.010711307638417523
PolypGen_TENT1,RISK_RANKED_MINUS_RANDOM_EXPECTATION,0.3,mean_deployed_dice,2000,-0.000495441353272111,-0.005838894099098738,0.004607792738560466
PolypGen_TENT1,RISK_RANKED_MINUS_RANDOM_EXPECTATION,0.3,mean_delta_vs_source,2000,-0.0004954413532721106,-0.005838894099098734,0.0046077927385604605
PolypGen_TENT1,RISK_RANKED_MINUS_RANDOM_EXPECTATION,0.3,mean_delta_vs_adapt_all,2000,-0.000495441353272111,-0.005838894099098738,0.004607792738560466
PolypGen_TENT1,RISK_RANKED_MINUS_RANDOM_EXPECTATION,0.2,harm_rate_among_adapted,2000,-0.0739515605418675,-0.10563888515472984,-0.04130509751624784
PolypGen_TENT1,RISK_RANKED_MINUS_RANDOM_EXPECTATION,0.2,benefit_rate_among_adapted,2000,0.03581378164489389,0.016223375972169895,0.054800026054963036
PolypGen_TENT1,RISK_RANKED_MINUS_RANDOM_EXPECTATION,0.2,prevented_harm_fraction,2000,0.04344582710299197,0.024074998730709986,0.061848523493649755
PolypGen_TENT1,RISK_RANKED_MINUS_RANDOM_EXPECTATION,0.2,withheld_benefit_fraction,2000,-0.04977489455209081,-0.07532741706406983,-0.02235621273820847
PolypGen_TENT1,RISK_RANKED_MINUS_RANDOM_EXPECTATION,0.2,mean_deployed_dice,2000,-0.008160429432197034,-0.014038347767405614,-0.002846648957520922
PolypGen_TENT1,RISK_RANKED_MINUS_RANDOM_EXPECTATION,0.2,mean_delta_vs_source,2000,-0.008160429432197034,-0.014038347767405614,-0.002846648957520869
PolypGen_TENT1,RISK_RANKED_MINUS_RANDOM_EXPECTATION,0.2,mean_delta_vs_adapt_all,2000,-0.008160429432197034,-0.014038347767405614,-0.002846648957520922
PolypGen_TENT1,RISK_RANKED_MINUS_RANDOM_EXPECTATION,0.1,harm_rate_among_adapted,2000,0.03679789558576123,-0.02014834525213776,0.09617785157738241
PolypGen_TENT1,RISK_RANKED_MINUS_RANDOM_EXPECTATION,0.1,benefit_rate_among_adapted,2000,0.1575162834578018,0.11758861606386824,0.19766484366075485
PolypGen_TENT1,RISK_RANKED_MINUS_RANDOM_EXPECTATION,0.1,prevented_harm_fraction,2000,-0.010815692853216841,-0.028569037766316353,0.005899788655089803
PolypGen_TENT1,RISK_RANKED_MINUS_RANDOM_EXPECTATION,0.1,withheld_benefit_fraction,2000,-0.10953449227104445,-0.13533927505162605,-0.08359413002407089
PolypGen_TENT1,RISK_RANKED_MINUS_RANDOM_EXPECTATION,0.1,mean_deployed_dice,2000,-0.01453108611768299,-0.02061974006934744,-0.008797814479221473
PolypGen_TENT1,RISK_RANKED_MINUS_RANDOM_EXPECTATION,0.1,mean_delta_vs_source,2000,-0.014531086117682992,-0.020619740069347445,-0.008797814479221459
PolypGen_TENT1,RISK_RANKED_MINUS_RANDOM_EXPECTATION,0.1,mean_delta_vs_adapt_all,2000,-0.01453108611768299,-0.02061974006934744,-0.008797814479221473
PolypGen_TENT1,RISK_RANKED_MINUS_RANDOM_EXPECTATION,0.0,harm_rate_among_adapted,0,,,
PolypGen_TENT1,RISK_RANKED_MINUS_RANDOM_EXPECTATION,0.0,benefit_rate_among_adapted,0,,,
PolypGen_TENT1,RISK_RANKED_MINUS_RANDOM_EXPECTATION,0.0,prevented_harm_fraction,2000,0.0,0.0,0.0
PolypGen_TENT1,RISK_RANKED_MINUS_RANDOM_EXPECTATION,0.0,withheld_benefit_fraction,2000,0.0,0.0,0.0
PolypGen_TENT1,RISK_RANKED_MINUS_RANDOM_EXPECTATION,0.0,mean_deployed_dice,2000,0.0,0.0,0.0
PolypGen_TENT1,RISK_RANKED_MINUS_RANDOM_EXPECTATION,0.0,mean_delta_vs_source,2000,0.0,0.0,0.0
PolypGen_TENT1,RISK_RANKED_MINUS_RANDOM_EXPECTATION,0.0,mean_delta_vs_adapt_all,2000,0.0,0.0,0.0
SUN_TENT1,RISK_RANKED_MINUS_RANDOM_EXPECTATION,1.0,harm_rate_among_adapted,2000,0.0,0.0,0.0
SUN_TENT1,RISK_RANKED_MINUS_RANDOM_EXPECTATION,1.0,benefit_rate_among_adapted,2000,0.0,0.0,0.0
SUN_TENT1,RISK_RANKED_MINUS_RANDOM_EXPECTATION,1.0,prevented_harm_fraction,2000,0.0,0.0,0.0
SUN_TENT1,RISK_RANKED_MINUS_RANDOM_EXPECTATION,1.0,withheld_benefit_fraction,2000,0.0,0.0,0.0
SUN_TENT1,RISK_RANKED_MINUS_RANDOM_EXPECTATION,1.0,mean_deployed_dice,2000,0.0,0.0,0.0
SUN_TENT1,RISK_RANKED_MINUS_RANDOM_EXPECTATION,1.0,mean_delta_vs_source,2000,0.0,0.0,0.0
SUN_TENT1,RISK_RANKED_MINUS_RANDOM_EXPECTATION,1.0,mean_delta_vs_adapt_all,2000,0.0,0.0,0.0
SUN_TENT1,RISK_RANKED_MINUS_RANDOM_EXPECTATION,0.9,harm_rate_among_adapted,2000,-0.018410758377425042,-0.025787666918619296,-0.01153943058704962
SUN_TENT1,RISK_RANKED_MINUS_RANDOM_EXPECTATION,0.9,benefit_rate_among_adapted,2000,0.0032351158982111368,-0.006513290501385734,0.011817208364827447
SUN_TENT1,RISK_RANKED_MINUS_RANDOM_EXPECTATION,0.9,prevented_harm_fraction,2000,0.07382331804716594,0.04549185384136513,0.10543240312731839
SUN_TENT1,RISK_RANKED_MINUS_RANDOM_EXPECTATION,0.9,withheld_benefit_fraction,2000,-0.010146295688130804,-0.03718881654538489,0.020085963073396232
SUN_TENT1,RISK_RANKED_MINUS_RANDOM_EXPECTATION,0.9,mean_deployed_dice,2000,0.00892790051433889,0.0030169808254209784,0.0138702998658387
SUN_TENT1,RISK_RANKED_MINUS_RANDOM_EXPECTATION,0.9,mean_delta_vs_source,2000,0.00892790051433889,0.003016980825421032,0.013870299865838709
SUN_TENT1,RISK_RANKED_MINUS_RANDOM_EXPECTATION,0.9,mean_delta_vs_adapt_all,2000,0.00892790051433889,0.0030169808254209784,0.0138702998658387
SUN_TENT1,RISK_RANKED_MINUS_RANDOM_EXPECTATION,0.8,harm_rate_among_adapted,2000,-0.03766208900226758,-0.05019912131519276,-0.026726899092970546
SUN_TENT1,RISK_RANKED_MINUS_RANDOM_EXPECTATION,0.8,benefit_rate_among_adapted,2000,0.0015962585034013602,-0.012614795918367366,0.01743268140589572
SUN_TENT1,RISK_RANKED_MINUS_RANDOM_EXPECTATION,0.8,prevented_harm_fraction,2000,0.13421877030780988,0.09302873744268265,0.18025581347449074
SUN_TENT1,RISK_RANKED_MINUS_RANDOM_EXPECTATION,0.8,withheld_benefit_fraction,2000,-0.004155969388173622,-0.04723009512640078,0.03520537034930028
SUN_TENT1,RISK_RANKED_MINUS_RANDOM_EXPECTATION,0.8,mean_deployed_dice,2000,0.014197460361234994,0.0069316478640307905,0.0217248114571287
SUN_TENT1,RISK_RANKED_MINUS_RANDOM_EXPECTATION,0.8,mean_delta_vs_source,2000,0.014197460361234992,0.00693164786403079,0.02172481145712874
SUN_TENT1,RISK_RANKED_MINUS_RANDOM_EXPECTATION,0.8,mean_delta_vs_adapt_all,2000,0.014197460361234994,0.0069316478640307905,0.0217248114571287
SUN_TENT1,RISK_RANKED_MINUS_RANDOM_EXPECTATION,0.7,harm_rate_among_adapted,2000,-0.05448279883381925,-0.07107264334305151,-0.04037779397473276
SUN_TENT1,RISK_RANKED_MINUS_RANDOM_EXPECTATION,0.7,benefit_rate_among_adapted,2000,4.754616132167143e-05,-0.016925817946226107,0.017427923550372537
SUN_TENT1,RISK_RANKED_MINUS_RANDOM_EXPECTATION,0.7,prevented_harm_fraction,2000,0.16987692356114548,0.12220743943257194,0.22584403062521471
SUN_TENT1,RISK_RANKED_MINUS_RANDOM_EXPECTATION,0.7,withheld_benefit_fraction,2000,0.0003346626301171474,-0.04052808249172199,0.04356255420431638
SUN_TENT1,RISK_RANKED_MINUS_RANDOM_EXPECTATION,0.7,mean_deployed_dice,2000,0.016646595070194944,0.009606172096533892,0.024492889316576085
SUN_TENT1,RISK_RANKED_MINUS_RANDOM_EXPECTATION,0.7,mean_delta_vs_source,2000,0.016646595070194947,0.009606172096533935,0.02449288931657612
SUN_TENT1,RISK_RANKED_MINUS_RANDOM_EXPECTATION,0.7,mean_delta_vs_adapt_all,2000,0.016646595070194944,0.009606172096533892,0.024492889316576085
SUN_TENT1,RISK_RANKED_MINUS_RANDOM_EXPECTATION,0.6,harm_rate_among_adapted,2000,-0.07296313303099018,-0.09395691609977325,-0.05453420256991685
SUN_TENT1,RISK_RANKED_MINUS_RANDOM_EXPECTATION,0.6,benefit_rate_among_adapted,2000,-0.0013376984126984128,-0.021360544217687093,0.02048941798941791
SUN_TENT1,RISK_RANKED_MINUS_RANDOM_EXPECTATION,0.6,prevented_harm_fraction,2000,0.195098016332779,0.13985666947913947,0.25956341604416283
SUN_TENT1,RISK_RANKED_MINUS_RANDOM_EXPECTATION,0.6,withheld_benefit_fraction,2000,0.0034596092046596727,-0.040106805332662025,0.04752102578881398
SUN_TENT1,RISK_RANKED_MINUS_RANDOM_EXPECTATION,0.6,mean_deployed_dice,2000,0.019767401247853016,0.012727384828810268,0.027313353659237278
SUN_TENT1,RISK_RANKED_MINUS_RANDOM_EXPECTATION,0.6,mean_delta_vs_source,2000,0.019767401247853016,0.012727384828810247,0.027313353659237302
SUN_TENT1,RISK_RANKED_MINUS_RANDOM_EXPECTATION,0.6,mean_delta_vs_adapt_all,2000,0.019767401247853016,0.012727384828810268,0.027313353659237278
SUN_TENT1,RISK_RANKED_MINUS_RANDOM_EXPECTATION,0.5,harm_rate_among_adapted,2000,-0.08955351473922903,-0.11451530612244899,-0.06439625850340137
SUN_TENT1,RISK_RANKED_MINUS_RANDOM_EXPECTATION,0.5,benefit_rate_among_adapted,2000,0.004713435374149659,-0.019506802721088453,0.0294897959183673
SUN_TENT1,RISK_RANKED_MINUS_RANDOM_EXPECTATION,0.5,prevented_harm_fraction,2000,0.19961213276509404,0.13632373647547055,0.26349778750812847
SUN_TENT1,RISK_RANKED_MINUS_RANDOM_EXPECTATION,0.5,withheld_benefit_fraction,2000,-0.007271502772512124,-0.048110223612369864,0.036304092738040916
SUN_TENT1,RISK_RANKED_MINUS_RANDOM_EXPECTATION,0.5,mean_deployed_dice,2000,0.022173438019915816,0.014968506201314022,0.030235563446296455
SUN_TENT1,RISK_RANKED_MINUS_RANDOM_EXPECTATION,0.5,mean_delta_vs_source,2000,0.022173438019915816,0.014968506201314022,0.03023556344629651
SUN_TENT1,RISK_RANKED_MINUS_RANDOM_EXPECTATION,0.5,mean_delta_vs_adapt_all,2000,0.022173438019915816,0.014968506201314022,0.030235563446296455
SUN_TENT1,RISK_RANKED_MINUS_RANDOM_EXPECTATION,0.4,harm_rate_among_adapted,2000,-0.11128092403628118,-0.1395734126984127,-0.08140164399092972
SUN_TENT1,RISK_RANKED_MINUS_RANDOM_EXPECTATION,0.4,benefit_rate_among_adapted,2000,0.027486281179138324,-0.0030640589569160825,0.05878684807256235
SUN_TENT1,RISK_RANKED_MINUS_RANDOM_EXPECTATION,0.4,prevented_harm_fraction,2000,0.1984544149858967,0.1379098276650427,0.2559231966535337
SUN_TENT1,RISK_RANKED_MINUS_RANDOM_EXPECTATION,0.4,withheld_benefit_fraction,2000,-0.03707346061477416,-0.07627781723944935,0.00468361973668768
SUN_TENT1,RISK_RANKED_MINUS_RANDOM_EXPECTATION,0.4,mean_deployed_dice,2000,0.026337103082466482,0.01918931072261372,0.033588784206229634
SUN_TENT1,RISK_RANKED_MINUS_RANDOM_EXPECTATION,0.4,mean_delta_vs_source,2000,0.02633710308246648,0.019189310722613675,0.033588784206229655
SUN_TENT1,RISK_RANKED_MINUS_RANDOM_EXPECTATION,0.4,mean_delta_vs_adapt_all,2000,0.026337103082466482,0.01918931072261372,0.033588784206229634
SUN_TENT1,RISK_RANKED_MINUS_RANDOM_EXPECTATION,0.3,harm_rate_among_adapted,2000,-0.13489009826152681,-0.168901171579743,-0.09258125472411192
SUN_TENT1,RISK_RANKED_MINUS_RANDOM_EXPECTATION,0.3,benefit_rate_among_adapted,2000,0.07651547619047619,0.03182067271352984,0.1253221844293273
SUN_TENT1,RISK_RANKED_MINUS_RANDOM_EXPECTATION,0.3,prevented_harm_fraction,2000,0.18019072680239248,0.12148525308115657,0.23044600723172143
SUN_TENT1,RISK_RANKED_MINUS_RANDOM_EXPECTATION,0.3,withheld_benefit_fraction,2000,-0.07827800053535522,-0.11954550127679436,-0.03628538239692373
SUN_TENT1,RISK_RANKED_MINUS_RANDOM_EXPECTATION,0.3,mean_deployed_dice,2000,0.030656500744136856,0.022617396309679644,0.03857685971204507
SUN_TENT1,RISK_RANKED_MINUS_RANDOM_EXPECTATION,0.3,mean_delta_vs_source,2000,0.030656500744136856,0.0226173963096797,0.03857685971204504
SUN_TENT1,RISK_RANKED_MINUS_RANDOM_EXPECTATION,0.3,mean_delta_vs_adapt_all,2000,0.030656500744136856,0.022617396309679644,0.03857685971204507
SUN_TENT1,RISK_RANKED_MINUS_RANDOM_EXPECTATION,0.2,harm_rate_among_adapted,2000,-0.15375668934240364,-0.20714285714285713,-0.0893424036281179
SUN_TENT1,RISK_RANKED_MINUS_RANDOM_EXPECTATION,0.2,benefit_rate_among_adapted,2000,0.1932674603174603,0.11699829931972791,0.27914399092970515
SUN_TENT1,RISK_RANKED_MINUS_RANDOM_EXPECTATION,0.2,prevented_harm_fraction,2000,0.13679390638603955,0.07731860834426701,0.18394277457261543
SUN_TENT1,RISK_RANKED_MINUS_RANDOM_EXPECTATION,0.2,withheld_benefit_fraction,2000,-0.13236366123624602,-0.17566604477943953,-0.0885447512085372
SUN_TENT1,RISK_RANKED_MINUS_RANDOM_EXPECTATION,0.2,mean_deployed_dice,2000,0.03438784958627424,0.02538863143979244,0.04338727015550721
SUN_TENT1,RISK_RANKED_MINUS_RANDOM_EXPECTATION,0.2,mean_delta_vs_source,2000,0.03438784958627424,0.0253886314397924,0.04338727015550723
SUN_TENT1,RISK_RANKED_MINUS_RANDOM_EXPECTATION,0.2,mean_delta_vs_adapt_all,2000,0.03438784958627424,0.02538863143979244,0.04338727015550721
SUN_TENT1,RISK_RANKED_MINUS_RANDOM_EXPECTATION,0.1,harm_rate_among_adapted,2000,-0.21402823129251702,-0.24966836734693879,-0.15407312925170075
SUN_TENT1,RISK_RANKED_MINUS_RANDOM_EXPECTATION,0.1,benefit_rate_among_adapted,2000,0.40148656462585036,0.2800453514739229,0.5044246031746031
SUN_TENT1,RISK_RANKED_MINUS_RANDOM_EXPECTATION,0.1,prevented_harm_fraction,2000,0.09505021594460396,0.06763976623675945,0.09999999999999998
SUN_TENT1,RISK_RANKED_MINUS_RANDOM_EXPECTATION,0.1,withheld_benefit_fraction,2000,-0.13924557709641483,-0.18116360461532943,-0.09140968999949593
SUN_TENT1,RISK_RANKED_MINUS_RANDOM_EXPECTATION,0.1,mean_deployed_dice,2000,0.028347019137642007,0.01822261262140287,0.036953171718011955
SUN_TENT1,RISK_RANKED_MINUS_RANDOM_EXPECTATION,0.1,mean_delta_vs_source,2000,0.028347019137642007,0.018222612621402904,0.036953171718012
SUN_TENT1,RISK_RANKED_MINUS_RANDOM_EXPECTATION,0.1,mean_delta_vs_adapt_all,2000,0.028347019137642007,0.01822261262140287,0.036953171718011955
SUN_TENT1,RISK_RANKED_MINUS_RANDOM_EXPECTATION,0.0,harm_rate_among_adapted,0,,,
SUN_TENT1,RISK_RANKED_MINUS_RANDOM_EXPECTATION,0.0,benefit_rate_among_adapted,0,,,
SUN_TENT1,RISK_RANKED_MINUS_RANDOM_EXPECTATION,0.0,prevented_harm_fraction,2000,0.0,0.0,0.0
SUN_TENT1,RISK_RANKED_MINUS_RANDOM_EXPECTATION,0.0,withheld_benefit_fraction,2000,0.0,0.0,0.0
SUN_TENT1,RISK_RANKED_MINUS_RANDOM_EXPECTATION,0.0,mean_deployed_dice,2000,0.0,0.0,0.0
SUN_TENT1,RISK_RANKED_MINUS_RANDOM_EXPECTATION,0.0,mean_delta_vs_source,2000,0.0,0.0,0.0
SUN_TENT1,RISK_RANKED_MINUS_RANDOM_EXPECTATION,0.0,mean_delta_vs_adapt_all,2000,0.0,0.0,0.0
SUN_PL_CONF90,RISK_RANKED_MINUS_RANDOM_EXPECTATION,1.0,harm_rate_among_adapted,2000,0.0,0.0,0.0
SUN_PL_CONF90,RISK_RANKED_MINUS_RANDOM_EXPECTATION,1.0,benefit_rate_among_adapted,2000,0.0,0.0,0.0
SUN_PL_CONF90,RISK_RANKED_MINUS_RANDOM_EXPECTATION,1.0,prevented_harm_fraction,2000,0.0,0.0,0.0
SUN_PL_CONF90,RISK_RANKED_MINUS_RANDOM_EXPECTATION,1.0,withheld_benefit_fraction,2000,0.0,0.0,0.0
SUN_PL_CONF90,RISK_RANKED_MINUS_RANDOM_EXPECTATION,1.0,mean_deployed_dice,2000,0.0,0.0,0.0
SUN_PL_CONF90,RISK_RANKED_MINUS_RANDOM_EXPECTATION,1.0,mean_delta_vs_source,2000,0.0,0.0,0.0
SUN_PL_CONF90,RISK_RANKED_MINUS_RANDOM_EXPECTATION,1.0,mean_delta_vs_adapt_all,2000,0.0,0.0,0.0
SUN_PL_CONF90,RISK_RANKED_MINUS_RANDOM_EXPECTATION,0.9,harm_rate_among_adapted,2000,-0.0008673469387755105,-0.006588876291257238,0.003527336860670194
SUN_PL_CONF90,RISK_RANKED_MINUS_RANDOM_EXPECTATION,0.9,benefit_rate_among_adapted,2000,-0.0034092592592592594,-0.011438649533887624,0.003073822121441167
SUN_PL_CONF90,RISK_RANKED_MINUS_RANDOM_EXPECTATION,0.9,prevented_harm_fraction,2000,0.006498607077573185,-0.026246153163283402,0.048181820544464404
SUN_PL_CONF90,RISK_RANKED_MINUS_RANDOM_EXPECTATION,0.9,withheld_benefit_fraction,2000,0.026311070429604278,-0.025000608568646523,0.0863962621885157
SUN_PL_CONF90,RISK_RANKED_MINUS_RANDOM_EXPECTATION,0.9,mean_deployed_dice,2000,-0.0003417256478749685,-0.0010420396964172906,0.0003287301111300234
SUN_PL_CONF90,RISK_RANKED_MINUS_RANDOM_EXPECTATION,0.9,mean_delta_vs_source,2000,-0.00034172564787496946,-0.001042039696417312,0.00032873011113006593
SUN_PL_CONF90,RISK_RANKED_MINUS_RANDOM_EXPECTATION,0.9,mean_delta_vs_adapt_all,2000,-0.0003417256478749685,-0.0010420396964172906,0.0003287301111300234
SUN_PL_CONF90,RISK_RANKED_MINUS_RANDOM_EXPECTATION,0.8,harm_rate_among_adapted,2000,-0.009336663832199546,-0.01927437641723355,0.00014243197278910737
SUN_PL_CONF90,RISK_RANKED_MINUS_RANDOM_EXPECTATION,0.8,benefit_rate_among_adapted,2000,-0.013773582766439908,-0.024859693877551034,-0.00291595804988664
SUN_PL_CONF90,RISK_RANKED_MINUS_RANDOM_EXPECTATION,0.8,prevented_harm_fraction,2000,0.06236795934938508,-0.000969781066913306,0.12805926779916244
SUN_PL_CONF90,RISK_RANKED_MINUS_RANDOM_EXPECTATION,0.8,withheld_benefit_fraction,2000,0.09556060548084991,0.020154102443421012,0.17226297208157196
SUN_PL_CONF90,RISK_RANKED_MINUS_RANDOM_EXPECTATION,0.8,mean_deployed_dice,2000,-0.00033223716383284186,-0.0012792550172157607,0.0006601137461480901
SUN_PL_CONF90,RISK_RANKED_MINUS_RANDOM_EXPECTATION,0.8,mean_delta_vs_source,2000,-0.00033223716383284094,-0.0012792550172158032,0.0006601137461480685
SUN_PL_CONF90,RISK_RANKED_MINUS_RANDOM_EXPECTATION,0.8,mean_delta_vs_adapt_all,2000,-0.00033223716383284186,-0.0012792550172157607,0.0006601137461480901
SUN_PL_CONF90,RISK_RANKED_MINUS_RANDOM_EXPECTATION,0.7,harm_rate_among_adapted,2000,-0.017406786524133463,-0.02919096209912536,-0.005634920634920645
SUN_PL_CONF90,RISK_RANKED_MINUS_RANDOM_EXPECTATION,0.7,benefit_rate_among_adapted,2000,-0.026682636864269516,-0.0412568837058633,-0.012098720440557178
SUN_PL_CONF90,RISK_RANKED_MINUS_RANDOM_EXPECTATION,0.7,prevented_harm_fraction,2000,0.10172508504218714,0.03235088551047286,0.1765594869987002
SUN_PL_CONF90,RISK_RANKED_MINUS_RANDOM_EXPECTATION,0.7,withheld_benefit_fraction,2000,0.16188751584083,0.07323588117881877,0.24953677105277028
SUN_PL_CONF90,RISK_RANKED_MINUS_RANDOM_EXPECTATION,0.7,mean_deployed_dice,2000,-0.0004934112814165668,-0.0017005595176979803,0.0007505331822819648
SUN_PL_CONF90,RISK_RANKED_MINUS_RANDOM_EXPECTATION,0.7,mean_delta_vs_source,2000,-0.0004934112814165669,-0.0017005595176980354,0.0007505331822819766
SUN_PL_CONF90,RISK_RANKED_MINUS_RANDOM_EXPECTATION,0.7,mean_delta_vs_adapt_all,2000,-0.0004934112814165668,-0.0017005595176979803,0.0007505331822819648
SUN_PL_CONF90,RISK_RANKED_MINUS_RANDOM_EXPECTATION,0.6,harm_rate_among_adapted,2000,-0.029372826908541195,-0.04395597127739985,-0.014964096749811041
SUN_PL_CONF90,RISK_RANKED_MINUS_RANDOM_EXPECTATION,0.6,benefit_rate_among_adapted,2000,-0.04010436507936508,-0.05673280423280424,-0.023544028722600172
SUN_PL_CONF90,RISK_RANKED_MINUS_RANDOM_EXPECTATION,0.6,prevented_harm_fraction,2000,0.14721011255992836,0.07079435547804024,0.2285026866702929
SUN_PL_CONF90,RISK_RANKED_MINUS_RANDOM_EXPECTATION,0.6,withheld_benefit_fraction,2000,0.20856855114478662,0.12541313559322037,0.2938510873299107
SUN_PL_CONF90,RISK_RANKED_MINUS_RANDOM_EXPECTATION,0.6,mean_deployed_dice,2000,-0.00043945974211585483,-0.0017046530083831475,0.0008267760234338578
SUN_PL_CONF90,RISK_RANKED_MINUS_RANDOM_EXPECTATION,0.6,mean_delta_vs_source,2000,-0.0004394597421158553,-0.001704653008383191,0.0008267760234338578
SUN_PL_CONF90,RISK_RANKED_MINUS_RANDOM_EXPECTATION,0.6,mean_delta_vs_adapt_all,2000,-0.00043945974211585483,-0.0017046530083831475,0.0008267760234338578
SUN_PL_CONF90,RISK_RANKED_MINUS_RANDOM_EXPECTATION,0.5,harm_rate_among_adapted,2000,-0.04583820861678005,-0.06315476190476191,-0.02800453514739229
SUN_PL_CONF90,RISK_RANKED_MINUS_RANDOM_EXPECTATION,0.5,benefit_rate_among_adapted,2000,-0.05237267573696146,-0.0704081632653061,-0.034920634920634935
SUN_PL_CONF90,RISK_RANKED_MINUS_RANDOM_EXPECTATION,0.5,prevented_harm_fraction,2000,0.19152751067599633,0.10992077248018968,0.27430175293322917
SUN_PL_CONF90,RISK_RANKED_MINUS_RANDOM_EXPECTATION,0.5,withheld_benefit_fraction,2000,0.22686620551044165,0.1573623441044038,0.29417805593445484
SUN_PL_CONF90,RISK_RANKED_MINUS_RANDOM_EXPECTATION,0.5,mean_deployed_dice,2000,-3.352119271041887e-05,-0.0010921130225606645,0.0010674796967758383
SUN_PL_CONF90,RISK_RANKED_MINUS_RANDOM_EXPECTATION,0.5,mean_delta_vs_source,2000,-3.3521192710419453e-05,-0.0010921130225607172,0.0010674796967757843
SUN_PL_CONF90,RISK_RANKED_MINUS_RANDOM_EXPECTATION,0.5,mean_delta_vs_adapt_all,2000,-3.352119271041887e-05,-0.0010921130225606645,0.0010674796967758383
SUN_PL_CONF90,RISK_RANKED_MINUS_RANDOM_EXPECTATION,0.4,harm_rate_among_adapted,2000,-0.06353202947845805,-0.08225623582766439,-0.04426870748299324
SUN_PL_CONF90,RISK_RANKED_MINUS_RANDOM_EXPECTATION,0.4,benefit_rate_among_adapted,2000,-0.06437987528344671,-0.08435515873015872,-0.04552012471655329
SUN_PL_CONF90,RISK_RANKED_MINUS_RANDOM_EXPECTATION,0.4,prevented_harm_fraction,2000,0.21178806421747418,0.14168218605262972,0.28051565857093086
SUN_PL_CONF90,RISK_RANKED_MINUS_RANDOM_EXPECTATION,0.4,withheld_benefit_fraction,2000,0.2233579912045406,0.16143103658909044,0.28584228425346564
SUN_PL_CONF90,RISK_RANKED_MINUS_RANDOM_EXPECTATION,0.4,mean_deployed_dice,2000,0.000547113670069807,-0.0005171830099156699,0.0016658374462824664
SUN_PL_CONF90,RISK_RANKED_MINUS_RANDOM_EXPECTATION,0.4,mean_delta_vs_source,2000,0.0005471136700698076,-0.000517183009915671,0.0016658374462824236
SUN_PL_CONF90,RISK_RANKED_MINUS_RANDOM_EXPECTATION,0.4,mean_delta_vs_adapt_all,2000,0.000547113670069807,-0.0005171830099156699,0.0016658374462824664
SUN_PL_CONF90,RISK_RANKED_MINUS_RANDOM_EXPECTATION,0.3,harm_rate_among_adapted,2000,-0.08374735449735447,-0.1037802343159486,-0.06314814814814818
SUN_PL_CONF90,RISK_RANKED_MINUS_RANDOM_EXPECTATION,0.3,benefit_rate_among_adapted,2000,-0.07482441421012849,-0.09210222978080121,-0.058274754346182935
SUN_PL_CONF90,RISK_RANKED_MINUS_RANDOM_EXPECTATION,0.3,prevented_harm_fraction,2000,0.2089408321650622,0.15604749921358924,0.25583383000183385
SUN_PL_CONF90,RISK_RANKED_MINUS_RANDOM_EXPECTATION,0.3,withheld_benefit_fraction,2000,0.19442251667163224,0.16022004610991486,0.2254950898335773
SUN_PL_CONF90,RISK_RANKED_MINUS_RANDOM_EXPECTATION,0.3,mean_deployed_dice,2000,0.0011985546582030694,0.00019706588384371394,0.0022727608359692144
SUN_PL_CONF90,RISK_RANKED_MINUS_RANDOM_EXPECTATION,0.3,mean_delta_vs_source,2000,0.0011985546582030703,0.0001970658838437131,0.002272760835969213
SUN_PL_CONF90,RISK_RANKED_MINUS_RANDOM_EXPECTATION,0.3,mean_delta_vs_adapt_all,2000,0.0011985546582030694,0.00019706588384371394,0.0022727608359692144
SUN_PL_CONF90,RISK_RANKED_MINUS_RANDOM_EXPECTATION,0.2,harm_rate_among_adapted,2000,-0.10564143990929704,-0.12505952380952381,-0.08457766439909299
SUN_PL_CONF90,RISK_RANKED_MINUS_RANDOM_EXPECTATION,0.2,benefit_rate_among_adapted,2000,-0.07281524943310658,-0.08979591836734693,-0.05543083900226763
SUN_PL_CONF90,RISK_RANKED_MINUS_RANDOM_EXPECTATION,0.2,prevented_harm_fraction,2000,0.17534461186832492,0.14485464045869786,0.1938384339178177
SUN_PL_CONF90,RISK_RANKED_MINUS_RANDOM_EXPECTATION,0.2,withheld_benefit_fraction,2000,0.126071564618765,0.10166728185800727,0.14707107932237895
SUN_PL_CONF90,RISK_RANKED_MINUS_RANDOM_EXPECTATION,0.2,mean_deployed_dice,2000,0.0018193380545408746,0.0008126864852777166,0.002958223261499101
SUN_PL_CONF90,RISK_RANKED_MINUS_RANDOM_EXPECTATION,0.2,mean_delta_vs_source,2000,0.0018193380545408738,0.0008126864852777393,0.0029582232614991442
SUN_PL_CONF90,RISK_RANKED_MINUS_RANDOM_EXPECTATION,0.2,mean_delta_vs_adapt_all,2000,0.0018193380545408746,0.0008126864852777166,0.002958223261499101
SUN_PL_CONF90,RISK_RANKED_MINUS_RANDOM_EXPECTATION,0.1,harm_rate_among_adapted,2000,-0.12041553287981858,-0.1380952380952381,-0.10238095238095238
SUN_PL_CONF90,RISK_RANKED_MINUS_RANDOM_EXPECTATION,0.1,benefit_rate_among_adapted,2000,-0.06834047619047619,-0.09331916099773244,-0.04364795918367348
SUN_PL_CONF90,RISK_RANKED_MINUS_RANDOM_EXPECTATION,0.1,prevented_harm_fraction,2000,0.09987401876857288,0.0981847861790263,0.09999999999999998
SUN_PL_CONF90,RISK_RANKED_MINUS_RANDOM_EXPECTATION,0.1,withheld_benefit_fraction,2000,0.059100576731506725,0.04062162208927153,0.07718028374046598
SUN_PL_CONF90,RISK_RANKED_MINUS_RANDOM_EXPECTATION,0.1,mean_deployed_dice,2000,0.0014269498440691235,0.0004167504646449688,0.0025901419158199817
SUN_PL_CONF90,RISK_RANKED_MINUS_RANDOM_EXPECTATION,0.1,mean_delta_vs_source,2000,0.0014269498440691226,0.0004167504646450132,0.002590141915820014
SUN_PL_CONF90,RISK_RANKED_MINUS_RANDOM_EXPECTATION,0.1,mean_delta_vs_adapt_all,2000,0.0014269498440691235,0.0004167504646449688,0.0025901419158199817
SUN_PL_CONF90,RISK_RANKED_MINUS_RANDOM_EXPECTATION,0.0,harm_rate_among_adapted,0,,,
SUN_PL_CONF90,RISK_RANKED_MINUS_RANDOM_EXPECTATION,0.0,benefit_rate_among_adapted,0,,,
SUN_PL_CONF90,RISK_RANKED_MINUS_RANDOM_EXPECTATION,0.0,prevented_harm_fraction,2000,0.0,0.0,0.0
SUN_PL_CONF90,RISK_RANKED_MINUS_RANDOM_EXPECTATION,0.0,withheld_benefit_fraction,2000,0.0,0.0,0.0
SUN_PL_CONF90,RISK_RANKED_MINUS_RANDOM_EXPECTATION,0.0,mean_deployed_dice,2000,0.0,0.0,0.0
SUN_PL_CONF90,RISK_RANKED_MINUS_RANDOM_EXPECTATION,0.0,mean_delta_vs_source,2000,0.0,0.0,0.0
SUN_PL_CONF90,RISK_RANKED_MINUS_RANDOM_EXPECTATION,0.0,mean_delta_vs_adapt_all,2000,0.0,0.0,0.0
