setting,policy,requested_coverage,metric,selective_value,random_expected_value,delta
PolypGen_TENT1,RISK_RANKED_MINUS_RANDOM_EXPECTATION,1.0,harm_rate_among_adapted,0.34051348999129677,0.34051348999129677,0.0
PolypGen_TENT1,RISK_RANKED_MINUS_RANDOM_EXPECTATION,1.0,benefit_rate_among_adapted,0.14367565999419785,0.14367565999419785,0.0
PolypGen_TENT1,RISK_RANKED_MINUS_RANDOM_EXPECTATION,1.0,prevented_harm_fraction,0.0,0.0,0.0
PolypGen_TENT1,RISK_RANKED_MINUS_RANDOM_EXPECTATION,1.0,withheld_benefit_fraction,0.0,0.0,0.0
PolypGen_TENT1,RISK_RANKED_MINUS_RANDOM_EXPECTATION,1.0,mean_deployed_dice,0.6611614503547771,0.6611614503547771,0.0
PolypGen_TENT1,RISK_RANKED_MINUS_RANDOM_EXPECTATION,1.0,mean_delta_vs_source,-0.08440333887525897,-0.08440333887525897,0.0
PolypGen_TENT1,RISK_RANKED_MINUS_RANDOM_EXPECTATION,1.0,mean_delta_vs_adapt_all,0.0,0.0,0.0
PolypGen_TENT1,RISK_RANKED_MINUS_RANDOM_EXPECTATION,0.9,harm_rate_among_adapted,0.30526230961398987,0.34051348999129677,-0.0352511803773069
PolypGen_TENT1,RISK_RANKED_MINUS_RANDOM_EXPECTATION,0.9,benefit_rate_among_adapted,0.14892416794262228,0.14367565999419785,0.005248507948424436
PolypGen_TENT1,RISK_RANKED_MINUS_RANDOM_EXPECTATION,0.9,prevented_harm_fraction,0.1931842385516507,0.10001450536698575,0.09316973318466495
PolypGen_TENT1,RISK_RANKED_MINUS_RANDOM_EXPECTATION,0.9,withheld_benefit_fraction,0.06713780918727916,0.10001450536698575,-0.032876696179706594
PolypGen_TENT1,RISK_RANKED_MINUS_RANDOM_EXPECTATION,0.9,mean_deployed_dice,0.6858121414118756,0.6696030085437082,0.016209132868167386
PolypGen_TENT1,RISK_RANKED_MINUS_RANDOM_EXPECTATION,0.9,mean_delta_vs_source,-0.059752647818160476,-0.07596178068632786,0.016209132868167386
PolypGen_TENT1,RISK_RANKED_MINUS_RANDOM_EXPECTATION,0.9,mean_delta_vs_adapt_all,0.024650691057098495,0.008441558188931109,0.016209132868167386
PolypGen_TENT1,RISK_RANKED_MINUS_RANDOM_EXPECTATION,0.8,harm_rate_among_adapted,0.2774252039891206,0.34051348999129677,-0.0630882860021762
PolypGen_TENT1,RISK_RANKED_MINUS_RANDOM_EXPECTATION,0.8,benefit_rate_among_adapted,0.15439709882139618,0.14367565999419785,0.010721438827198337
PolypGen_TENT1,RISK_RANKED_MINUS_RANDOM_EXPECTATION,0.8,prevented_harm_fraction,0.34824281150159747,0.2000290107339716,0.14821380076762586
PolypGen_TENT1,RISK_RANKED_MINUS_RANDOM_EXPECTATION,0.8,withheld_benefit_fraction,0.14033316506814741,0.2000290107339716,-0.0596958456658242
PolypGen_TENT1,RISK_RANKED_MINUS_RANDOM_EXPECTATION,0.8,mean_deployed_dice,0.7004938203317859,0.6780445667326394,0.022449253599146513
PolypGen_TENT1,RISK_RANKED_MINUS_RANDOM_EXPECTATION,0.8,mean_delta_vs_source,-0.04507096889825024,-0.06752022249739675,0.022449253599146513
PolypGen_TENT1,RISK_RANKED_MINUS_RANDOM_EXPECTATION,0.8,mean_delta_vs_adapt_all,0.03933236997700873,0.016883116377862217,0.022449253599146513
PolypGen_TENT1,RISK_RANKED_MINUS_RANDOM_EXPECTATION,0.7,harm_rate_among_adapted,0.2577704102776627,0.34051348999129677,-0.0827430797136341
PolypGen_TENT1,RISK_RANKED_MINUS_RANDOM_EXPECTATION,0.7,benefit_rate_among_adapted,0.15489017820140905,0.14367565999419785,0.0112145182072112
PolypGen_TENT1,RISK_RANKED_MINUS_RANDOM_EXPECTATION,0.7,prevented_harm_fraction,0.4700745473908413,0.2999709892660284,0.17010355812481293
PolypGen_TENT1,RISK_RANKED_MINUS_RANDOM_EXPECTATION,0.7,withheld_benefit_fraction,0.2453306410903584,0.2999709892660284,-0.054640348175669984
PolypGen_TENT1,RISK_RANKED_MINUS_RANDOM_EXPECTATION,0.7,mean_deployed_dice,0.7087321521029133,0.6864800034145444,0.02225214868836889
PolypGen_TENT1,RISK_RANKED_MINUS_RANDOM_EXPECTATION,0.7,mean_delta_vs_source,-0.036832637127122814,-0.0590847858154917,0.02225214868836889
PolypGen_TENT1,RISK_RANKED_MINUS_RANDOM_EXPECTATION,0.7,mean_delta_vs_adapt_all,0.04757070174813616,0.025318553059767268,0.02225214868836889
PolypGen_TENT1,RISK_RANKED_MINUS_RANDOM_EXPECTATION,0.6,harm_rate_among_adapted,0.24150852169708692,0.34051348999129677,-0.09900496829420985
PolypGen_TENT1,RISK_RANKED_MINUS_RANDOM_EXPECTATION,0.6,benefit_rate_among_adapted,0.15580805028405656,0.14367565999419785,0.012132390289858713
PolypGen_TENT1,RISK_RANKED_MINUS_RANDOM_EXPECTATION,0.6,prevented_harm_fraction,0.5744408945686901,0.39998549463301425,0.17445539993567583
PolypGen_TENT1,RISK_RANKED_MINUS_RANDOM_EXPECTATION,0.6,withheld_benefit_fraction,0.3493185259969712,0.39998549463301425,-0.05066696863604303
PolypGen_TENT1,RISK_RANKED_MINUS_RANDOM_EXPECTATION,0.6,mean_deployed_dice,0.7130498843547194,0.6949215616034755,0.018128322751243875
PolypGen_TENT1,RISK_RANKED_MINUS_RANDOM_EXPECTATION,0.6,mean_delta_vs_source,-0.03251490487531672,-0.050643227626560594,0.018128322751243875
PolypGen_TENT1,RISK_RANKED_MINUS_RANDOM_EXPECTATION,0.6,mean_delta_vs_adapt_all,0.05188843399994225,0.03376011124869838,0.018128322751243875
PolypGen_TENT1,RISK_RANKED_MINUS_RANDOM_EXPECTATION,0.5,harm_rate_among_adapted,0.22903974470554106,0.34051348999129677,-0.11147374528575571
PolypGen_TENT1,RISK_RANKED_MINUS_RANDOM_EXPECTATION,0.5,benefit_rate_among_adapted,0.15317667536988686,0.14367565999419785,0.00950101537568901
PolypGen_TENT1,RISK_RANKED_MINUS_RANDOM_EXPECTATION,0.5,prevented_harm_fraction,0.6636847710330138,0.5,0.16368477103301382
PolypGen_TENT1,RISK_RANKED_MINUS_RANDOM_EXPECTATION,0.5,withheld_benefit_fraction,0.4669358909641595,0.5,-0.033064109035840505
PolypGen_TENT1,RISK_RANKED_MINUS_RANDOM_EXPECTATION,0.5,mean_deployed_dice,0.7155900580815266,0.7033631197924066,0.012226938289120026
PolypGen_TENT1,RISK_RANKED_MINUS_RANDOM_EXPECTATION,0.5,mean_delta_vs_source,-0.02997473114850946,-0.042201669437629485,0.012226938289120026
PolypGen_TENT1,RISK_RANKED_MINUS_RANDOM_EXPECTATION,0.5,mean_delta_vs_adapt_all,0.05442860772674951,0.042201669437629485,0.012226938289120026
PolypGen_TENT1,RISK_RANKED_MINUS_RANDOM_EXPECTATION,0.4,harm_rate_among_adapted,0.23245693563009973,0.34051348999129677,-0.10805655436119704
PolypGen_TENT1,RISK_RANKED_MINUS_RANDOM_EXPECTATION,0.4,benefit_rate_among_adapted,0.15176790571169538,0.14367565999419785,0.008092245717497532
PolypGen_TENT1,RISK_RANKED_MINUS_RANDOM_EXPECTATION,0.4,prevented_harm_fraction,0.7269435569755058,0.6000145053669859,0.12692905160851997
PolypGen_TENT1,RISK_RANKED_MINUS_RANDOM_EXPECTATION,0.4,withheld_benefit_fraction,0.5774861181221606,0.6000145053669859,-0.02252838724482531
PolypGen_TENT1,RISK_RANKED_MINUS_RANDOM_EXPECTATION,0.4,mean_deployed_dice,0.7171368515044875,0.7118046779813377,0.005332173523149741
PolypGen_TENT1,RISK_RANKED_MINUS_RANDOM_EXPECTATION,0.4,mean_delta_vs_source,-0.028427937725548635,-0.03376011124869838,0.005332173523149741
PolypGen_TENT1,RISK_RANKED_MINUS_RANDOM_EXPECTATION,0.4,mean_delta_vs_adapt_all,0.055975401149710335,0.050643227626560594,0.005332173523149741
PolypGen_TENT1,RISK_RANKED_MINUS_RANDOM_EXPECTATION,0.3,harm_rate_among_adapted,0.2279980657640232,0.34051348999129677,-0.11251542422727356
PolypGen_TENT1,RISK_RANKED_MINUS_RANDOM_EXPECTATION,0.3,benefit_rate_among_adapted,0.1627176015473888,0.14367565999419785,0.019041941553190944
PolypGen_TENT1,RISK_RANKED_MINUS_RANDOM_EXPECTATION,0.3,prevented_harm_fraction,0.7991480298189564,0.7000290107339715,0.09911901908498488
PolypGen_TENT1,RISK_RANKED_MINUS_RANDOM_EXPECTATION,0.3,withheld_benefit_fraction,0.6602725896012115,0.7000290107339715,-0.03975642113276001
PolypGen_TENT1,RISK_RANKED_MINUS_RANDOM_EXPECTATION,0.3,mean_deployed_dice,0.7197885743302435,0.7202462361702688,-0.0004576618400253807
PolypGen_TENT1,RISK_RANKED_MINUS_RANDOM_EXPECTATION,0.3,mean_delta_vs_source,-0.02577621489979265,-0.02531855305976727,-0.0004576618400253772
PolypGen_TENT1,RISK_RANKED_MINUS_RANDOM_EXPECTATION,0.3,mean_delta_vs_adapt_all,0.05862712397546632,0.0590847858154917,-0.0004576618400253807
PolypGen_TENT1,RISK_RANKED_MINUS_RANDOM_EXPECTATION,0.2,harm_rate_among_adapted,0.26794778825235677,0.34051348999129677,-0.07256570173894
PolypGen_TENT1,RISK_RANKED_MINUS_RANDOM_EXPECTATION,0.2,benefit_rate_among_adapted,0.1798404641044235,0.14367565999419785,0.03616480411022566
PolypGen_TENT1,RISK_RANKED_MINUS_RANDOM_EXPECTATION,0.2,prevented_harm_fraction,0.8425985090521831,0.7999709892660285,0.042627519786154644
PolypGen_TENT1,RISK_RANKED_MINUS_RANDOM_EXPECTATION,0.2,withheld_benefit_fraction,0.7496214033316507,0.7999709892660285,-0.05034958593437777
PolypGen_TENT1,RISK_RANKED_MINUS_RANDOM_EXPECTATION,0.2,mean_deployed_dice,0.7205159714575309,0.7286816728521739,-0.00816570139464301
PolypGen_TENT1,RISK_RANKED_MINUS_RANDOM_EXPECTATION,0.2,mean_delta_vs_source,-0.025048817772505227,-0.016883116377862214,-0.008165701394643014
PolypGen_TENT1,RISK_RANKED_MINUS_RANDOM_EXPECTATION,0.2,mean_delta_vs_adapt_all,0.05935452110275374,0.06752022249739675,-0.00816570139464301
PolypGen_TENT1,RISK_RANKED_MINUS_RANDOM_EXPECTATION,0.1,harm_rate_among_adapted,0.3778100072516316,0.34051348999129677,0.03729651726033484
PolypGen_TENT1,RISK_RANKED_MINUS_RANDOM_EXPECTATION,0.1,benefit_rate_among_adapted,0.3009427121102248,0.14367565999419785,0.15726705211602693
PolypGen_TENT1,RISK_RANKED_MINUS_RANDOM_EXPECTATION,0.1,prevented_harm_fraction,0.8890308839190628,0.8999854946330142,-0.01095461071395143
PolypGen_TENT1,RISK_RANKED_MINUS_RANDOM_EXPECTATION,0.1,withheld_benefit_fraction,0.790509843513377,0.8999854946330142,-0.1094756511196372
PolypGen_TENT1,RISK_RANKED_MINUS_RANDOM_EXPECTATION,0.1,mean_deployed_dice,0.7225760234027341,0.737123231041105,-0.014547207638370918
PolypGen_TENT1,RISK_RANKED_MINUS_RANDOM_EXPECTATION,0.1,mean_delta_vs_source,-0.022988765827302027,-0.008441558188931107,-0.01454720763837092
PolypGen_TENT1,RISK_RANKED_MINUS_RANDOM_EXPECTATION,0.1,mean_delta_vs_adapt_all,0.061414573047956944,0.07596178068632786,-0.014547207638370918
PolypGen_TENT1,RISK_RANKED_MINUS_RANDOM_EXPECTATION,0.0,harm_rate_among_adapted,,,
PolypGen_TENT1,RISK_RANKED_MINUS_RANDOM_EXPECTATION,0.0,benefit_rate_among_adapted,,,
PolypGen_TENT1,RISK_RANKED_MINUS_RANDOM_EXPECTATION,0.0,prevented_harm_fraction,1.0,1.0,0.0
PolypGen_TENT1,RISK_RANKED_MINUS_RANDOM_EXPECTATION,0.0,withheld_benefit_fraction,1.0,1.0,0.0
PolypGen_TENT1,RISK_RANKED_MINUS_RANDOM_EXPECTATION,0.0,mean_deployed_dice,0.7455647892300361,0.7455647892300361,0.0
PolypGen_TENT1,RISK_RANKED_MINUS_RANDOM_EXPECTATION,0.0,mean_delta_vs_source,0.0,-0.0,0.0
PolypGen_TENT1,RISK_RANKED_MINUS_RANDOM_EXPECTATION,0.0,mean_delta_vs_adapt_all,0.08440333887525897,0.08440333887525897,0.0
SUN_TENT1,RISK_RANKED_MINUS_RANDOM_EXPECTATION,1.0,harm_rate_among_adapted,0.22585034013605443,0.22585034013605443,0.0
SUN_TENT1,RISK_RANKED_MINUS_RANDOM_EXPECTATION,1.0,benefit_rate_among_adapted,0.2897959183673469,0.2897959183673469,0.0
SUN_TENT1,RISK_RANKED_MINUS_RANDOM_EXPECTATION,1.0,prevented_harm_fraction,0.0,0.0,0.0
SUN_TENT1,RISK_RANKED_MINUS_RANDOM_EXPECTATION,1.0,withheld_benefit_fraction,0.0,0.0,0.0
SUN_TENT1,RISK_RANKED_MINUS_RANDOM_EXPECTATION,1.0,mean_deployed_dice,0.7263974611281064,0.7263974611281064,0.0
SUN_TENT1,RISK_RANKED_MINUS_RANDOM_EXPECTATION,1.0,mean_delta_vs_source,0.03938904996454773,0.03938904996454773,0.0
SUN_TENT1,RISK_RANKED_MINUS_RANDOM_EXPECTATION,1.0,mean_delta_vs_adapt_all,0.0,0.0,0.0
SUN_TENT1,RISK_RANKED_MINUS_RANDOM_EXPECTATION,0.9,harm_rate_among_adapted,0.20735701688082642,0.22585034013605443,-0.01849332325522801
SUN_TENT1,RISK_RANKED_MINUS_RANDOM_EXPECTATION,0.9,benefit_rate_among_adapted,0.29402872260015117,0.2897959183673469,0.004232804232804255
SUN_TENT1,RISK_RANKED_MINUS_RANDOM_EXPECTATION,0.9,prevented_harm_fraction,0.17369477911646586,0.09999999999999998,0.07369477911646588
SUN_TENT1,RISK_RANKED_MINUS_RANDOM_EXPECTATION,0.9,withheld_benefit_fraction,0.08685446009389672,0.09999999999999998,-0.01314553990610326
SUN_TENT1,RISK_RANKED_MINUS_RANDOM_EXPECTATION,0.9,mean_deployed_dice,0.7317445341682801,0.7224585561316517,0.00928597803662845
SUN_TENT1,RISK_RANKED_MINUS_RANDOM_EXPECTATION,0.9,mean_delta_vs_source,0.044736123004721406,0.035450144968092956,0.00928597803662845
SUN_TENT1,RISK_RANKED_MINUS_RANDOM_EXPECTATION,0.9,mean_delta_vs_adapt_all,0.005347073040173678,-0.003938904996454773,0.00928597803662845
SUN_TENT1,RISK_RANKED_MINUS_RANDOM_EXPECTATION,0.8,harm_rate_among_adapted,0.18820861678004536,0.22585034013605443,-0.03764172335600907
SUN_TENT1,RISK_RANKED_MINUS_RANDOM_EXPECTATION,0.8,benefit_rate_among_adapted,0.290391156462585,0.2897959183673469,0.0005952380952380931
SUN_TENT1,RISK_RANKED_MINUS_RANDOM_EXPECTATION,0.8,prevented_harm_fraction,0.3333333333333333,0.19999999999999996,0.13333333333333336
SUN_TENT1,RISK_RANKED_MINUS_RANDOM_EXPECTATION,0.8,withheld_benefit_fraction,0.1983568075117371,0.19999999999999996,-0.0016431924882628623
SUN_TENT1,RISK_RANKED_MINUS_RANDOM_EXPECTATION,0.8,mean_deployed_dice,0.73259452539718,0.7185196511351969,0.014074874261983061
SUN_TENT1,RISK_RANKED_MINUS_RANDOM_EXPECTATION,0.8,mean_delta_vs_source,0.045586114233621244,0.03151123997163818,0.014074874261983061
SUN_TENT1,RISK_RANKED_MINUS_RANDOM_EXPECTATION,0.8,mean_delta_vs_adapt_all,0.006197064269073516,-0.007877809992909546,0.014074874261983061
SUN_TENT1,RISK_RANKED_MINUS_RANDOM_EXPECTATION,0.7,harm_rate_among_adapted,0.17071590540978296,0.22585034013605443,-0.05513443472627147
SUN_TENT1,RISK_RANKED_MINUS_RANDOM_EXPECTATION,0.7,benefit_rate_among_adapted,0.2894395853579527,0.2897959183673469,-0.0003563330093941941
SUN_TENT1,RISK_RANKED_MINUS_RANDOM_EXPECTATION,0.7,prevented_harm_fraction,0.4708835341365462,0.30000000000000004,0.17088353413654617
SUN_TENT1,RISK_RANKED_MINUS_RANDOM_EXPECTATION,0.7,withheld_benefit_fraction,0.3008607198748044,0.30000000000000004,0.0008607198748043499
SUN_TENT1,RISK_RANKED_MINUS_RANDOM_EXPECTATION,0.7,mean_deployed_dice,0.7310959407256297,0.7145807461387421,0.01651519458688755
SUN_TENT1,RISK_RANKED_MINUS_RANDOM_EXPECTATION,0.7,mean_delta_vs_source,0.04408752956207096,0.027572334975183407,0.016515194586887553
SUN_TENT1,RISK_RANKED_MINUS_RANDOM_EXPECTATION,0.7,mean_delta_vs_adapt_all,0.004698479597523231,-0.011816714989364319,0.01651519458688755
SUN_TENT1,RISK_RANKED_MINUS_RANDOM_EXPECTATION,0.6,harm_rate_among_adapted,0.15230536659108088,0.22585034013605443,-0.07354497354497355
SUN_TENT1,RISK_RANKED_MINUS_RANDOM_EXPECTATION,0.6,benefit_rate_among_adapted,0.28741496598639454,0.2897959183673469,-0.0023809523809523725
SUN_TENT1,RISK_RANKED_MINUS_RANDOM_EXPECTATION,0.6,prevented_harm_fraction,0.5953815261044176,0.4,0.1953815261044176
SUN_TENT1,RISK_RANKED_MINUS_RANDOM_EXPECTATION,0.6,withheld_benefit_fraction,0.40492957746478875,0.4,0.004929577464788726
SUN_TENT1,RISK_RANKED_MINUS_RANDOM_EXPECTATION,0.6,mean_deployed_dice,0.7304565487788204,0.7106418411422873,0.019814707636533035
SUN_TENT1,RISK_RANKED_MINUS_RANDOM_EXPECTATION,0.6,mean_delta_vs_source,0.04344813761526167,0.023633429978728637,0.019814707636533035
SUN_TENT1,RISK_RANKED_MINUS_RANDOM_EXPECTATION,0.6,mean_delta_vs_adapt_all,0.004059087650713944,-0.01575561998581909,0.019814707636533035
SUN_TENT1,RISK_RANKED_MINUS_RANDOM_EXPECTATION,0.5,harm_rate_among_adapted,0.13854875283446713,0.22585034013605443,-0.0873015873015873
SUN_TENT1,RISK_RANKED_MINUS_RANDOM_EXPECTATION,0.5,benefit_rate_among_adapted,0.2927437641723356,0.2897959183673469,0.0029478458049886913
SUN_TENT1,RISK_RANKED_MINUS_RANDOM_EXPECTATION,0.5,prevented_harm_fraction,0.6932730923694779,0.5,0.19327309236947787
SUN_TENT1,RISK_RANKED_MINUS_RANDOM_EXPECTATION,0.5,withheld_benefit_fraction,0.49491392801251954,0.5,-0.005086071987480456
SUN_TENT1,RISK_RANKED_MINUS_RANDOM_EXPECTATION,0.5,mean_deployed_dice,0.7284174802574742,0.7067029361458326,0.021714544111641643
SUN_TENT1,RISK_RANKED_MINUS_RANDOM_EXPECTATION,0.5,mean_delta_vs_source,0.04140906909391551,0.019694524982273864,0.021714544111641643
SUN_TENT1,RISK_RANKED_MINUS_RANDOM_EXPECTATION,0.5,mean_delta_vs_adapt_all,0.0020200191293677783,-0.019694524982273864,0.021714544111641643
SUN_TENT1,RISK_RANKED_MINUS_RANDOM_EXPECTATION,0.4,harm_rate_among_adapted,0.11507936507936507,0.22585034013605443,-0.11077097505668936
SUN_TENT1,RISK_RANKED_MINUS_RANDOM_EXPECTATION,0.4,benefit_rate_among_adapted,0.31746031746031744,0.2897959183673469,0.027664399092970526
SUN_TENT1,RISK_RANKED_MINUS_RANDOM_EXPECTATION,0.4,prevented_harm_fraction,0.7961847389558233,0.6,0.19618473895582333
SUN_TENT1,RISK_RANKED_MINUS_RANDOM_EXPECTATION,0.4,withheld_benefit_fraction,0.5618153364632238,0.6,-0.03818466353677619
SUN_TENT1,RISK_RANKED_MINUS_RANDOM_EXPECTATION,0.4,mean_deployed_dice,0.7287306311421735,0.7027640311493778,0.025966599992795714
SUN_TENT1,RISK_RANKED_MINUS_RANDOM_EXPECTATION,0.4,mean_delta_vs_source,0.041722219978614805,0.01575561998581909,0.025966599992795714
SUN_TENT1,RISK_RANKED_MINUS_RANDOM_EXPECTATION,0.4,mean_delta_vs_adapt_all,0.0023331700140670764,-0.023633429978728637,0.025966599992795714
SUN_TENT1,RISK_RANKED_MINUS_RANDOM_EXPECTATION,0.3,harm_rate_among_adapted,0.08956916099773243,0.22585034013605443,-0.136281179138322
SUN_TENT1,RISK_RANKED_MINUS_RANDOM_EXPECTATION,0.3,benefit_rate_among_adapted,0.3654572940287226,0.2897959183673469,0.07566137566137571
SUN_TENT1,RISK_RANKED_MINUS_RANDOM_EXPECTATION,0.3,prevented_harm_fraction,0.8810240963855421,0.7,0.18102409638554218
SUN_TENT1,RISK_RANKED_MINUS_RANDOM_EXPECTATION,0.3,withheld_benefit_fraction,0.6216744913928013,0.7,-0.07832550860719867
SUN_TENT1,RISK_RANKED_MINUS_RANDOM_EXPECTATION,0.3,mean_deployed_dice,0.7294031227788367,0.698825126152923,0.03057799662591365
SUN_TENT1,RISK_RANKED_MINUS_RANDOM_EXPECTATION,0.3,mean_delta_vs_source,0.04239471161527797,0.011816714989364319,0.03057799662591365
SUN_TENT1,RISK_RANKED_MINUS_RANDOM_EXPECTATION,0.3,mean_delta_vs_adapt_all,0.0030056616507302403,-0.02757233497518341,0.03057799662591365
SUN_TENT1,RISK_RANKED_MINUS_RANDOM_EXPECTATION,0.2,harm_rate_among_adapted,0.07086167800453515,0.22585034013605443,-0.1549886621315193
SUN_TENT1,RISK_RANKED_MINUS_RANDOM_EXPECTATION,0.2,benefit_rate_among_adapted,0.4812925170068027,0.2897959183673469,0.19149659863945578
SUN_TENT1,RISK_RANKED_MINUS_RANDOM_EXPECTATION,0.2,prevented_harm_fraction,0.9372489959839357,0.8,0.1372489959839357
SUN_TENT1,RISK_RANKED_MINUS_RANDOM_EXPECTATION,0.2,withheld_benefit_fraction,0.6678403755868545,0.8,-0.13215962441314555
SUN_TENT1,RISK_RANKED_MINUS_RANDOM_EXPECTATION,0.2,mean_deployed_dice,0.7291494384006769,0.6948862211564683,0.034263217244208666
SUN_TENT1,RISK_RANKED_MINUS_RANDOM_EXPECTATION,0.2,mean_delta_vs_source,0.04214102723711821,0.007877809992909546,0.034263217244208666
SUN_TENT1,RISK_RANKED_MINUS_RANDOM_EXPECTATION,0.2,mean_delta_vs_adapt_all,0.0027519772725704827,-0.03151123997163818,0.034263217244208666
SUN_TENT1,RISK_RANKED_MINUS_RANDOM_EXPECTATION,0.1,harm_rate_among_adapted,0.0045351473922902496,0.22585034013605443,-0.22131519274376418
SUN_TENT1,RISK_RANKED_MINUS_RANDOM_EXPECTATION,0.1,benefit_rate_among_adapted,0.6961451247165533,0.2897959183673469,0.4063492063492064
SUN_TENT1,RISK_RANKED_MINUS_RANDOM_EXPECTATION,0.1,prevented_harm_fraction,0.9979919678714859,0.9,0.0979919678714859
SUN_TENT1,RISK_RANKED_MINUS_RANDOM_EXPECTATION,0.1,withheld_benefit_fraction,0.7597809076682316,0.9,-0.14021909233176844
SUN_TENT1,RISK_RANKED_MINUS_RANDOM_EXPECTATION,0.1,mean_deployed_dice,0.7189488115268761,0.6909473161600135,0.028001495366862583
SUN_TENT1,RISK_RANKED_MINUS_RANDOM_EXPECTATION,0.1,mean_delta_vs_source,0.031940400363317356,0.003938904996454773,0.028001495366862583
SUN_TENT1,RISK_RANKED_MINUS_RANDOM_EXPECTATION,0.1,mean_delta_vs_adapt_all,-0.007448649601230373,-0.035450144968092956,0.028001495366862583
SUN_TENT1,RISK_RANKED_MINUS_RANDOM_EXPECTATION,0.0,harm_rate_among_adapted,,,
SUN_TENT1,RISK_RANKED_MINUS_RANDOM_EXPECTATION,0.0,benefit_rate_among_adapted,,,
SUN_TENT1,RISK_RANKED_MINUS_RANDOM_EXPECTATION,0.0,prevented_harm_fraction,1.0,1.0,0.0
SUN_TENT1,RISK_RANKED_MINUS_RANDOM_EXPECTATION,0.0,withheld_benefit_fraction,1.0,1.0,0.0
SUN_TENT1,RISK_RANKED_MINUS_RANDOM_EXPECTATION,0.0,mean_deployed_dice,0.6870084111635587,0.6870084111635587,0.0
SUN_TENT1,RISK_RANKED_MINUS_RANDOM_EXPECTATION,0.0,mean_delta_vs_source,0.0,0.0,0.0
SUN_TENT1,RISK_RANKED_MINUS_RANDOM_EXPECTATION,0.0,mean_delta_vs_adapt_all,-0.03938904996454773,-0.03938904996454773,0.0
SUN_PL_CONF90,RISK_RANKED_MINUS_RANDOM_EXPECTATION,1.0,harm_rate_among_adapted,0.12052154195011337,0.12052154195011337,0.0
SUN_PL_CONF90,RISK_RANKED_MINUS_RANDOM_EXPECTATION,1.0,benefit_rate_among_adapted,0.1155328798185941,0.1155328798185941,0.0
SUN_PL_CONF90,RISK_RANKED_MINUS_RANDOM_EXPECTATION,1.0,prevented_harm_fraction,0.0,0.0,0.0
SUN_PL_CONF90,RISK_RANKED_MINUS_RANDOM_EXPECTATION,1.0,withheld_benefit_fraction,0.0,0.0,0.0
SUN_PL_CONF90,RISK_RANKED_MINUS_RANDOM_EXPECTATION,1.0,mean_deployed_dice,0.6899956861828027,0.6899956861828027,0.0
SUN_PL_CONF90,RISK_RANKED_MINUS_RANDOM_EXPECTATION,1.0,mean_delta_vs_source,0.0029872750192440067,0.0029872750192440067,0.0
SUN_PL_CONF90,RISK_RANKED_MINUS_RANDOM_EXPECTATION,1.0,mean_delta_vs_adapt_all,0.0,0.0,0.0
SUN_PL_CONF90,RISK_RANKED_MINUS_RANDOM_EXPECTATION,0.9,harm_rate_among_adapted,0.12018140589569161,0.12052154195011337,-0.00034013605442176353
SUN_PL_CONF90,RISK_RANKED_MINUS_RANDOM_EXPECTATION,0.9,benefit_rate_among_adapted,0.11312673217435122,0.1155328798185941,-0.0024061476442428786
SUN_PL_CONF90,RISK_RANKED_MINUS_RANDOM_EXPECTATION,0.9,prevented_harm_fraction,0.10253998118532455,0.09999999999999998,0.002539981185324572
SUN_PL_CONF90,RISK_RANKED_MINUS_RANDOM_EXPECTATION,0.9,withheld_benefit_fraction,0.11874386653581943,0.09999999999999998,0.018743866535819456
SUN_PL_CONF90,RISK_RANKED_MINUS_RANDOM_EXPECTATION,0.9,mean_deployed_dice,0.6892563530693737,0.6896969586808783,-0.00044060561150460753
SUN_PL_CONF90,RISK_RANKED_MINUS_RANDOM_EXPECTATION,0.9,mean_delta_vs_source,0.0022479419058150096,0.0026885475173196063,-0.0004406056115045967
SUN_PL_CONF90,RISK_RANKED_MINUS_RANDOM_EXPECTATION,0.9,mean_delta_vs_adapt_all,-0.0007393331134289971,-0.00029872750192438957,-0.00044060561150460753
SUN_PL_CONF90,RISK_RANKED_MINUS_RANDOM_EXPECTATION,0.8,harm_rate_among_adapted,0.10983560090702948,0.12052154195011337,-0.010685941043083888
SUN_PL_CONF90,RISK_RANKED_MINUS_RANDOM_EXPECTATION,0.8,benefit_rate_among_adapted,0.10147392290249434,0.1155328798185941,-0.014058956916099763
SUN_PL_CONF90,RISK_RANKED_MINUS_RANDOM_EXPECTATION,0.8,prevented_harm_fraction,0.270931326434619,0.19999999999999996,0.07093132643461902
SUN_PL_CONF90,RISK_RANKED_MINUS_RANDOM_EXPECTATION,0.8,withheld_benefit_fraction,0.29735034347399414,0.19999999999999996,0.09735034347399418
SUN_PL_CONF90,RISK_RANKED_MINUS_RANDOM_EXPECTATION,0.8,mean_deployed_dice,0.6891611715885123,0.6893982311789539,-0.00023705959044162395
SUN_PL_CONF90,RISK_RANKED_MINUS_RANDOM_EXPECTATION,0.8,mean_delta_vs_source,0.0021527604249536036,0.0023898200153952055,-0.00023705959044160183
SUN_PL_CONF90,RISK_RANKED_MINUS_RANDOM_EXPECTATION,0.8,mean_delta_vs_adapt_all,-0.0008345145942904031,-0.0005974550038487791,-0.00023705959044162395
SUN_PL_CONF90,RISK_RANKED_MINUS_RANDOM_EXPECTATION,0.7,harm_rate_among_adapted,0.10301263362487852,0.12052154195011337,-0.017508908325234857
SUN_PL_CONF90,RISK_RANKED_MINUS_RANDOM_EXPECTATION,0.7,benefit_rate_among_adapted,0.08892128279883382,0.1155328798185941,-0.026611597019760277
SUN_PL_CONF90,RISK_RANKED_MINUS_RANDOM_EXPECTATION,0.7,prevented_harm_fraction,0.40169332079021636,0.30000000000000004,0.10169332079021631
SUN_PL_CONF90,RISK_RANKED_MINUS_RANDOM_EXPECTATION,0.7,withheld_benefit_fraction,0.46123650637880276,0.30000000000000004,0.1612365063788027
SUN_PL_CONF90,RISK_RANKED_MINUS_RANDOM_EXPECTATION,0.7,mean_deployed_dice,0.688647280146542,0.6890995036770295,-0.00045222353048757213
SUN_PL_CONF90,RISK_RANKED_MINUS_RANDOM_EXPECTATION,0.7,mean_delta_vs_source,0.0016388689829832659,0.0020910925134708046,-0.00045222353048753874
SUN_PL_CONF90,RISK_RANKED_MINUS_RANDOM_EXPECTATION,0.7,mean_delta_vs_adapt_all,-0.0013484060362607408,-0.0008961825057731687,-0.00045222353048757213
SUN_PL_CONF90,RISK_RANKED_MINUS_RANDOM_EXPECTATION,0.6,harm_rate_among_adapted,0.09089191232048376,0.12052154195011337,-0.029629629629629617
SUN_PL_CONF90,RISK_RANKED_MINUS_RANDOM_EXPECTATION,0.6,benefit_rate_among_adapted,0.07464096749811036,0.1155328798185941,-0.04089191232048374
SUN_PL_CONF90,RISK_RANKED_MINUS_RANDOM_EXPECTATION,0.6,prevented_harm_fraction,0.5475070555032926,0.4,0.14750705550329257
SUN_PL_CONF90,RISK_RANKED_MINUS_RANDOM_EXPECTATION,0.6,withheld_benefit_fraction,0.6123650637880275,0.4,0.21236506378802744
SUN_PL_CONF90,RISK_RANKED_MINUS_RANDOM_EXPECTATION,0.6,mean_deployed_dice,0.6883476109578917,0.6888007761751052,-0.00045316521721350256
SUN_PL_CONF90,RISK_RANKED_MINUS_RANDOM_EXPECTATION,0.6,mean_delta_vs_source,0.001339199794332946,0.001792365011546404,-0.0004531652172134581
SUN_PL_CONF90,RISK_RANKED_MINUS_RANDOM_EXPECTATION,0.6,mean_delta_vs_adapt_all,-0.0016480752249110608,-0.0011949100076975583,-0.00045316521721350256
SUN_PL_CONF90,RISK_RANKED_MINUS_RANDOM_EXPECTATION,0.5,harm_rate_among_adapted,0.0727891156462585,0.12052154195011337,-0.047732426303854866
SUN_PL_CONF90,RISK_RANKED_MINUS_RANDOM_EXPECTATION,0.5,benefit_rate_among_adapted,0.06349206349206349,0.1155328798185941,-0.05204081632653061
SUN_PL_CONF90,RISK_RANKED_MINUS_RANDOM_EXPECTATION,0.5,prevented_harm_fraction,0.6980244590780809,0.5,0.19802445907808086
SUN_PL_CONF90,RISK_RANKED_MINUS_RANDOM_EXPECTATION,0.5,withheld_benefit_fraction,0.7252208047105005,0.5,0.22522080471050054
SUN_PL_CONF90,RISK_RANKED_MINUS_RANDOM_EXPECTATION,0.5,mean_deployed_dice,0.6885131513326247,0.6885020486731808,1.1102659443928964e-05
SUN_PL_CONF90,RISK_RANKED_MINUS_RANDOM_EXPECTATION,0.5,mean_delta_vs_source,0.0015047401690659878,0.0014936375096220034,1.1102659443984475e-05
SUN_PL_CONF90,RISK_RANKED_MINUS_RANDOM_EXPECTATION,0.5,mean_delta_vs_adapt_all,-0.001482534850178019,-0.0014936375096219479,1.1102659443928964e-05
SUN_PL_CONF90,RISK_RANKED_MINUS_RANDOM_EXPECTATION,0.4,harm_rate_among_adapted,0.0558390022675737,0.12052154195011337,-0.06468253968253967
SUN_PL_CONF90,RISK_RANKED_MINUS_RANDOM_EXPECTATION,0.4,benefit_rate_among_adapted,0.05102040816326531,0.1155328798185941,-0.06451247165532879
SUN_PL_CONF90,RISK_RANKED_MINUS_RANDOM_EXPECTATION,0.4,prevented_harm_fraction,0.8146754468485419,0.6,0.2146754468485419
SUN_PL_CONF90,RISK_RANKED_MINUS_RANDOM_EXPECTATION,0.4,withheld_benefit_fraction,0.8233562315996075,0.6,0.2233562315996075
SUN_PL_CONF90,RISK_RANKED_MINUS_RANDOM_EXPECTATION,0.4,mean_deployed_dice,0.6887572823389053,0.6882033211712563,0.000553961167649053
SUN_PL_CONF90,RISK_RANKED_MINUS_RANDOM_EXPECTATION,0.4,mean_delta_vs_source,0.0017488711753466113,0.0011949100076976027,0.0005539611676490086
SUN_PL_CONF90,RISK_RANKED_MINUS_RANDOM_EXPECTATION,0.4,mean_delta_vs_adapt_all,-0.0012384038438973954,-0.0017923650115464485,0.000553961167649053
SUN_PL_CONF90,RISK_RANKED_MINUS_RANDOM_EXPECTATION,0.3,harm_rate_among_adapted,0.03552532123960695,0.12052154195011337,-0.08499622071050641
SUN_PL_CONF90,RISK_RANKED_MINUS_RANDOM_EXPECTATION,0.3,benefit_rate_among_adapted,0.0400604686318972,0.1155328798185941,-0.0754724111866969
SUN_PL_CONF90,RISK_RANKED_MINUS_RANDOM_EXPECTATION,0.3,prevented_harm_fraction,0.9115710253998118,0.7,0.21157102539981187
SUN_PL_CONF90,RISK_RANKED_MINUS_RANDOM_EXPECTATION,0.3,withheld_benefit_fraction,0.8959764474975466,0.7,0.1959764474975466
SUN_PL_CONF90,RISK_RANKED_MINUS_RANDOM_EXPECTATION,0.3,mean_deployed_dice,0.6891369242037855,0.6879045936693319,0.0012323305344535962
SUN_PL_CONF90,RISK_RANKED_MINUS_RANDOM_EXPECTATION,0.3,mean_delta_vs_source,0.002128513040226765,0.000896182505773202,0.0012323305344535628
SUN_PL_CONF90,RISK_RANKED_MINUS_RANDOM_EXPECTATION,0.3,mean_delta_vs_adapt_all,-0.0008587619790172418,-0.002091092513470838,0.0012323305344535962
SUN_PL_CONF90,RISK_RANKED_MINUS_RANDOM_EXPECTATION,0.2,harm_rate_among_adapted,0.01417233560090703,0.12052154195011337,-0.10634920634920635
SUN_PL_CONF90,RISK_RANKED_MINUS_RANDOM_EXPECTATION,0.2,benefit_rate_among_adapted,0.04195011337868481,0.1155328798185941,-0.0735827664399093
SUN_PL_CONF90,RISK_RANKED_MINUS_RANDOM_EXPECTATION,0.2,prevented_harm_fraction,0.9764816556914393,0.8,0.17648165569143925
SUN_PL_CONF90,RISK_RANKED_MINUS_RANDOM_EXPECTATION,0.2,withheld_benefit_fraction,0.9273797841020608,0.8,0.12737978410206074
SUN_PL_CONF90,RISK_RANKED_MINUS_RANDOM_EXPECTATION,0.2,mean_deployed_dice,0.6894266487278211,0.6876058661674075,0.0018207825604136252
SUN_PL_CONF90,RISK_RANKED_MINUS_RANDOM_EXPECTATION,0.2,mean_delta_vs_source,0.0024182375642624043,0.0005974550038488014,0.001820782560413603
SUN_PL_CONF90,RISK_RANKED_MINUS_RANDOM_EXPECTATION,0.2,mean_delta_vs_adapt_all,-0.0005690374549816024,-0.0023898200153952276,0.0018207825604136252
SUN_PL_CONF90,RISK_RANKED_MINUS_RANDOM_EXPECTATION,0.1,harm_rate_among_adapted,0.0,0.12052154195011337,-0.12052154195011337
SUN_PL_CONF90,RISK_RANKED_MINUS_RANDOM_EXPECTATION,0.1,benefit_rate_among_adapted,0.048752834467120185,0.1155328798185941,-0.06678004535147392
SUN_PL_CONF90,RISK_RANKED_MINUS_RANDOM_EXPECTATION,0.1,prevented_harm_fraction,1.0,0.9,0.09999999999999998
SUN_PL_CONF90,RISK_RANKED_MINUS_RANDOM_EXPECTATION,0.1,withheld_benefit_fraction,0.957801766437684,0.9,0.05780176643768398
SUN_PL_CONF90,RISK_RANKED_MINUS_RANDOM_EXPECTATION,0.1,mean_deployed_dice,0.68884848438496,0.6873071386654831,0.0015413457194769498
SUN_PL_CONF90,RISK_RANKED_MINUS_RANDOM_EXPECTATION,0.1,mean_delta_vs_source,0.0018400732214013393,0.0002987275019244007,0.0015413457194769387
SUN_PL_CONF90,RISK_RANKED_MINUS_RANDOM_EXPECTATION,0.1,mean_delta_vs_adapt_all,-0.0011472017978426674,-0.002688547517319617,0.0015413457194769498
SUN_PL_CONF90,RISK_RANKED_MINUS_RANDOM_EXPECTATION,0.0,harm_rate_among_adapted,,,
SUN_PL_CONF90,RISK_RANKED_MINUS_RANDOM_EXPECTATION,0.0,benefit_rate_among_adapted,,,
SUN_PL_CONF90,RISK_RANKED_MINUS_RANDOM_EXPECTATION,0.0,prevented_harm_fraction,1.0,1.0,0.0
SUN_PL_CONF90,RISK_RANKED_MINUS_RANDOM_EXPECTATION,0.0,withheld_benefit_fraction,1.0,1.0,0.0
SUN_PL_CONF90,RISK_RANKED_MINUS_RANDOM_EXPECTATION,0.0,mean_deployed_dice,0.6870084111635587,0.6870084111635587,0.0
SUN_PL_CONF90,RISK_RANKED_MINUS_RANDOM_EXPECTATION,0.0,mean_delta_vs_source,0.0,0.0,0.0
SUN_PL_CONF90,RISK_RANKED_MINUS_RANDOM_EXPECTATION,0.0,mean_delta_vs_adapt_all,-0.0029872750192440067,-0.0029872750192440067,0.0
