source,project_relpath,release_path,status,sha_ok,copy_action,external_check
F:\MEDSEG_SAFETTA\code\Q1_R10L0_final_source_safety_estimator_lock_fix3.py,code\Q1_R10L0_final_source_safety_estimator_lock_fix3.py,F:\MEDSEG_SAFETTA\release\SafeTTA_repro_release_candidate_v1\code\Q1_R10L0_final_source_safety_estimator_lock_fix3.py,PASS_ALREADY_STAGED,True,,
F:\MEDSEG_SAFETTA\code\Q1_R10L3C_polypgen_gt_reveal_prospective_external_evaluation_fix1.py,code\Q1_R10L3C_polypgen_gt_reveal_prospective_external_evaluation_fix1.py,F:\MEDSEG_SAFETTA\release\SafeTTA_repro_release_candidate_v1\code\Q1_R10L3C_polypgen_gt_reveal_prospective_external_evaluation_fix1.py,PASS_ALREADY_STAGED,True,,
F:\MEDSEG_SAFETTA\code\Q1_R14C3B_sunseg_gt_reveal_dual_action_frozen_score_evaluation_fix1.py,code\Q1_R14C3B_sunseg_gt_reveal_dual_action_frozen_score_evaluation_fix1.py,F:\MEDSEG_SAFETTA\release\SafeTTA_repro_release_candidate_v1\code\Q1_R14C3B_sunseg_gt_reveal_dual_action_frozen_score_evaluation_fix1.py,PASS_ALREADY_STAGED,True,,
F:\MEDSEG_SAFETTA\code\Q1_R15A1_core_ablation_case_clustered_paired_bootstrap_fix2.py,code\Q1_R15A1_core_ablation_case_clustered_paired_bootstrap_fix2.py,F:\MEDSEG_SAFETTA\release\SafeTTA_repro_release_candidate_v1\code\Q1_R15A1_core_ablation_case_clustered_paired_bootstrap_fix2.py,PASS_ALREADY_STAGED,True,,
F:\MEDSEG_SAFETTA\code\Q1_R15B1_selective_adaptation_risk_coverage_utility_fix1.py,code\Q1_R15B1_selective_adaptation_risk_coverage_utility_fix1.py,F:\MEDSEG_SAFETTA\release\SafeTTA_repro_release_candidate_v1\code\Q1_R15B1_selective_adaptation_risk_coverage_utility_fix1.py,PASS_ALREADY_STAGED,True,,
F:\MEDSEG_SAFETTA\code\Q1_SAFETTA_harm_margin_sensitivity_v1.py,code\Q1_SAFETTA_harm_margin_sensitivity_v1.py,F:\MEDSEG_SAFETTA\release\SafeTTA_repro_release_candidate_v1\code\Q1_SAFETTA_harm_margin_sensitivity_v1.py,PASS_ALREADY_STAGED,True,,
F:\MEDSEG_SAFETTA\code\Q1X_CM6_promise12_gt_reveal_locked_policy_evaluation_fix1.py,code\Q1X_CM6_promise12_gt_reveal_locked_policy_evaluation_fix1.py,F:\MEDSEG_SAFETTA\release\SafeTTA_repro_release_candidate_v1\code\Q1X_CM6_promise12_gt_reveal_locked_policy_evaluation_fix1.py,PASS_ALREADY_STAGED,True,,
F:\MEDSEG_SAFETTA\code\Q1X_CM7B_promise12_matched_coverage_utility_audit_fix1.py,code\Q1X_CM7B_promise12_matched_coverage_utility_audit_fix1.py,F:\MEDSEG_SAFETTA\release\SafeTTA_repro_release_candidate_v1\code\Q1X_CM7B_promise12_matched_coverage_utility_audit_fix1.py,PASS_ALREADY_STAGED,True,,
F:\MEDSEG_SAFETTA\outputs\Q1_R05D1_neopolyp_acquisition_pairing_duplicate_qc_v1_fix2\frozen_confirmatory_manifest.csv,outputs\Q1_R05D1_neopolyp_acquisition_pairing_duplicate_qc_v1_fix2\frozen_confirmatory_manifest.csv,F:\MEDSEG_SAFETTA\release\SafeTTA_repro_release_candidate_v1\project_artifacts\outputs\Q1_R05D1_neopolyp_acquisition_pairing_duplicate_qc_v1_fix2\frozen_confirmatory_manifest.csv,PASS_COPIED_SMALL_DEPENDENCY,True,COPIED,
F:\MEDSEG_SAFETTA\outputs\Q1_R05D4_neopolyp_gt_reveal_paot_confirmatory_evaluation_v1\model_case_outcomes.csv,outputs\Q1_R05D4_neopolyp_gt_reveal_paot_confirmatory_evaluation_v1\model_case_outcomes.csv,F:\MEDSEG_SAFETTA\release\SafeTTA_repro_release_candidate_v1\project_artifacts\outputs\Q1_R05D4_neopolyp_gt_reveal_paot_confirmatory_evaluation_v1\model_case_outcomes.csv,PASS_COPIED_SMALL_DEPENDENCY,True,COPIED,
F:\MEDSEG_SAFETTA\outputs\Q1_R10J1_source_mask_morphology_feature_builder_fix1_v1\source_mask_morphology_features_labeled.csv,outputs\Q1_R10J1_source_mask_morphology_feature_builder_fix1_v1\source_mask_morphology_features_labeled.csv,F:\MEDSEG_SAFETTA\release\SafeTTA_repro_release_candidate_v1\project_artifacts\outputs\Q1_R10J1_source_mask_morphology_feature_builder_fix1_v1\source_mask_morphology_features_labeled.csv,PASS_COPIED_SMALL_DEPENDENCY,True,COPIED,
F:\MEDSEG_SAFETTA\outputs\Q1_R10K2A_dinov2_image_mask_representation_lock_fix1_v1\R10K2A_mask_conditioned_dinov2_features.npz,outputs\Q1_R10K2A_dinov2_image_mask_representation_lock_fix1_v1\R10K2A_mask_conditioned_dinov2_features.npz,F:\MEDSEG_SAFETTA\release\SafeTTA_repro_release_candidate_v1\project_artifacts\outputs\Q1_R10K2A_dinov2_image_mask_representation_lock_fix1_v1\R10K2A_mask_conditioned_dinov2_features.npz,PASS_ALREADY_STAGED,True,,
F:\MEDSEG_SAFETTA\outputs\Q1_R10K2A_dinov2_image_mask_representation_lock_fix1_v1\R10K2A_state_metadata_no_labels.csv,outputs\Q1_R10K2A_dinov2_image_mask_representation_lock_fix1_v1\R10K2A_state_metadata_no_labels.csv,F:\MEDSEG_SAFETTA\release\SafeTTA_repro_release_candidate_v1\project_artifacts\outputs\Q1_R10K2A_dinov2_image_mask_representation_lock_fix1_v1\R10K2A_state_metadata_no_labels.csv,PASS_ALREADY_STAGED,True,,
F:\MEDSEG_SAFETTA\outputs\Q1_R10K2C_case_clustered_paired_bootstrap_fix1_v1\R10K2C_paired_macro_delta_ci.csv,outputs\Q1_R10K2C_case_clustered_paired_bootstrap_fix1_v1\R10K2C_paired_macro_delta_ci.csv,F:\MEDSEG_SAFETTA\release\SafeTTA_repro_release_candidate_v1\project_artifacts\outputs\Q1_R10K2C_case_clustered_paired_bootstrap_fix1_v1\R10K2C_paired_macro_delta_ci.csv,PASS_ALREADY_STAGED,True,,
F:\MEDSEG_SAFETTA\outputs\Q1_R10K2C_case_clustered_paired_bootstrap_fix1_v1\R10K2C_summary.json,outputs\Q1_R10K2C_case_clustered_paired_bootstrap_fix1_v1\R10K2C_summary.json,F:\MEDSEG_SAFETTA\release\SafeTTA_repro_release_candidate_v1\project_artifacts\outputs\Q1_R10K2C_case_clustered_paired_bootstrap_fix1_v1\R10K2C_summary.json,PASS_ALREADY_STAGED,True,,
F:\MEDSEG_SAFETTA\outputs\Q1_R10K2D_confirmed_method_freeze_fix1_v1\R10K2D_CONFIRMED_METHOD_LOCK.json,outputs\Q1_R10K2D_confirmed_method_freeze_fix1_v1\R10K2D_CONFIRMED_METHOD_LOCK.json,F:\MEDSEG_SAFETTA\release\SafeTTA_repro_release_candidate_v1\project_artifacts\outputs\Q1_R10K2D_confirmed_method_freeze_fix1_v1\R10K2D_CONFIRMED_METHOD_LOCK.json,PASS_ALREADY_STAGED,True,,
F:\MEDSEG_SAFETTA\outputs\Q1_R10K2D_confirmed_method_freeze_fix1_v1\R10K2D_paper_facing_freeze_summary.md,outputs\Q1_R10K2D_confirmed_method_freeze_fix1_v1\R10K2D_paper_facing_freeze_summary.md,F:\MEDSEG_SAFETTA\release\SafeTTA_repro_release_candidate_v1\project_artifacts\outputs\Q1_R10K2D_confirmed_method_freeze_fix1_v1\R10K2D_paper_facing_freeze_summary.md,PASS_ALREADY_STAGED,True,,
F:\MEDSEG_SAFETTA\outputs\Q1_R10L0_final_source_safety_estimator_lock_fix3_v1\R10L0_FINAL_SOURCE_ESTIMATOR_LOCK.json,outputs\Q1_R10L0_final_source_safety_estimator_lock_fix3_v1\R10L0_FINAL_SOURCE_ESTIMATOR_LOCK.json,F:\MEDSEG_SAFETTA\release\SafeTTA_repro_release_candidate_v1\project_artifacts\outputs\Q1_R10L0_final_source_safety_estimator_lock_fix3_v1\R10L0_FINAL_SOURCE_ESTIMATOR_LOCK.json,PASS_ALREADY_STAGED,True,,
F:\MEDSEG_SAFETTA\outputs\Q1_R10L0_final_source_safety_estimator_lock_fix3_v1\R10L0_frozen_operating_threshold.json,outputs\Q1_R10L0_final_source_safety_estimator_lock_fix3_v1\R10L0_frozen_operating_threshold.json,F:\MEDSEG_SAFETTA\release\SafeTTA_repro_release_candidate_v1\project_artifacts\outputs\Q1_R10L0_final_source_safety_estimator_lock_fix3_v1\R10L0_frozen_operating_threshold.json,PASS_ALREADY_STAGED,True,,
F:\MEDSEG_SAFETTA\outputs\Q1_R10L0_final_source_safety_estimator_lock_fix3_v1\R10L0_grouped_OOF_thresholds.csv,outputs\Q1_R10L0_final_source_safety_estimator_lock_fix3_v1\R10L0_grouped_OOF_thresholds.csv,F:\MEDSEG_SAFETTA\release\SafeTTA_repro_release_candidate_v1\project_artifacts\outputs\Q1_R10L0_final_source_safety_estimator_lock_fix3_v1\R10L0_grouped_OOF_thresholds.csv,PASS_ALREADY_STAGED,True,,
F:\MEDSEG_SAFETTA\outputs\Q1_R10L1B_polypgen_unique_static_manifest_lock_fix3_v1\R10L1B_MANIFEST_LOCK.json,outputs\Q1_R10L1B_polypgen_unique_static_manifest_lock_fix3_v1\R10L1B_MANIFEST_LOCK.json,F:\MEDSEG_SAFETTA\release\SafeTTA_repro_release_candidate_v1\project_artifacts\outputs\Q1_R10L1B_polypgen_unique_static_manifest_lock_fix3_v1\R10L1B_MANIFEST_LOCK.json,PASS_ALREADY_STAGED,True,,
F:\MEDSEG_SAFETTA\outputs\Q1_R10L1B_polypgen_unique_static_manifest_lock_fix3_v1\R10L1B_POLYPGEN_UNIQUE_STATIC_MANIFEST.csv,outputs\Q1_R10L1B_polypgen_unique_static_manifest_lock_fix3_v1\R10L1B_POLYPGEN_UNIQUE_STATIC_MANIFEST.csv,F:\MEDSEG_SAFETTA\release\SafeTTA_repro_release_candidate_v1\project_artifacts\outputs\Q1_R10L1B_polypgen_unique_static_manifest_lock_fix3_v1\R10L1B_POLYPGEN_UNIQUE_STATIC_MANIFEST.csv,PASS_ALREADY_STAGED,True,,
F:\MEDSEG_SAFETTA\outputs\Q1_R10L2B_authoritative_s01_source_training_overlap_lock_fix1_v1\R10L2B_INDEPENDENCE_GATE_LOCK.json,outputs\Q1_R10L2B_authoritative_s01_source_training_overlap_lock_fix1_v1\R10L2B_INDEPENDENCE_GATE_LOCK.json,F:\MEDSEG_SAFETTA\release\SafeTTA_repro_release_candidate_v1\project_artifacts\outputs\Q1_R10L2B_authoritative_s01_source_training_overlap_lock_fix1_v1\R10L2B_INDEPENDENCE_GATE_LOCK.json,PASS_ALREADY_STAGED,True,,
F:\MEDSEG_SAFETTA\outputs\Q1_R10L3A_polypgen_source_a1_prediction_lock_fix2_v1\model_case_prediction_manifest.csv,outputs\Q1_R10L3A_polypgen_source_a1_prediction_lock_fix2_v1\model_case_prediction_manifest.csv,F:\MEDSEG_SAFETTA\release\SafeTTA_repro_release_candidate_v1\project_artifacts\outputs\Q1_R10L3A_polypgen_source_a1_prediction_lock_fix2_v1\model_case_prediction_manifest.csv,PASS_ALREADY_STAGED,True,,
F:\MEDSEG_SAFETTA\outputs\Q1_R10L3A_polypgen_source_a1_prediction_lock_fix2_v1\R10L3A_POLYPGEN_SOURCE_A1_PREDICTION_LOCK.json,outputs\Q1_R10L3A_polypgen_source_a1_prediction_lock_fix2_v1\R10L3A_POLYPGEN_SOURCE_A1_PREDICTION_LOCK.json,F:\MEDSEG_SAFETTA\release\SafeTTA_repro_release_candidate_v1\project_artifacts\outputs\Q1_R10L3A_polypgen_source_a1_prediction_lock_fix2_v1\R10L3A_POLYPGEN_SOURCE_A1_PREDICTION_LOCK.json,PASS_ALREADY_STAGED,True,,
F:\MEDSEG_SAFETTA\outputs\Q1_R10L3B_polypgen_frozen_safety_score_lock_fix1_v1\R10L3B_FROZEN_POLYPGEN_SAFETY_SCORES.csv,outputs\Q1_R10L3B_polypgen_frozen_safety_score_lock_fix1_v1\R10L3B_FROZEN_POLYPGEN_SAFETY_SCORES.csv,F:\MEDSEG_SAFETTA\release\SafeTTA_repro_release_candidate_v1\project_artifacts\outputs\Q1_R10L3B_polypgen_frozen_safety_score_lock_fix1_v1\R10L3B_FROZEN_POLYPGEN_SAFETY_SCORES.csv,PASS_ALREADY_STAGED,True,,
F:\MEDSEG_SAFETTA\outputs\Q1_R10L3B_polypgen_frozen_safety_score_lock_fix1_v1\R10L3B_POLYPGEN_FROZEN_SAFETY_SCORE_LOCK.json,outputs\Q1_R10L3B_polypgen_frozen_safety_score_lock_fix1_v1\R10L3B_POLYPGEN_FROZEN_SAFETY_SCORE_LOCK.json,F:\MEDSEG_SAFETTA\release\SafeTTA_repro_release_candidate_v1\project_artifacts\outputs\Q1_R10L3B_polypgen_frozen_safety_score_lock_fix1_v1\R10L3B_POLYPGEN_FROZEN_SAFETY_SCORE_LOCK.json,PASS_ALREADY_STAGED,True,,
F:\MEDSEG_SAFETTA\outputs\Q1_R10L3C_polypgen_gt_reveal_prospective_external_evaluation_fix1_v1\R10L3C_clustered_bootstrap_ci.csv,outputs\Q1_R10L3C_polypgen_gt_reveal_prospective_external_evaluation_fix1_v1\R10L3C_clustered_bootstrap_ci.csv,F:\MEDSEG_SAFETTA\release\SafeTTA_repro_release_candidate_v1\project_artifacts\outputs\Q1_R10L3C_polypgen_gt_reveal_prospective_external_evaluation_fix1_v1\R10L3C_clustered_bootstrap_ci.csv,PASS_ALREADY_STAGED,True,,
F:\MEDSEG_SAFETTA\outputs\Q1_R10L3C_polypgen_gt_reveal_prospective_external_evaluation_fix1_v1\R10L3C_external_point_metrics.csv,outputs\Q1_R10L3C_polypgen_gt_reveal_prospective_external_evaluation_fix1_v1\R10L3C_external_point_metrics.csv,F:\MEDSEG_SAFETTA\release\SafeTTA_repro_release_candidate_v1\project_artifacts\outputs\Q1_R10L3C_polypgen_gt_reveal_prospective_external_evaluation_fix1_v1\R10L3C_external_point_metrics.csv,PASS_ALREADY_STAGED,True,,
F:\MEDSEG_SAFETTA\outputs\Q1_R10L3C_polypgen_gt_reveal_prospective_external_evaluation_fix1_v1\R10L3C_LOCKED_SCORE_GT_EVALUATION_PANEL.csv,outputs\Q1_R10L3C_polypgen_gt_reveal_prospective_external_evaluation_fix1_v1\R10L3C_LOCKED_SCORE_GT_EVALUATION_PANEL.csv,F:\MEDSEG_SAFETTA\release\SafeTTA_repro_release_candidate_v1\project_artifacts\outputs\Q1_R10L3C_polypgen_gt_reveal_prospective_external_evaluation_fix1_v1\R10L3C_LOCKED_SCORE_GT_EVALUATION_PANEL.csv,PASS_ALREADY_STAGED,True,,
F:\MEDSEG_SAFETTA\outputs\Q1_R14B4B_sunseg_selected_rgb_contamination_audit_fix3_v1\R14B4B_FIX3_FINAL_CONFIRMATORY_MANIFEST.csv,outputs\Q1_R14B4B_sunseg_selected_rgb_contamination_audit_fix3_v1\R14B4B_FIX3_FINAL_CONFIRMATORY_MANIFEST.csv,F:\MEDSEG_SAFETTA\release\SafeTTA_repro_release_candidate_v1\project_artifacts\outputs\Q1_R14B4B_sunseg_selected_rgb_contamination_audit_fix3_v1\R14B4B_FIX3_FINAL_CONFIRMATORY_MANIFEST.csv,PASS_ALREADY_STAGED,True,,
F:\MEDSEG_SAFETTA\outputs\Q1_R14C2B_sunseg_frozen_safety_score_lock_preGT_fix1_v1\R14C2B_FROZEN_SUNSEG_SAFETY_SCORES.csv,outputs\Q1_R14C2B_sunseg_frozen_safety_score_lock_preGT_fix1_v1\R14C2B_FROZEN_SUNSEG_SAFETY_SCORES.csv,F:\MEDSEG_SAFETTA\release\SafeTTA_repro_release_candidate_v1\project_artifacts\outputs\Q1_R14C2B_sunseg_frozen_safety_score_lock_preGT_fix1_v1\R14C2B_FROZEN_SUNSEG_SAFETY_SCORES.csv,PASS_ALREADY_STAGED,True,,
F:\MEDSEG_SAFETTA\outputs\Q1_R14C2B_sunseg_frozen_safety_score_lock_preGT_fix1_v1\R14C2B_SUNSEG_FROZEN_SAFETY_SCORE_LOCK.json,outputs\Q1_R14C2B_sunseg_frozen_safety_score_lock_preGT_fix1_v1\R14C2B_SUNSEG_FROZEN_SAFETY_SCORE_LOCK.json,F:\MEDSEG_SAFETTA\release\SafeTTA_repro_release_candidate_v1\project_artifacts\outputs\Q1_R14C2B_sunseg_frozen_safety_score_lock_preGT_fix1_v1\R14C2B_SUNSEG_FROZEN_SAFETY_SCORE_LOCK.json,PASS_ALREADY_STAGED,True,,
F:\MEDSEG_SAFETTA\outputs\Q1_R14C3A_sunseg_gt_reveal_outcome_lineage_preflight_fix1_v1\R14C3A_SUNSEG_GT_REVEAL_OUTCOME_LINEAGE_AUDIT.json,outputs\Q1_R14C3A_sunseg_gt_reveal_outcome_lineage_preflight_fix1_v1\R14C3A_SUNSEG_GT_REVEAL_OUTCOME_LINEAGE_AUDIT.json,F:\MEDSEG_SAFETTA\release\SafeTTA_repro_release_candidate_v1\project_artifacts\outputs\Q1_R14C3A_sunseg_gt_reveal_outcome_lineage_preflight_fix1_v1\R14C3A_SUNSEG_GT_REVEAL_OUTCOME_LINEAGE_AUDIT.json,PASS_ALREADY_STAGED,True,,
F:\MEDSEG_SAFETTA\outputs\Q1_R14C3B_sunseg_gt_reveal_dual_action_frozen_score_evaluation_fix1_v1\R14C3B_ACTION_SHIFT_MECHANISM_SUMMARY.json,outputs\Q1_R14C3B_sunseg_gt_reveal_dual_action_frozen_score_evaluation_fix1_v1\R14C3B_ACTION_SHIFT_MECHANISM_SUMMARY.json,F:\MEDSEG_SAFETTA\release\SafeTTA_repro_release_candidate_v1\project_artifacts\outputs\Q1_R14C3B_sunseg_gt_reveal_dual_action_frozen_score_evaluation_fix1_v1\R14C3B_ACTION_SHIFT_MECHANISM_SUMMARY.json,PASS_ALREADY_STAGED,True,,
F:\MEDSEG_SAFETTA\outputs\Q1_R14C3B_sunseg_gt_reveal_dual_action_frozen_score_evaluation_fix1_v1\R14C3B_DUAL_ACTION_FROZEN_SCORE_POINT_METRICS.csv,outputs\Q1_R14C3B_sunseg_gt_reveal_dual_action_frozen_score_evaluation_fix1_v1\R14C3B_DUAL_ACTION_FROZEN_SCORE_POINT_METRICS.csv,F:\MEDSEG_SAFETTA\release\SafeTTA_repro_release_candidate_v1\project_artifacts\outputs\Q1_R14C3B_sunseg_gt_reveal_dual_action_frozen_score_evaluation_fix1_v1\R14C3B_DUAL_ACTION_FROZEN_SCORE_POINT_METRICS.csv,PASS_ALREADY_STAGED,True,,
F:\MEDSEG_SAFETTA\outputs\Q1_R14C3B_sunseg_gt_reveal_dual_action_frozen_score_evaluation_fix1_v1\R14C3B_DUAL_ACTION_OUTCOME_SUMMARY.csv,outputs\Q1_R14C3B_sunseg_gt_reveal_dual_action_frozen_score_evaluation_fix1_v1\R14C3B_DUAL_ACTION_OUTCOME_SUMMARY.csv,F:\MEDSEG_SAFETTA\release\SafeTTA_repro_release_candidate_v1\project_artifacts\outputs\Q1_R14C3B_sunseg_gt_reveal_dual_action_frozen_score_evaluation_fix1_v1\R14C3B_DUAL_ACTION_OUTCOME_SUMMARY.csv,PASS_ALREADY_STAGED,True,,
F:\MEDSEG_SAFETTA\outputs\Q1_R14C3B_sunseg_gt_reveal_dual_action_frozen_score_evaluation_fix1_v1\R14C3B_FAMILY_ACTION_OUTCOME_SUMMARY.csv,outputs\Q1_R14C3B_sunseg_gt_reveal_dual_action_frozen_score_evaluation_fix1_v1\R14C3B_FAMILY_ACTION_OUTCOME_SUMMARY.csv,F:\MEDSEG_SAFETTA\release\SafeTTA_repro_release_candidate_v1\project_artifacts\outputs\Q1_R14C3B_sunseg_gt_reveal_dual_action_frozen_score_evaluation_fix1_v1\R14C3B_FAMILY_ACTION_OUTCOME_SUMMARY.csv,PASS_ALREADY_STAGED,True,,
F:\MEDSEG_SAFETTA\outputs\Q1_R14C3B_sunseg_gt_reveal_dual_action_frozen_score_evaluation_fix1_v1\R14C3B_LOCKED_SCORE_DUAL_ACTION_EVALUATION_PANEL.csv,outputs\Q1_R14C3B_sunseg_gt_reveal_dual_action_frozen_score_evaluation_fix1_v1\R14C3B_LOCKED_SCORE_DUAL_ACTION_EVALUATION_PANEL.csv,F:\MEDSEG_SAFETTA\release\SafeTTA_repro_release_candidate_v1\project_artifacts\outputs\Q1_R14C3B_sunseg_gt_reveal_dual_action_frozen_score_evaluation_fix1_v1\R14C3B_LOCKED_SCORE_DUAL_ACTION_EVALUATION_PANEL.csv,PASS_ALREADY_STAGED,True,,
F:\MEDSEG_SAFETTA\outputs\Q1_R14C3B_sunseg_gt_reveal_dual_action_frozen_score_evaluation_fix1_v1\R14C3B_PHYSICAL_CASE_BOOTSTRAP_CI.csv,outputs\Q1_R14C3B_sunseg_gt_reveal_dual_action_frozen_score_evaluation_fix1_v1\R14C3B_PHYSICAL_CASE_BOOTSTRAP_CI.csv,F:\MEDSEG_SAFETTA\release\SafeTTA_repro_release_candidate_v1\project_artifacts\outputs\Q1_R14C3B_sunseg_gt_reveal_dual_action_frozen_score_evaluation_fix1_v1\R14C3B_PHYSICAL_CASE_BOOTSTRAP_CI.csv,PASS_ALREADY_STAGED,True,,
F:\MEDSEG_SAFETTA\outputs\Q1_R14C3B_sunseg_gt_reveal_dual_action_frozen_score_evaluation_fix1_v1\R14C3B_SUNSEG_DUAL_ACTION_FROZEN_SCORE_EVALUATION_LOCK.json,outputs\Q1_R14C3B_sunseg_gt_reveal_dual_action_frozen_score_evaluation_fix1_v1\R14C3B_SUNSEG_DUAL_ACTION_FROZEN_SCORE_EVALUATION_LOCK.json,F:\MEDSEG_SAFETTA\release\SafeTTA_repro_release_candidate_v1\project_artifacts\outputs\Q1_R14C3B_sunseg_gt_reveal_dual_action_frozen_score_evaluation_fix1_v1\R14C3B_SUNSEG_DUAL_ACTION_FROZEN_SCORE_EVALUATION_LOCK.json,PASS_ALREADY_STAGED,True,,
F:\MEDSEG_SAFETTA\outputs\Q1_R14C3C_sunseg_confirmatory_result_audit_and_claim_freeze_fix1_v1\R14C3C_PAPER_READY_INTERPRETATION.md,outputs\Q1_R14C3C_sunseg_confirmatory_result_audit_and_claim_freeze_fix1_v1\R14C3C_PAPER_READY_INTERPRETATION.md,F:\MEDSEG_SAFETTA\release\SafeTTA_repro_release_candidate_v1\project_artifacts\outputs\Q1_R14C3C_sunseg_confirmatory_result_audit_and_claim_freeze_fix1_v1\R14C3C_PAPER_READY_INTERPRETATION.md,PASS_COPIED_SMALL_DEPENDENCY,True,COPIED,
F:\MEDSEG_SAFETTA\outputs\Q1_R15A0_prediction_conditioned_core_ablation_LOMO_fix1_v1\R15A0_all_8method_target_predictions.csv,outputs\Q1_R15A0_prediction_conditioned_core_ablation_LOMO_fix1_v1\R15A0_all_8method_target_predictions.csv,,PASS_EXTERNALIZED_REQUIRED,,,"{'ok': True, 'sha_ok': True, 'size_ok': True, 'intended_relpath': 'project_artifacts\\outputs\\Q1_R15A0_prediction_conditioned_core_ablation_LOMO_fix1_v1\\R15A0_all_8method_target_predictions.csv'}"
F:\MEDSEG_SAFETTA\outputs\Q1_R15A0_prediction_conditioned_core_ablation_LOMO_fix1_v1\R15A0_CORE_ABLATION_LOCK.json,outputs\Q1_R15A0_prediction_conditioned_core_ablation_LOMO_fix1_v1\R15A0_CORE_ABLATION_LOCK.json,F:\MEDSEG_SAFETTA\release\SafeTTA_repro_release_candidate_v1\project_artifacts\outputs\Q1_R15A0_prediction_conditioned_core_ablation_LOMO_fix1_v1\R15A0_CORE_ABLATION_LOCK.json,PASS_ALREADY_STAGED,True,,
F:\MEDSEG_SAFETTA\outputs\Q1_R15A0_prediction_conditioned_core_ablation_LOMO_fix1_v1\R15A0_macro_summary.csv,outputs\Q1_R15A0_prediction_conditioned_core_ablation_LOMO_fix1_v1\R15A0_macro_summary.csv,F:\MEDSEG_SAFETTA\release\SafeTTA_repro_release_candidate_v1\project_artifacts\outputs\Q1_R15A0_prediction_conditioned_core_ablation_LOMO_fix1_v1\R15A0_macro_summary.csv,PASS_ALREADY_STAGED,True,,
F:\MEDSEG_SAFETTA\outputs\Q1_R15A1_core_ablation_case_clustered_paired_bootstrap_fix2_v1\R15A1_CORE_ABLATION_PAIRED_BOOTSTRAP_LOCK.json,outputs\Q1_R15A1_core_ablation_case_clustered_paired_bootstrap_fix2_v1\R15A1_CORE_ABLATION_PAIRED_BOOTSTRAP_LOCK.json,F:\MEDSEG_SAFETTA\release\SafeTTA_repro_release_candidate_v1\project_artifacts\outputs\Q1_R15A1_core_ablation_case_clustered_paired_bootstrap_fix2_v1\R15A1_CORE_ABLATION_PAIRED_BOOTSTRAP_LOCK.json,PASS_ALREADY_STAGED,True,,
F:\MEDSEG_SAFETTA\outputs\Q1_R15A1_core_ablation_case_clustered_paired_bootstrap_fix2_v1\R15A1_family_component_delta_ci.csv,outputs\Q1_R15A1_core_ablation_case_clustered_paired_bootstrap_fix2_v1\R15A1_family_component_delta_ci.csv,F:\MEDSEG_SAFETTA\release\SafeTTA_repro_release_candidate_v1\project_artifacts\outputs\Q1_R15A1_core_ablation_case_clustered_paired_bootstrap_fix2_v1\R15A1_family_component_delta_ci.csv,PASS_ALREADY_STAGED,True,,
F:\MEDSEG_SAFETTA\outputs\Q1_R15A1_core_ablation_case_clustered_paired_bootstrap_fix2_v1\R15A1_macro_bootstrap_ci.csv,outputs\Q1_R15A1_core_ablation_case_clustered_paired_bootstrap_fix2_v1\R15A1_macro_bootstrap_ci.csv,F:\MEDSEG_SAFETTA\release\SafeTTA_repro_release_candidate_v1\project_artifacts\outputs\Q1_R15A1_core_ablation_case_clustered_paired_bootstrap_fix2_v1\R15A1_macro_bootstrap_ci.csv,PASS_ALREADY_STAGED,True,,
F:\MEDSEG_SAFETTA\outputs\Q1_R15A1_core_ablation_case_clustered_paired_bootstrap_fix2_v1\R15A1_paired_macro_component_delta_ci.csv,outputs\Q1_R15A1_core_ablation_case_clustered_paired_bootstrap_fix2_v1\R15A1_paired_macro_component_delta_ci.csv,F:\MEDSEG_SAFETTA\release\SafeTTA_repro_release_candidate_v1\project_artifacts\outputs\Q1_R15A1_core_ablation_case_clustered_paired_bootstrap_fix2_v1\R15A1_paired_macro_component_delta_ci.csv,PASS_ALREADY_STAGED,True,,
F:\MEDSEG_SAFETTA\outputs\Q1_R15A1_core_ablation_case_clustered_paired_bootstrap_fix2_v1\R15A1_point_estimates_by_family.csv,outputs\Q1_R15A1_core_ablation_case_clustered_paired_bootstrap_fix2_v1\R15A1_point_estimates_by_family.csv,F:\MEDSEG_SAFETTA\release\SafeTTA_repro_release_candidate_v1\project_artifacts\outputs\Q1_R15A1_core_ablation_case_clustered_paired_bootstrap_fix2_v1\R15A1_point_estimates_by_family.csv,PASS_ALREADY_STAGED,True,,
F:\MEDSEG_SAFETTA\outputs\Q1_R15A1_core_ablation_case_clustered_paired_bootstrap_fix2_v1\R15A1_point_estimates_macro.csv,outputs\Q1_R15A1_core_ablation_case_clustered_paired_bootstrap_fix2_v1\R15A1_point_estimates_macro.csv,F:\MEDSEG_SAFETTA\release\SafeTTA_repro_release_candidate_v1\project_artifacts\outputs\Q1_R15A1_core_ablation_case_clustered_paired_bootstrap_fix2_v1\R15A1_point_estimates_macro.csv,PASS_ALREADY_STAGED,True,,
F:\MEDSEG_SAFETTA\outputs\Q1_R15B0_selective_adaptation_external_utility_preflight_fix1_v1\R15B0_SELECTIVE_ADAPTATION_UTILITY_INPUT_LOCK.json,outputs\Q1_R15B0_selective_adaptation_external_utility_preflight_fix1_v1\R15B0_SELECTIVE_ADAPTATION_UTILITY_INPUT_LOCK.json,F:\MEDSEG_SAFETTA\release\SafeTTA_repro_release_candidate_v1\project_artifacts\outputs\Q1_R15B0_selective_adaptation_external_utility_preflight_fix1_v1\R15B0_SELECTIVE_ADAPTATION_UTILITY_INPUT_LOCK.json,PASS_ALREADY_STAGED,True,,
F:\MEDSEG_SAFETTA\outputs\Q1_R15B1_selective_adaptation_risk_coverage_utility_fix1_v1\R15B1_frozen_threshold_cluster_bootstrap_ci.csv,outputs\Q1_R15B1_selective_adaptation_risk_coverage_utility_fix1_v1\R15B1_frozen_threshold_cluster_bootstrap_ci.csv,F:\MEDSEG_SAFETTA\release\SafeTTA_repro_release_candidate_v1\project_artifacts\outputs\Q1_R15B1_selective_adaptation_risk_coverage_utility_fix1_v1\R15B1_frozen_threshold_cluster_bootstrap_ci.csv,PASS_ALREADY_STAGED,True,,
F:\MEDSEG_SAFETTA\outputs\Q1_R15B1_selective_adaptation_risk_coverage_utility_fix1_v1\R15B1_frozen_threshold_vs_random_cluster_bootstrap_delta_ci.csv,outputs\Q1_R15B1_selective_adaptation_risk_coverage_utility_fix1_v1\R15B1_frozen_threshold_vs_random_cluster_bootstrap_delta_ci.csv,F:\MEDSEG_SAFETTA\release\SafeTTA_repro_release_candidate_v1\project_artifacts\outputs\Q1_R15B1_selective_adaptation_risk_coverage_utility_fix1_v1\R15B1_frozen_threshold_vs_random_cluster_bootstrap_delta_ci.csv,PASS_ALREADY_STAGED,True,,
F:\MEDSEG_SAFETTA\outputs\Q1_R15B1_selective_adaptation_risk_coverage_utility_fix1_v1\R15B1_frozen_threshold_vs_random_point_delta.csv,outputs\Q1_R15B1_selective_adaptation_risk_coverage_utility_fix1_v1\R15B1_frozen_threshold_vs_random_point_delta.csv,F:\MEDSEG_SAFETTA\release\SafeTTA_repro_release_candidate_v1\project_artifacts\outputs\Q1_R15B1_selective_adaptation_risk_coverage_utility_fix1_v1\R15B1_frozen_threshold_vs_random_point_delta.csv,PASS_ALREADY_STAGED,True,,
F:\MEDSEG_SAFETTA\outputs\Q1_R15B1_selective_adaptation_risk_coverage_utility_fix1_v1\R15B1_SELECTIVE_ADAPTATION_UTILITY_LOCK.json,outputs\Q1_R15B1_selective_adaptation_risk_coverage_utility_fix1_v1\R15B1_SELECTIVE_ADAPTATION_UTILITY_LOCK.json,F:\MEDSEG_SAFETTA\release\SafeTTA_repro_release_candidate_v1\project_artifacts\outputs\Q1_R15B1_selective_adaptation_risk_coverage_utility_fix1_v1\R15B1_SELECTIVE_ADAPTATION_UTILITY_LOCK.json,PASS_ALREADY_STAGED,True,,
F:\MEDSEG_SAFETTA\outputs\Q1_R15B1_selective_adaptation_risk_coverage_utility_fix1_v1\R15B1_selective_utility_cluster_bootstrap_ci.csv,outputs\Q1_R15B1_selective_adaptation_risk_coverage_utility_fix1_v1\R15B1_selective_utility_cluster_bootstrap_ci.csv,F:\MEDSEG_SAFETTA\release\SafeTTA_repro_release_candidate_v1\project_artifacts\outputs\Q1_R15B1_selective_adaptation_risk_coverage_utility_fix1_v1\R15B1_selective_utility_cluster_bootstrap_ci.csv,PASS_ALREADY_STAGED,True,,
F:\MEDSEG_SAFETTA\outputs\Q1_R15B1_selective_adaptation_risk_coverage_utility_fix1_v1\R15B1_selective_utility_point_curve.csv,outputs\Q1_R15B1_selective_adaptation_risk_coverage_utility_fix1_v1\R15B1_selective_utility_point_curve.csv,F:\MEDSEG_SAFETTA\release\SafeTTA_repro_release_candidate_v1\project_artifacts\outputs\Q1_R15B1_selective_adaptation_risk_coverage_utility_fix1_v1\R15B1_selective_utility_point_curve.csv,PASS_ALREADY_STAGED,True,,
F:\MEDSEG_SAFETTA\outputs\Q1_R15B1_selective_adaptation_risk_coverage_utility_fix1_v1\R15B1_selective_vs_random_cluster_bootstrap_delta_ci.csv,outputs\Q1_R15B1_selective_adaptation_risk_coverage_utility_fix1_v1\R15B1_selective_vs_random_cluster_bootstrap_delta_ci.csv,F:\MEDSEG_SAFETTA\release\SafeTTA_repro_release_candidate_v1\project_artifacts\outputs\Q1_R15B1_selective_adaptation_risk_coverage_utility_fix1_v1\R15B1_selective_vs_random_cluster_bootstrap_delta_ci.csv,PASS_ALREADY_STAGED,True,,
F:\MEDSEG_SAFETTA\outputs\Q1_R15B1_selective_adaptation_risk_coverage_utility_fix1_v1\R15B1_selective_vs_random_point_delta.csv,outputs\Q1_R15B1_selective_adaptation_risk_coverage_utility_fix1_v1\R15B1_selective_vs_random_point_delta.csv,F:\MEDSEG_SAFETTA\release\SafeTTA_repro_release_candidate_v1\project_artifacts\outputs\Q1_R15B1_selective_adaptation_risk_coverage_utility_fix1_v1\R15B1_selective_vs_random_point_delta.csv,PASS_ALREADY_STAGED,True,,
F:\MEDSEG_SAFETTA\outputs\Q1_R15D1_runtime_computational_overhead_benchmark_fix1_v1\R15D1_total_safety_overhead.csv,outputs\Q1_R15D1_runtime_computational_overhead_benchmark_fix1_v1\R15D1_total_safety_overhead.csv,F:\MEDSEG_SAFETTA\release\SafeTTA_repro_release_candidate_v1\project_artifacts\outputs\Q1_R15D1_runtime_computational_overhead_benchmark_fix1_v1\R15D1_total_safety_overhead.csv,PASS_ALREADY_STAGED,True,,
F:\MEDSEG_SAFETTA\outputs\Q1_R15E0_final_experiment_evidence_synthesis_fix1_v1\Table_R15A_core_ablation.csv,outputs\Q1_R15E0_final_experiment_evidence_synthesis_fix1_v1\Table_R15A_core_ablation.csv,F:\MEDSEG_SAFETTA\release\SafeTTA_repro_release_candidate_v1\project_artifacts\outputs\Q1_R15E0_final_experiment_evidence_synthesis_fix1_v1\Table_R15A_core_ablation.csv,PASS_COPIED_SMALL_DEPENDENCY,True,COPIED,
F:\MEDSEG_SAFETTA\outputs\Q1_R15E0_final_experiment_evidence_synthesis_fix1_v1\Table_R15B_selective_utility.csv,outputs\Q1_R15E0_final_experiment_evidence_synthesis_fix1_v1\Table_R15B_selective_utility.csv,F:\MEDSEG_SAFETTA\release\SafeTTA_repro_release_candidate_v1\project_artifacts\outputs\Q1_R15E0_final_experiment_evidence_synthesis_fix1_v1\Table_R15B_selective_utility.csv,PASS_COPIED_SMALL_DEPENDENCY,True,COPIED,
F:\MEDSEG_SAFETTA\outputs\Q1_R15E0_final_experiment_evidence_synthesis_fix1_v1\Table_R15D_runtime_overhead.csv,outputs\Q1_R15E0_final_experiment_evidence_synthesis_fix1_v1\Table_R15D_runtime_overhead.csv,F:\MEDSEG_SAFETTA\release\SafeTTA_repro_release_candidate_v1\project_artifacts\outputs\Q1_R15E0_final_experiment_evidence_synthesis_fix1_v1\Table_R15D_runtime_overhead.csv,PASS_COPIED_SMALL_DEPENDENCY,True,COPIED,
F:\MEDSEG_SAFETTA\outputs\Q1_R15E0_final_experiment_evidence_synthesis_fix2_v1\Table_R15A_core_ablation.csv,outputs\Q1_R15E0_final_experiment_evidence_synthesis_fix2_v1\Table_R15A_core_ablation.csv,F:\MEDSEG_SAFETTA\release\SafeTTA_repro_release_candidate_v1\project_artifacts\outputs\Q1_R15E0_final_experiment_evidence_synthesis_fix2_v1\Table_R15A_core_ablation.csv,PASS_COPIED_SMALL_DEPENDENCY,True,COPIED,
F:\MEDSEG_SAFETTA\outputs\Q1_R15E0_final_experiment_evidence_synthesis_fix2_v1\Table_R15B_selective_utility.csv,outputs\Q1_R15E0_final_experiment_evidence_synthesis_fix2_v1\Table_R15B_selective_utility.csv,F:\MEDSEG_SAFETTA\release\SafeTTA_repro_release_candidate_v1\project_artifacts\outputs\Q1_R15E0_final_experiment_evidence_synthesis_fix2_v1\Table_R15B_selective_utility.csv,PASS_COPIED_SMALL_DEPENDENCY,True,COPIED,
F:\MEDSEG_SAFETTA\outputs\Q1_SAFETTA_exact_repro_numeric_provenance_v1\PAPER_CHAIN_RESOLVED_V3.json,outputs\Q1_SAFETTA_exact_repro_numeric_provenance_v1\PAPER_CHAIN_RESOLVED_V3.json,F:\MEDSEG_SAFETTA\release\SafeTTA_repro_release_candidate_v1\project_artifacts\outputs\Q1_SAFETTA_exact_repro_numeric_provenance_v1\PAPER_CHAIN_RESOLVED_V3.json,PASS_COPIED_SMALL_DEPENDENCY,True,COPIED,
F:\MEDSEG_SAFETTA\outputs\Q1_SAFETTA_harm_margin_sensitivity_v1\harm_margin_sensitivity_ranked.csv,outputs\Q1_SAFETTA_harm_margin_sensitivity_v1\harm_margin_sensitivity_ranked.csv,F:\MEDSEG_SAFETTA\release\SafeTTA_repro_release_candidate_v1\project_artifacts\outputs\Q1_SAFETTA_harm_margin_sensitivity_v1\harm_margin_sensitivity_ranked.csv,PASS_ALREADY_STAGED,True,,
F:\MEDSEG_SAFETTA\outputs\Q1_SAFETTA_numeric_provenance_canonical_v3\canonical_numeric_anchor_provenance.json,outputs\Q1_SAFETTA_numeric_provenance_canonical_v3\canonical_numeric_anchor_provenance.json,F:\MEDSEG_SAFETTA\release\SafeTTA_repro_release_candidate_v1\project_artifacts\outputs\Q1_SAFETTA_numeric_provenance_canonical_v3\canonical_numeric_anchor_provenance.json,PASS_COPIED_SMALL_DEPENDENCY,True,COPIED,
F:\MEDSEG_SAFETTA\outputs\Q1_SAFETTA_repro_chain_resolver_v2\all_code_sha256.csv,outputs\Q1_SAFETTA_repro_chain_resolver_v2\all_code_sha256.csv,F:\MEDSEG_SAFETTA\release\SafeTTA_repro_release_candidate_v1\project_artifacts\outputs\Q1_SAFETTA_repro_chain_resolver_v2\all_code_sha256.csv,PASS_COPIED_SMALL_DEPENDENCY,True,COPIED,
F:\MEDSEG_SAFETTA\outputs\Q1_SAFETTA_repro_inventory_v1\repro_inventory.csv,outputs\Q1_SAFETTA_repro_inventory_v1\repro_inventory.csv,F:\MEDSEG_SAFETTA\release\SafeTTA_repro_release_candidate_v1\project_artifacts\outputs\Q1_SAFETTA_repro_inventory_v1\repro_inventory.csv,PASS_COPIED_SMALL_DEPENDENCY,True,COPIED,
F:\MEDSEG_SAFETTA\outputs\Q1X_CM4B_mri_source_prediction_conditioned_safety_grouped_oof_fix1_v1\CM4B_SOURCE_SAFETY_OOF_SCORES.csv,outputs\Q1X_CM4B_mri_source_prediction_conditioned_safety_grouped_oof_fix1_v1\CM4B_SOURCE_SAFETY_OOF_SCORES.csv,F:\MEDSEG_SAFETTA\release\SafeTTA_repro_release_candidate_v1\project_artifacts\outputs\Q1X_CM4B_mri_source_prediction_conditioned_safety_grouped_oof_fix1_v1\CM4B_SOURCE_SAFETY_OOF_SCORES.csv,PASS_ALREADY_STAGED,True,,
F:\MEDSEG_SAFETTA\outputs\Q1X_CM5A_promise12_gt_free_prediction_tent1_safety_scoring_lock_fix1_v1\CM5A_PROMISE12_GT_FREE_PREDICTION_SAFETY_LOCK.json,outputs\Q1X_CM5A_promise12_gt_free_prediction_tent1_safety_scoring_lock_fix1_v1\CM5A_PROMISE12_GT_FREE_PREDICTION_SAFETY_LOCK.json,F:\MEDSEG_SAFETTA\release\SafeTTA_repro_release_candidate_v1\project_artifacts\outputs\Q1X_CM5A_promise12_gt_free_prediction_tent1_safety_scoring_lock_fix1_v1\CM5A_PROMISE12_GT_FREE_PREDICTION_SAFETY_LOCK.json,PASS_ALREADY_STAGED,True,,
F:\MEDSEG_SAFETTA\outputs\Q1X_CM5B_unlabeled_support_aware_operating_point_transport_lock_fix2_v1\CM5B_UNLABELED_OPERATING_POINT_TRANSPORT_LOCK.json,outputs\Q1X_CM5B_unlabeled_support_aware_operating_point_transport_lock_fix2_v1\CM5B_UNLABELED_OPERATING_POINT_TRANSPORT_LOCK.json,F:\MEDSEG_SAFETTA\release\SafeTTA_repro_release_candidate_v1\project_artifacts\outputs\Q1X_CM5B_unlabeled_support_aware_operating_point_transport_lock_fix2_v1\CM5B_UNLABELED_OPERATING_POINT_TRANSPORT_LOCK.json,PASS_ALREADY_STAGED,True,,
F:\MEDSEG_SAFETTA\outputs\Q1X_CM6_promise12_gt_reveal_locked_policy_evaluation_fix1_v1\CM6_LOCKED_POLICY_EVALUATION.csv,outputs\Q1X_CM6_promise12_gt_reveal_locked_policy_evaluation_fix1_v1\CM6_LOCKED_POLICY_EVALUATION.csv,F:\MEDSEG_SAFETTA\release\SafeTTA_repro_release_candidate_v1\project_artifacts\outputs\Q1X_CM6_promise12_gt_reveal_locked_policy_evaluation_fix1_v1\CM6_LOCKED_POLICY_EVALUATION.csv,PASS_ALREADY_STAGED,True,,
F:\MEDSEG_SAFETTA\outputs\Q1X_CM6_promise12_gt_reveal_locked_policy_evaluation_fix1_v1\CM6_MACRO_FAMILY_AUROC_PATIENT_BOOTSTRAP.json,outputs\Q1X_CM6_promise12_gt_reveal_locked_policy_evaluation_fix1_v1\CM6_MACRO_FAMILY_AUROC_PATIENT_BOOTSTRAP.json,F:\MEDSEG_SAFETTA\release\SafeTTA_repro_release_candidate_v1\project_artifacts\outputs\Q1X_CM6_promise12_gt_reveal_locked_policy_evaluation_fix1_v1\CM6_MACRO_FAMILY_AUROC_PATIENT_BOOTSTRAP.json,PASS_ALREADY_STAGED,True,,
F:\MEDSEG_SAFETTA\outputs\Q1X_CM6_promise12_gt_reveal_locked_policy_evaluation_fix1_v1\CM6_TARGET_HARM_RANKING.csv,outputs\Q1X_CM6_promise12_gt_reveal_locked_policy_evaluation_fix1_v1\CM6_TARGET_HARM_RANKING.csv,F:\MEDSEG_SAFETTA\release\SafeTTA_repro_release_candidate_v1\project_artifacts\outputs\Q1X_CM6_promise12_gt_reveal_locked_policy_evaluation_fix1_v1\CM6_TARGET_HARM_RANKING.csv,PASS_ALREADY_STAGED,True,,
F:\MEDSEG_SAFETTA\outputs\Q1X_CM7A_promise12_external_ranking_baseline_audit_fix2_v1\CM7A_PROMISE12_EXTERNAL_RANKING_BASELINE_AUDIT_LOCK.json,outputs\Q1X_CM7A_promise12_external_ranking_baseline_audit_fix2_v1\CM7A_PROMISE12_EXTERNAL_RANKING_BASELINE_AUDIT_LOCK.json,F:\MEDSEG_SAFETTA\release\SafeTTA_repro_release_candidate_v1\project_artifacts\outputs\Q1X_CM7A_promise12_external_ranking_baseline_audit_fix2_v1\CM7A_PROMISE12_EXTERNAL_RANKING_BASELINE_AUDIT_LOCK.json,PASS_ALREADY_STAGED,True,,
F:\MEDSEG_SAFETTA\outputs\Q1X_CM7B_promise12_matched_coverage_utility_audit_fix1_v1\CM7B_FULL_TARGET_MATCHED_RANDOMIZATION_SUMMARY.csv,outputs\Q1X_CM7B_promise12_matched_coverage_utility_audit_fix1_v1\CM7B_FULL_TARGET_MATCHED_RANDOMIZATION_SUMMARY.csv,F:\MEDSEG_SAFETTA\release\SafeTTA_repro_release_candidate_v1\project_artifacts\outputs\Q1X_CM7B_promise12_matched_coverage_utility_audit_fix1_v1\CM7B_FULL_TARGET_MATCHED_RANDOMIZATION_SUMMARY.csv,PASS_ALREADY_STAGED,True,,
F:\MEDSEG_SAFETTA\outputs\Q1X_CM7B_promise12_matched_coverage_utility_audit_fix1_v1\CM7B_PAIRED_PATIENT_BOOTSTRAP_SUMMARY.csv,outputs\Q1X_CM7B_promise12_matched_coverage_utility_audit_fix1_v1\CM7B_PAIRED_PATIENT_BOOTSTRAP_SUMMARY.csv,F:\MEDSEG_SAFETTA\release\SafeTTA_repro_release_candidate_v1\project_artifacts\outputs\Q1X_CM7B_promise12_matched_coverage_utility_audit_fix1_v1\CM7B_PAIRED_PATIENT_BOOTSTRAP_SUMMARY.csv,PASS_ALREADY_STAGED,True,,
F:\MEDSEG_SAFETTA\outputs\Q1X_CM7B_promise12_matched_coverage_utility_audit_fix1_v1\CM7B_POINT_UTILITY_SUMMARY.json,outputs\Q1X_CM7B_promise12_matched_coverage_utility_audit_fix1_v1\CM7B_POINT_UTILITY_SUMMARY.json,F:\MEDSEG_SAFETTA\release\SafeTTA_repro_release_candidate_v1\project_artifacts\outputs\Q1X_CM7B_promise12_matched_coverage_utility_audit_fix1_v1\CM7B_POINT_UTILITY_SUMMARY.json,PASS_ALREADY_STAGED,True,,
F:\MEDSEG_SAFETTA\outputs\Q1X_CM7B_promise12_matched_coverage_utility_audit_fix1_v1\CM7B_PROMISE12_MATCHED_COVERAGE_UTILITY_AUDIT_LOCK.json,outputs\Q1X_CM7B_promise12_matched_coverage_utility_audit_fix1_v1\CM7B_PROMISE12_MATCHED_COVERAGE_UTILITY_AUDIT_LOCK.json,F:\MEDSEG_SAFETTA\release\SafeTTA_repro_release_candidate_v1\project_artifacts\outputs\Q1X_CM7B_promise12_matched_coverage_utility_audit_fix1_v1\CM7B_PROMISE12_MATCHED_COVERAGE_UTILITY_AUDIT_LOCK.json,PASS_ALREADY_STAGED,True,,
